object_id;category_name;normalized_name;display_name;base_name;modifier;sort_priority;instruction_id;cleaning_method;instruction_number;product_name;cleaning_technique;concentration;temperature;exposure_time;inventory;frequency;executor;control_method
1;Поверхности;бактерицидные лампы;бактерицидные лампы;бактерицидные лампы;;40;1;мойка;;ХИМИТЕК УНИВЕРСАЛ-ПД-Н;ручной (протирание);3,0 % – 4,0 %, дозирующая система ProMax;не ниже 40°C;;промаркированный;1 раз в месяц;сотрудник инженерной службы;визуальный контроль/технолог
1;Поверхности;бактерицидные лампы;бактерицидные лампы;бактерицидные лампы;;40;2;дезинфекция;;ХИМИТЕК ПОЛИДЕЗ®-СУПЕР;ручной (протирание);0,02 % – 0,05 % (по НУК), дозирующая система ProMax;18-20 °C;20 мин;промаркированный;1 раз в месяц;сотрудник инженерной службы;визуальный контроль/технолог
2;Поверхности;бойлера;бойлер;бойлер;;70;3;мойка;;ХИМИТЕК ЧУДОДЕЙ®-КОМБИ-ПЕНАКТИВ;ручной (протирание);2,0 % – 3,0 % дозирующая система ProMax;18-20 °C;;промаркированный;1 раз в месяц;сотрудник внутреннего клининга;визуальный контроль/сотрудник отдела качества
2;Поверхности;бойлера;бойлер;бойлер;;70;4;дезинфекция;;ХИМИТЕК ПОЛИДЕЗ®-СУПЕР;ручной (протирание);0,02 % – 0,05 % (по НУК), дозирующая система ProMax;18-20 °C;20 мин;промаркированный;1 раз в месяц;сотрудник внутреннего клининга;визуальный контроль/сотрудник отдела качества
3;Поверхности;вентиляторы;вентилятор;вентилятор;;80;5;мойка;;ХИМИТЕК ЧУДОДЕЙ®-КОМБИ-ПЕНАКТИВ;ручной (протирание, обработка щёткой);2,0 % – 3,0 % дозирующая система ProMax;18-20 °C;;промаркированный;1 раз в месяц;сотрудник внутреннего клининга;визуальный контроль/сотрудник отдела качества
3;Поверхности;вентиляторы;вентилятор;вентилятор;;80;6;дезинфекция;;ХИМИТЕК ПОЛИДЕЗ®-СУПЕР;ручной (протирание);0,02 % – 0,05 % (по НУК), дозирующая система ProMax;18-20 °C;20 мин;промаркированный;1 раз в месяц;сотрудник внутреннего клининга;визуальный контроль/сотрудник отдела качества
4;Поверхности;вентиляционные трубы;вентиляционные трубы;вентиляционные трубы;;30;7;мойка;;ХИМИТЕК ЧУДОДЕЙ®-КОМБИ-ПЕНАКТИВ;ручной (протирание, обработка щёткой);2,0 % – 3,0 % дозирующая система ProMax;18-20 °C;;промаркированный;1 раз в 3 месяца;сотрудник внутреннего клининга;визуальный контроль/сотрудник отдела качества
4;Поверхности;вентиляционные трубы;вентиляционные трубы;вентиляционные трубы;;30;8;дезинфекция;;ХИМИТЕК ПОЛИДЕЗ®-СУПЕР;ручной (протирание);0,02 % – 0,05 % (по НУК), дозирующая система ProMax;18-20 °C;20 мин;промаркированный;1 раз в 6 месяцев;сотрудник внутреннего клининга;визуальный контроль/сотрудник отдела качества
5;Поверхности;водопроводные трубы;водопроводные трубы;водопроводные трубы;;60;9;мойка;;ХИМИТЕК ЧУДОДЕЙ®-КОМБИ-ПЕНАКТИВ;ручной (протирание, обработка щёткой);2,0 % – 3,0 % дозирующая система ProMax;18-20 °C;;промаркированный;1 раз в месяц;сотрудник внутреннего клининга;визуальный контроль/сотрудник отдела качества
5;Поверхности;водопроводные трубы;водопроводные трубы;водопроводные трубы;;60;10;дезинфекция;;ХИМИТЕК ПОЛИДЕЗ®-СУПЕР;ручной (протирание);0,02 % – 0,05 % (по НУК), дозирующая система ProMax;18-20 °C;20 мин;промаркированный;1 раз в месяц;сотрудник внутреннего клининга;визуальный контроль/сотрудник отдела качества
6;Поверхности;воротароллета;ворота/роллета;ворота/роллета;;90;11;мойка;;ХИМИТЕК ЧУДОДЕЙ®-КОМБИ-ПЕНАКТИВ;ручной (протирание, обработка щёткой);2,0 % – 3,0 % дозирующая система ProMax;18-20 °C;;промаркированный;1 раз в месяц;сотрудник внутреннего клининга;визуальный контроль/сотрудник отдела качества
6;Поверхности;воротароллета;ворота/роллета;ворота/роллета;;90;12;дезинфекция;;ХИМИТЕК ПОЛИДЕЗ®-СУПЕР;ручной (протирание);0,02 % – 0,05 % (по НУК), дозирующая система ProMax;18-20 °C;20 мин;промаркированный;1 раз в месяц;сотрудник внутреннего клининга;визуальный контроль/сотрудник отдела качества
7;Поверхности;выключатели;выключатели;выключатели;;65;13;мойка;;ХИМИТЕК УНИВЕРСАЛ-ПД-Н;ручной (протирание, обработка щёткой);3,0 % – 4,0 %, дозирующая система ProMax;не ниже 40°C;;промаркированный;1 раз в месяц;сотрудник внутреннего клининга;визуальный контроль/сотрудник отдела качества
7;Поверхности;выключатели;выключатели;выключатели;;65;14;дезинфекция;;ХИМИТЕК ПОЛИДЕЗ®-СУПЕР;ручной (протирание);0,02 % – 0,05 % (по НУК), дозирующая система ProMax;18-20 °C;20 мин;промаркированный;1 раз в месяц;сотрудник внутреннего клининга;визуальный контроль/сотрудник отдела качества
8;Поверхности;вытяжные зонты а;вытяжные зонты алюминиевые;вытяжные зонты;А;25;15;мойка;;ХИМИТЕК УНИВЕРСАЛ-ПД-Н;ручной (протирание);3,0 % – 4,0 %, дозирующая система ProMax;не ниже 40°C;;промаркированный;1 раз в месяц;сотрудник внутреннего клининга;визуальный контроль/сотрудник отдела качества
8;Поверхности;вытяжные зонты а;вытяжные зонты алюминиевые;вытяжные зонты;А;25;16;дезинфекция;;ХИМИТЕК ПОЛИДЕЗ®-СУПЕР;ручной (протирание);0,02 % – 0,05 % (по НУК), дозирующая система ProMax;18-20 °C;20 мин;промаркированный;1 раз в месяц;сотрудник внутреннего клининга;визуальный контроль/сотрудник отдела качества
9;Поверхности;вытяжные зонты н;вытяжные зонты из нержавеющей стали;вытяжные зонты;Н;25;17;мойка;;ХИМИТЕК УНИВЕРСАЛ-ПД-Н;ручной (протирание);3,0 % – 4,0 %, дозирующая система ProMax;не ниже 40°C;;промаркированный;1 раз в месяц;сотрудник внутреннего клининга;визуальный контроль/сотрудник отдела качества
9;Поверхности;вытяжные зонты н;вытяжные зонты из нержавеющей стали;вытяжные зонты;Н;25;18;дезинфекция;;ХИМИТЕК ПОЛИДЕЗ®-СУПЕР;ручной (протирание);0,02 % – 0,05 % (по НУК), дозирующая система ProMax;18-20 °C;20 мин;промаркированный;1 раз в месяц;сотрудник внутреннего клининга;визуальный контроль/сотрудник отдела качества
10;Поверхности;гидравлические тележки;гидравлические тележки;гидравлические тележки;;180;19;мойка;;ХИМИТЕК ЧУДОДЕЙ®-КОМБИ-ПЕНАКТИВ;ручной (нанесение пены, обработка щёткой);2,0 % АВД;18-20 °C;;промаркированный;1 раз в неделю;сотрудник внутреннего клининга;визуальный контроль/сотрудник отдела качества
10;Поверхности;гидравлические тележки;гидравлические тележки;гидравлические тележки;;180;20;дезинфекция;;ХИМИТЕК ПОЛИДЕЗ®-СУПЕР;ручной (протирание);0,02 % – 0,05 % (по НУК), дозирующая система ProMax;18-20 °C;20 мин;промаркированный;1 раз в неделю;сотрудник внутреннего клининга;визуальный контроль/сотрудник отдела качества
11;Поверхности;двери;двери;двери;;90;21;мойка;;ХИМИТЕК ЧУДОДЕЙ®-КОМБИ-ПЕНАКТИВ;ручной (протирание, обработка щёткой);2,0 % – 3,0 % дозирующая система ProMax;18-20 °C;;промаркированный;1 раз в месяц;сотрудник внутреннего клининга;визуальный контроль/сотрудник отдела качества
11;Поверхности;двери;двери;двери;;90;22;дезинфекция;;ХИМИТЕК ПОЛИДЕЗ®-СУПЕР;ручной (протирание);0,02 % – 0,05 % (по НУК), дозирующая система ProMax;18-20 °C;20 мин;промаркированный;1 раз в месяц;сотрудник внутреннего клининга;визуальный контроль/сотрудник отдела качества
12;Поверхности;дверные ручки;дверные ручки;дверные ручки;;65;23;мойка;;ХИМИТЕК ЧУДОДЕЙ®-КОМБИ-ПЕНАКТИВ;ручной (протирание, обработка щёткой);2,0 % – 3,0 % дозирующая система ProMax;18-20 °C;;промаркированный;1 раз в месяц;сотрудник внутреннего клининга;визуальный контроль/сотрудник отдела качества
12;Поверхности;дверные ручки;дверные ручки;дверные ручки;;65;24;дезинфекция;;ХИМИТЕК ПОЛИДЕЗ®-СУПЕР;ручной (протирание);0,02 % – 0,05 % (по НУК), дозирующая система ProMax;18-20 °C;20 мин;промаркированный;1 раз в месяц;сотрудник внутреннего клининга;визуальный контроль/сотрудник отдела качества
13;Поверхности;демосистема (контактная поверхность);демосистема (контактная поверхность);демосистема (контактная поверхность);;70;25;мойка;;ХИМИТЕК ЧУДОДЕЙ®-КОМБИ-ПЕНАКТИВ;ручной (протирание, обработка щёткой);2,0 % – 3,0 % дозирующая система ProMax;18-20 °C;;промаркированный;1 раз в месяц;сотрудник внутреннего клининга;визуальный контроль/сотрудник отдела качества
13;Поверхности;демосистема (контактная поверхность);демосистема (контактная поверхность);демосистема (контактная поверхность);;70;26;дезинфекция;;ХИМИТЕК ПОЛИДЕЗ®-СУПЕР;ручной (протирание);0,02 % – 0,05 % (по НУК), дозирующая система ProMax;18-20 °C;20 мин;промаркированный;1 раз в месяц;сотрудник внутреннего клининга;визуальный контроль/сотрудник отдела качества
14;Поверхности;держатели для досок;держатели для досок;держатели для досок;;70;27;мойка;;ХИМИТЕК ЧУДОДЕЙ®-КОМБИ-ПЕНАКТИВ;ручной (протирание, обработка щёткой);2,0 % – 3,0 % дозирующая система ProMax;18-20 °C;;промаркированный;1 раз в смену;сотрудник внутреннего клининга;визуальный контроль/сотрудник отдела качества
14;Поверхности;держатели для досок;держатели для досок;держатели для досок;;70;28;дезинфекция;;ХИМИТЕК ПОЛИДЕЗ®-СУПЕР;ручной (протирание);0,02 % – 0,05 % (по НУК), дозирующая система ProMax;18-20 °C;20 мин;промаркированный;1 раз в смену;сотрудник внутреннего клининга;визуальный контроль/сотрудник отдела качества
15;Поверхности;держатели для инвентаря;держатели для инвентаря;держатели для инвентаря;;70;29;мойка;;ХИМИТЕК ЧУДОДЕЙ®-КОМБИ-ПЕНАКТИВ;ручной (протирание, обработка щёткой);2,0 % – 3,0 % дозирующая система ProMax;18-20 °C;;промаркированный;1 раз в смену;сотрудник внутреннего клининга;визуальный контроль/сотрудник отдела качества
15;Поверхности;держатели для инвентаря;держатели для инвентаря;держатели для инвентаря;;70;30;дезинфекция;;ХИМИТЕК ПОЛИДЕЗ®-СУПЕР;ручной (протирание);0,02 % – 0,05 % (по НУК), дозирующая система ProMax;18-20 °C;20 мин;промаркированный;1 раз в смену;сотрудник внутреннего клининга;визуальный контроль/сотрудник отдела качества
16;Поверхности;держатели для ножей;держатели для ножей;держатели для ножей;;70;31;мойка;;ХИМИТЕК ЧУДОДЕЙ®-КОМБИ-ПЕНАКТИВ;ручной (протирание, обработка щёткой);2,0 % – 3,0 % дозирующая система ProMax;18-20 °C;;промаркированный;1 раз в смену;сотрудник внутреннего клининга;визуальный контроль/сотрудник отдела качества
16;Поверхности;держатели для ножей;держатели для ножей;держатели для ножей;;70;32;дезинфекция;;ХИМИТЕК ПОЛИДЕЗ®-СУПЕР;ручной (протирание);0,02 % – 0,05 % (по НУК), дозирующая система ProMax;18-20 °C;20 мин;промаркированный;1 раз в смену;сотрудник внутреннего клининга;визуальный контроль/сотрудник отдела качества
17;Поверхности;диффузоры;диффузоры;диффузоры;;35;33;мойка;;ХИМИТЕК ЧУДОДЕЙ®-КОМБИ-ПЕНАКТИВ;ручной (протирание, обработка щёткой);2,0 % – 3,0 % дозирующая система ProMax;18-20 °C;;промаркированный;1 раз в 3 месяца;сотрудник внутреннего клининга;визуальный контроль/сотрудник отдела качества
17;Поверхности;диффузоры;диффузоры;диффузоры;;35;34;дезинфекция;;ХИМИТЕК ПОЛИДЕЗ®-СУПЕР;ручной (протирание);0,02 % – 0,05 % (по НУК), дозирующая система ProMax;18-20 °C;20 мин;промаркированный;1 раз в 6 месяцев;сотрудник внутреннего клининга;визуальный контроль/сотрудник отдела качества
18;Поверхности;завесы пвх;завесы ПВХ;завесы ПВХ;;80;35;мойка;;ХИМИТЕК ЧУДОДЕЙ®-КОМБИ-ПЕНАКТИВ;ручной (замачивание, обработка щёткой);2,0 % – 3,0 % дозирующая система ProMax;18-20 °C;;промаркированный;1 раз в неделю;сотрудник внутреннего клининга;визуальный контроль/сотрудник отдела качества
18;Поверхности;завесы пвх;завесы ПВХ;завесы ПВХ;;80;36;дезинфекция;;ХИМИТЕК ПОЛИДЕЗ®-СУПЕР;ручной (протирание);0,02 % – 0,05 % (по НУК), дозирующая система ProMax;18-20 °C;20 мин;промаркированный;1 раз в неделю;сотрудник внутреннего клининга;визуальный контроль/сотрудник отдела качества
19;Поверхности;завесы тепловые;завесы тепловые;завесы тепловые;;80;37;мойка;;ХИМИТЕК ЧУДОДЕЙ®-КОМБИ-ПЕНАКТИВ;ручной (протирание);2,0 % – 3,0 % дозирующая система ProMax;18-20 °C;;промаркированный;1 раз в месяц;сотрудник внутреннего клининга;визуальный контроль/сотрудник отдела качества
19;Поверхности;завесы тепловые;завесы тепловые;завесы тепловые;;80;38;дезинфекция;;ХИМИТЕК ПОЛИДЕЗ®-СУПЕР;ручной (протирание);0,02 % – 0,05 % (по НУК), дозирующая система ProMax;18-20 °C;20 мин;промаркированный;1 раз в месяц;сотрудник внутреннего клининга;визуальный контроль/сотрудник отдела качества
20;Поверхности;инсектицидные лампы;инсектицидные лампы;инсектицидные лампы;;45;39;мойка;;ХИМИТЕК УНИВЕРСАЛ-ПД-Н;ручной (протирание);3,0 % – 4,0 %, дозирующая система ProMax;не ниже 40°C;;промаркированный;1 раз в месяц;сотрудник инженерной службы;визуальный контроль/технолог
20;Поверхности;инсектицидные лампы;инсектицидные лампы;инсектицидные лампы;;45;40;дезинфекция;;ХИМИТЕК ПОЛИДЕЗ®-СУПЕР;ручной (протирание);0,02 % – 0,05 % (по НУК), дозирующая система ProMax;18-20 °C;20 мин;промаркированный;1 раз в месяц;сотрудник инженерной службы;визуальный контроль/технолог
21;Поверхности;кабель-каналы;кабель-каналы;кабель-каналы;;60;41;мойка;;ХИМИТЕК ЧУДОДЕЙ®-КОМБИ-ПЕНАКТИВ;ручной (протирание, обработка щёткой);2,0 % – 3,0 % дозирующая система ProMax;18-20 °C;;промаркированный;1 раз в месяц;сотрудник внутреннего клининга;визуальный контроль/сотрудник отдела качества
21;Поверхности;кабель-каналы;кабель-каналы;кабель-каналы;;60;42;дезинфекция;;ХИМИТЕК ПОЛИДЕЗ®-СУПЕР;ручной (протирание);0,02 % – 0,05 % (по НУК), дозирующая система ProMax;18-20 °C;20 мин;промаркированный;1 раз в месяц;сотрудник внутреннего клининга;визуальный контроль/сотрудник отдела качества
22;Поверхности;кондиционер;кондиционер;кондиционер;;50;43;мойка;;ХИМИТЕК ЧУДОДЕЙ®-КОМБИ-ПЕНАКТИВ;ручной (протирание, обработка щёткой);2,0 % – 3,0 % дозирующая система ProMax;18-20 °C;;промаркированный;1 раз в 6 месяцев;сотрудник внутреннего клининга;визуальный контроль/сотрудник отдела качества
22;Поверхности;кондиционер;кондиционер;кондиционер;;50;44;дезинфекция;;ХИМИТЕК ПОЛИДЕЗ®-СУПЕР;ручной (протирание);0,02 % – 0,05 % (по НУК), дозирующая система ProMax;18-20 °C;20 мин;промаркированный;1 раз в 6 месяцев;сотрудник внутреннего клининга;визуальный контроль/сотрудник отдела качества
23;Поверхности;контейнеры для отходов;контейнеры для отходов;контейнеры для отходов;;190;45;мойка;;ХИМИТЕК ЧУДОДЕЙ®-КОМБИ-ПЕНАКТИВ;ручной (обработка щёткой);2,0 % – 3,0 % дозирующая система ProMax;18-20 °C;;промаркированный;после каждого удаления отходов;сотрудник внутреннего клининга;визуальный контроль/сотрудник отдела качества
23;Поверхности;контейнеры для отходов;контейнеры для отходов;контейнеры для отходов;;190;46;дезинфекция;;ХИМИТЕК ПОЛИДЕЗ®-СУПЕР;ручной (протирание);0,02 % – 0,05 % (по НУК), дозирующая система ProMax;18-20 °C;20 мин;промаркированный;после каждого удаления отходов;сотрудник внутреннего клининга;визуальный контроль/сотрудник отдела качества
24;Поверхности;лестницы;лестницы;лестницы;;180;47;мойка;;ХИМИТЕК ЧУДОДЕЙ®-КОМБИ-ПЕНАКТИВ;ручной (протирание, обработка щёткой);2,0 % – 3,0 % дозирующая система ProMax;18-20 °C;;промаркированный;1 раз в месяц;сотрудник внутреннего клининга;визуальный контроль/сотрудник отдела качества
24;Поверхности;лестницы;лестницы;лестницы;;180;48;дезинфекция;;ХИМИТЕК ПОЛИДЕЗ®-СУПЕР;ручной (протирание);0,02 % – 0,05 % (по НУК), дозирующая система ProMax;18-20 °C;20 мин;промаркированный;1 раз в месяц;сотрудник внутреннего клининга;визуальный контроль/сотрудник отдела качества
25;Поверхности;металлоконструкции;металлоконструкции;металлоконструкции;;70;49;мойка;;ХИМИТЕК ЧУДОДЕЙ®-КОМБИ-ПЕНАКТИВ;ручной (нанесение пены, обработка щёткой);2,0 % АВД;18-20 °C;;промаркированный;1 раз в неделю;сотрудник внутреннего клининга;визуальный контроль/сотрудник отдела качества
25;Поверхности;металлоконструкции;металлоконструкции;металлоконструкции;;70;50;дезинфекция;;ХИМИТЕК ПОЛИДЕЗ®-СУПЕР;ручной (протирание);0,02 % – 0,05 % (по НУК), дозирующая система ProMax;18-20 °C;20 мин;промаркированный;1 раз в неделю;сотрудник внутреннего клининга;визуальный контроль/сотрудник отдела качества
26;Поверхности;мусорные корзины;мусорные корзины;мусорные корзины;;185;51;мойка;;ХИМИТЕК ЧУДОДЕЙ®-КОМБИ-ПЕНАКТИВ;ручной (протирание, обработка щёткой);2,0 % – 3,0 % дозирующая система ProMax;18-20 °C;;промаркированный;1 раз в неделю;сотрудник внутреннего клининга;визуальный контроль/сотрудник отдела качества
26;Поверхности;мусорные корзины;мусорные корзины;мусорные корзины;;185;52;дезинфекция;;ХИМИТЕК ПОЛИДЕЗ®-СУПЕР;ручной (протирание);0,02 % – 0,05 % (по НУК), дозирующая система ProMax;18-20 °C;20 мин;промаркированный;1 раз в неделю;сотрудник внутреннего клининга;визуальный контроль/сотрудник отдела качества
27;Поверхности;окна внешние;окна внешние;окна внешние;;55;53;мойка;;ХИМИТЕК ЧАРОЙТ®-СПРЕЙ;ручной (протирание);готовая форма;;;промаркированный;1 раз в месяц (летний период);сотрудник внутреннего клининга;визуальный контроль/сотрудник отдела качества
27;Поверхности;окна внешние;окна внешние;окна внешние;;55;54;дезинфекция;;ХИМИТЕК ПОЛИДЕЗ®-СУПЕР;ручной (протирание);0,02 % – 0,05 % (по НУК), дозирующая система ProMax;18-20 °C;20 мин;промаркированный;1 раз в месяц (летний период);сотрудник внутреннего клининга;визуальный контроль/сотрудник отдела качества
28;Поверхности;окна внутрицеховые;окна внутрицеховые;окна внутрицеховые;;55;55;мойка;;ХИМИТЕК ЧАРОЙТ®-СПРЕЙ;ручной (протирание);готовая форма;;;промаркированный;1 раз в месяц (летний период);сотрудник внутреннего клининга;визуальный контроль/сотрудник отдела качества
28;Поверхности;окна внутрицеховые;окна внутрицеховые;окна внутрицеховые;;55;56;дезинфекция;;ХИМИТЕК ПОЛИДЕЗ®-СУПЕР;ручной (протирание);0,02 % – 0,05 % (по НУК), дозирующая система ProMax;18-20 °C;20 мин;промаркированный;1 раз в месяц (летний период);сотрудник внутреннего клининга;визуальный контроль/сотрудник отдела качества
29;Поверхности;отопительные приборы;отопительные приборы;отопительные приборы;;70;57;мойка;;ХИМИТЕК УНИВЕРСАЛ-ПД-Н;ручной (протирание, обработка щёткой);3,0 % – 4,0 %, дозирующая система ProMax;не ниже 40°C;;промаркированный;1 раз в 6 месяцев;сотрудник внутреннего клининга;визуальный контроль/сотрудник отдела качества
29;Поверхности;отопительные приборы;отопительные приборы;отопительные приборы;;70;58;дезинфекция;;ХИМИТЕК ПОЛИДЕЗ®-СУПЕР;ручной (протирание);0,02 % – 0,05 % (по НУК), дозирующая система ProMax;18-20 °C;20 мин;промаркированный;1 раз в 6 месяцев;сотрудник внутреннего клининга;визуальный контроль/сотрудник отдела качества
30;Поверхности;пластиковые паллеты;пластиковые паллеты;пластиковые паллеты;;175;59;мойка;;ХИМИТЕК ЧУДОДЕЙ®-КОМБИ-ПЕНАКТИВ;ручной (нанесение пены, обработка щёткой);2,0 % АВД;18-20 °C;;промаркированный;по мере освобождения;сотрудник внутреннего клининга;визуальный контроль/сотрудник отдела качества
30;Поверхности;пластиковые паллеты;пластиковые паллеты;пластиковые паллеты;;175;60;дезинфекция;;ХИМИТЕК ПОЛИДЕЗ®-СУПЕР;ручной (протирание);0,02 % – 0,05 % (по НУК), дозирующая система ProMax;18-20 °C;20 мин;промаркированный;по мере освобождения;сотрудник внутреннего клининга;визуальный контроль/сотрудник отдела качества
31;Поверхности;пластиковые подкаты;пластиковые подкаты;пластиковые подкаты;;175;61;мойка;;ХИМИТЕК ЧУДОДЕЙ®-КОМБИ-ПЕНАКТИВ;ручной (нанесение пены, обработка щёткой);2,0 % АВД;18-20 °C;;промаркированный;1 раз в неделю;сотрудник внутреннего клининга;визуальный контроль/сотрудник отдела качества
31;Поверхности;пластиковые подкаты;пластиковые подкаты;пластиковые подкаты;;175;62;дезинфекция;;ХИМИТЕК ПОЛИДЕЗ®-СУПЕР;ручной (протирание);0,02 % – 0,05 % (по НУК), дозирующая система ProMax;18-20 °C;20 мин;промаркированный;1 раз в неделю;сотрудник внутреннего клининга;визуальный контроль/сотрудник отдела качества
32;Поверхности;погрузчики;погрузчики;погрузчики;;180;63;мойка;;ХИМИТЕК ЧУДОДЕЙ®-КОМБИ-ПЕНАКТИВ;ручной (нанесение пены, обработка щёткой);2,0 % АВД;18-20 °C;;промаркированный;1 раз в неделю;сотрудник внутреннего клининга;визуальный контроль/сотрудник отдела качества
32;Поверхности;погрузчики;погрузчики;погрузчики;;180;64;дезинфекция;;ХИМИТЕК ПОЛИДЕЗ®-СУПЕР;ручной (протирание);0,02 % – 0,05 % (по НУК), дозирующая система ProMax;18-20 °C;20 мин;промаркированный;1 раз в неделю;сотрудник внутреннего клининга;визуальный контроль/сотрудник отдела качества
33;Поверхности;пожарный щит;пожарный щит;пожарный щит;;70;65;мойка;;ХИМИТЕК ЧУДОДЕЙ®-КОМБИ-ПЕНАКТИВ;ручной (нанесение пены, обработка щёткой);2,0 % АВД;18-20 °C;;промаркированный;1 раз в неделю;сотрудник внутреннего клининга;визуальный контроль/сотрудник отдела качества
33;Поверхности;пожарный щит;пожарный щит;пожарный щит;;70;66;дезинфекция;;ХИМИТЕК ПОЛИДЕЗ®-СУПЕР;ручной (протирание);0,02 % – 0,05 % (по НУК), дозирующая система ProMax;18-20 °C;20 мин;промаркированный;1 раз в неделю;сотрудник внутреннего клининга;визуальный контроль/сотрудник отдела качества
34;Поверхности;пол;пол;пол;;200;67;мойка;;ХИМИТЕК ПОЛИКОР®;ручной (обработка щёткой);10% (ручное разведение);не ниже 40 °C;;промаркированный;2 раза в смену;сотрудник внутреннего клининга;визуальный контроль/сотрудник отдела качества
34;Поверхности;пол;пол;пол;;200;68;дезинфекция;;ХИМИТЕК ПОЛИДЕЗ®-СУПЕР;ручной (протирание);0,02 % – 0,05 % (по НУК), дозирующая система ProMax;18-20 °C;20 мин;промаркированный;2 раза в смену;сотрудник внутреннего клининга;визуальный контроль/сотрудник отдела качества
35;Поверхности;потолок () ок;потолок окрашенный;потолок (высота _____м);ОК;10;69;мойка;;ХИМИТЕК УНИВЕРСАЛ-ПД-Н;ручной (протирание, обработка щёткой);3,0 % – 4,0 %, дозирующая система ProMax;не ниже 40°C;;промаркированный;1 раз в 12 месяцев;сотрудник внутреннего клининга;визуальный контроль/сотрудник отдела качества
35;Поверхности;потолок () ок;потолок окрашенный;потолок (высота _____м);ОК;10;70;дезинфекция;;ХИМИТЕК ПОЛИДЕЗ®-СУПЕР;ручной (протирание);0,02 % – 0,05 % (по НУК), дозирующая система ProMax;18-20 °C;20 мин;промаркированный;1 раз в 12 месяцев;сотрудник внутреннего клининга;визуальный контроль/сотрудник отдела качества
36;Поверхности;потолок () п;потолок подвесной;потолок (высота _____м);П;10;71;мойка;;ХИМИТЕК УНИВЕРСАЛ-ПД-Н;ручной (протирание, обработка щёткой);3,0 % – 4,0 %, дозирующая система ProMax;не ниже 40°C;;промаркированный;1 раз в 12 месяцев;сотрудник внутреннего клининга;визуальный контроль/сотрудник отдела качества
36;Поверхности;потолок () п;потолок подвесной;потолок (высота _____м);П;10;72;дезинфекция;;ХИМИТЕК ПОЛИДЕЗ®-СУПЕР;ручной (протирание);0,02 % – 0,05 % (по НУК), дозирующая система ProMax;18-20 °C;20 мин;промаркированный;1 раз в 12 месяцев;сотрудник внутреннего клининга;визуальный контроль/сотрудник отдела качества
37;Поверхности;резиновые коврики;резиновые коврики;резиновые коврики;;190;73;мойка;;ХИМИТЕК ЧУДОДЕЙ®-КОМБИ-ПЕНАКТИВ;ручной (протирание, обработка щёткой);2,0 % – 3,0 % дозирующая система ProMax;18-20 °C;;промаркированный;1 раз в месяц;сотрудник внутреннего клининга;визуальный контроль/сотрудник отдела качества
37;Поверхности;резиновые коврики;резиновые коврики;резиновые коврики;;190;74;дезинфекция;;ХИМИТЕК ПОЛИДЕЗ®-СУПЕР;ручной (протирание);0,02 % – 0,05 % (по НУК), дозирующая система ProMax;18-20 °C;20 мин;промаркированный;1 раз в месяц;сотрудник внутреннего клининга;визуальный контроль/сотрудник отдела качества
38;Поверхности;розетки;розетки;розетки;;65;75;мойка;;ХИМИТЕК ЧУДОДЕЙ®-КОМБИ-ПЕНАКТИВ;ручной (протирание, обработка щёткой);2,0 % – 3,0 % дозирующая система ProMax;18-20 °C;;промаркированный;1 раз в месяц;сотрудник внутреннего клининга;визуальный контроль/сотрудник отдела качества
38;Поверхности;розетки;розетки;розетки;;65;76;дезинфекция;;ХИМИТЕК ПОЛИДЕЗ®-СУПЕР;ручной (протирание);0,02 % – 0,05 % (по НУК), дозирующая система ProMax;18-20 °C;20 мин;промаркированный;1 раз в месяц;сотрудник внутреннего клининга;визуальный контроль/сотрудник отдела качества
39;Поверхности;светильники;светильники;светильники;;20;77;мойка;;ХИМИТЕК ЧУДОДЕЙ®-КОМБИ-ПЕНАКТИВ;ручной (протирание, обработка щёткой);2,0 % – 3,0 % дозирующая система ProMax;18-20 °C;;промаркированный;1 раз в 3 месяца;сотрудник внутреннего клининга;визуальный контроль/сотрудник отдела качества
39;Поверхности;светильники;светильники;светильники;;20;78;дезинфекция;;ХИМИТЕК ПОЛИДЕЗ®-СУПЕР;ручной (протирание);0,02 % – 0,05 % (по НУК), дозирующая система ProMax;18-20 °C;20 мин;промаркированный;1 раз в 6 месяцев;сотрудник внутреннего клининга;визуальный контроль/сотрудник отдела качества
40;Поверхности;сплит-системы;сплит-системы;сплит-системы;;50;79;мойка;;ХИМИТЕК ЧУДОДЕЙ®-КОМБИ-ПЕНАКТИВ;ручной (протирание, обработка щёткой);2,0 % – 3,0 % дозирующая система ProMax;18-20 °C;;промаркированный;1 раз в 6 месяцев;сотрудник внутреннего клининга;визуальный контроль/сотрудник отдела качества
40;Поверхности;сплит-системы;сплит-системы;сплит-системы;;50;80;дезинфекция;;ХИМИТЕК ПОЛИДЕЗ®-СУПЕР;ручной (протирание);0,02 % – 0,05 % (по НУК), дозирующая система ProMax;18-20 °C;20 мин;промаркированный;1 раз в 6 месяцев;сотрудник внутреннего клининга;визуальный контроль/сотрудник отдела качества
41;Поверхности;стены (выше 2 м);стены (выше 2 м);стены (выше 2 м);;30;81;мойка;;ХИМИТЕК ЧУДОДЕЙ®-КОМБИ-ПЕНАКТИВ;ручной (протирание, обработка щёткой);2,0 % – 3,0 % дозирующая система ProMax;18-20 °C;;промаркированный;1 раз в 3 месяца;сотрудник внутреннего клининга;визуальный контроль/сотрудник отдела качества
41;Поверхности;стены (выше 2 м);стены (выше 2 м);стены (выше 2 м);;30;82;дезинфекция;;ХИМИТЕК ПОЛИДЕЗ®-СУПЕР;ручной (протирание);0,02 % – 0,05 % (по НУК), дозирующая система ProMax;18-20 °C;20 мин;промаркированный;1 раз в 6 месяцев;сотрудник внутреннего клининга;визуальный контроль/сотрудник отдела качества
42;Поверхности;стены (до 2 м);стены (до 2 м);стены (до 2 м);;40;83;мойка;;ХИМИТЕК УНИВЕРСАЛ-ПД-Н;ручной (протирание, обработка щёткой);3,0 % – 4,0 %, дозирующая система ProMax;не ниже 40°C;;промаркированный;1 раз в неделю;сотрудник внутреннего клининга;визуальный контроль/сотрудник отдела качества
42;Поверхности;стены (до 2 м);стены (до 2 м);стены (до 2 м);;40;84;дезинфекция;;ХИМИТЕК ПОЛИДЕЗ®-СУПЕР;ручной (протирание);0,02 % – 0,05 % (по НУК), дозирующая система ProMax;18-20 °C;20 мин;промаркированный;1 раз в неделю;сотрудник внутреннего клининга;визуальный контроль/сотрудник отдела качества
43;Поверхности;стерилизатор;стерилизатор;стерилизатор;;70;85;мойка;;ХИМИТЕК ЧУДОДЕЙ®-КОМБИ-ПЕНАКТИВ;ручной (протирание);2,0 % – 3,0 % дозирующая система ProMax;18-20 °C;;промаркированный;1 раз в месяц;сотрудник внутреннего клининга;визуальный контроль/сотрудник отдела качества
43;Поверхности;стерилизатор;стерилизатор;стерилизатор;;70;86;дезинфекция;;ХИМИТЕК ПОЛИДЕЗ®-СУПЕР;ручной (протирание);0,02 % – 0,05 % (по НУК), дозирующая система ProMax;18-20 °C;20 мин;промаркированный;1 раз в месяц;сотрудник внутреннего клининга;визуальный контроль/сотрудник отдела качества
44;Поверхности;стоки;стоки;стоки;;195;87;мойка;;ХИМИТЕК ЧУДОДЕЙ®-КОМБИ-ПЕНАКТИВ;ручной, обработка щёткой;2,0 % – 3,0 % дозирующая система ProMax;18-20 °C;;промаркированный;1 раз в смену;сотрудник внутреннего клининга;визуальный контроль/сотрудник отдела качества
44;Поверхности;стоки;стоки;стоки;;195;88;дезинфекция;;ХИМИТЕК ПОЛИДЕЗ®-СУПЕР;ручной (протирание);0,02 % – 0,05 % (по НУК), дозирующая система ProMax;18-20 °C;20 мин;промаркированный;1 раз в смену;сотрудник внутреннего клининга;визуальный контроль/сотрудник отдела качества
45;Поверхности;трапы;трапы;трапы;;195;89;мойка;;ХИМИТЕК ЧУДОДЕЙ®-КОМБИ-ПЕНАКТИВ;ручной, обработка щёткой;2,0 % – 3,0 % дозирующая система ProMax;18-20 °C;;промаркированный;1 раз в смену;сотрудник внутреннего клининга;визуальный контроль/сотрудник отдела качества
45;Поверхности;трапы;трапы;трапы;;195;90;дезинфекция;;ХИМИТЕК ПОЛИДЕЗ®-СУПЕР;ручной (протирание);0,02 % – 0,05 % (по НУК), дозирующая система ProMax;18-20 °C;20 мин;промаркированный;1 раз в смену;сотрудник внутреннего клининга;визуальный контроль/сотрудник отдела качества
46;Поверхности;часы;часы;часы;;80;91;мойка;;ХИМИТЕК ЧУДОДЕЙ®-КОМБИ-ПЕНАКТИВ;ручной (протирание, обработка щёткой);2,0 % – 3,0 % дозирующая система ProMax;18-20 °C;;промаркированный;1 раз в 6 месяцев;сотрудник внутреннего клининга;визуальный контроль/сотрудник отдела качества
46;Поверхности;часы;часы;часы;;80;92;дезинфекция;;ХИМИТЕК ПОЛИДЕЗ®-СУПЕР;ручной (протирание);0,02 % – 0,05 % (по НУК), дозирующая система ProMax;18-20 °C;20 мин;промаркированный;1 раз в 6 месяцев;сотрудник внутреннего клининга;визуальный контроль/сотрудник отдела качества
47;Поверхности;штабелёры;штабелёр;штабелёр;;180;93;мойка;;ХИМИТЕК ЧУДОДЕЙ®-КОМБИ-ПЕНАКТИВ;ручной (протирание, обработка щёткой);2,0 % – 3,0 % дозирующая система ProMax;18-20 °C;;промаркированный;1 раз в смену;сотрудник внутреннего клининга;визуальный контроль/сотрудник отдела качества
47;Поверхности;штабелёры;штабелёр;штабелёр;;180;94;дезинфекция;;ХИМИТЕК ПОЛИДЕЗ®-СУПЕР;ручной (протирание);0,02 % – 0,05 % (по НУК), дозирующая система ProMax;18-20 °C;20 мин;промаркированный;1 раз в смену;сотрудник внутреннего клининга;визуальный контроль/сотрудник отдела качества
48;Поверхности;электрощиты;электрощит;электрощит;;70;95;мойка;;ХИМИТЕК ЧУДОДЕЙ®-КОМБИ-ПЕНАКТИВ;ручной (нанесение пены, обработка щёткой);2,0 % АВД;18-20 °C;;промаркированный;1 раз в неделю;сотрудник внутреннего клининга;визуальный контроль/сотрудник отдела качества
48;Поверхности;электрощиты;электрощит;электрощит;;70;96;дезинфекция;;ХИМИТЕК ПОЛИДЕЗ®-СУПЕР;ручной (протирание);0,02 % – 0,05 % (по НУК), дозирующая система ProMax;18-20 °C;20 мин;промаркированный;1 раз в неделю;сотрудник внутреннего клининга;визуальный контроль/сотрудник отдела качества
49;Поверхности;ёлки для колец;ёлки для колец;ёлки для колец;;170;97;мойка;;ХИМИТЕК ЧУДОДЕЙ®-КОМБИ-ПЕНАКТИВ;ручной (протирание, обработка щёткой);2,0 % – 3,0 % дозирующая система ProMax;18-20 °C;;промаркированный;1 раз в смену;сотрудник внутреннего клининга;визуальный контроль/сотрудник отдела качества
49;Поверхности;ёлки для колец;ёлки для колец;ёлки для колец;;170;98;дезинфекция;;ХИМИТЕК ПОЛИДЕЗ®-СУПЕР;ручной (протирание);0,02 % – 0,05 % (по НУК), дозирующая система ProMax;18-20 °C;20 мин;промаркированный;1 раз в смену;сотрудник внутреннего клининга;визуальный контроль/сотрудник отдела качества
50;Сантехническое оборудование;душевая кабина;душевая кабина;душевая кабина;;100;99;мойка;;ХИМИТЕК УНИВЕРСАЛ-ПД-Н;ручной (протирание, обработка щёткой);3,0 % – 4,0 %, дозирующая система ProMax;не ниже 40°C;;промаркированный;1 раз в неделю;сотрудник внутреннего клининга;визуальный контроль/сотрудник отдела качества
50;Сантехническое оборудование;душевая кабина;душевая кабина;душевая кабина;;100;100;дезинфекция;;ХИМИТЕК ПОЛИДЕЗ®-СУПЕР;ручной (протирание);0,02 % – 0,05 % (по НУК), дозирующая система ProMax;18-20 °C;20 мин;промаркированный;1 раз в неделю;сотрудник внутреннего клининга;визуальный контроль/сотрудник отдела качества
51;Сантехническое оборудование;душевые секции;душевые секции;душевые секции;;100;101;мойка;;ХИМИТЕК ПОЛИКОР®;ручной, обработка щёткой;100% (используется без разведения);;;промаркированный;по мере необходимости;сотрудник внутреннего клининга;визуальный контроль/сотрудник отдела качества
51;Сантехническое оборудование;душевые секции;душевые секции;душевые секции;;100;102;дезинфекция;;ХИМИТЕК ПОЛИДЕЗ®-СУПЕР;ручной (протирание);0,02 % – 0,05 % (по НУК), дозирующая система ProMax;18-20 °C;20 мин;промаркированный;2 раза в смену;сотрудник внутреннего клининга;визуальный контроль/сотрудник отдела качества
52;Сантехническое оборудование;писсуар;писсуар;писсуар;;90;103;мойка;;ХИМИТЕК ПОЛИКОР®;ручной, обработка щёткой;100% (используется без разведения);;;промаркированный;по мере необходимости;сотрудник внутреннего клининга;визуальный контроль/сотрудник отдела качества
52;Сантехническое оборудование;писсуар;писсуар;писсуар;;90;104;дезинфекция;;ХИМИТЕК ПОЛИДЕЗ®-СУПЕР;ручной (протирание);0,02 % – 0,05 % (по НУК), дозирующая система ProMax;18-20 °C;20 мин;промаркированный;2 раза в смену;сотрудник внутреннего клининга;визуальный контроль/сотрудник отдела качества
53;Сантехническое оборудование;раковина;раковина;раковина;;90;105;мойка;;ХИМИТЕК ПОЛИКОР®;ручной, обработка щёткой;100% (используется без разведения);;;промаркированный;по мере необходимости;сотрудник внутреннего клининга;визуальный контроль/сотрудник отдела качества
53;Сантехническое оборудование;раковина;раковина;раковина;;90;106;дезинфекция;;ХИМИТЕК ПОЛИДЕЗ®-СУПЕР;ручной (протирание);0,02 % – 0,05 % (по НУК), дозирующая система ProMax;18-20 °C;20 мин;промаркированный;2 раза в смену;сотрудник внутреннего клининга;визуальный контроль/сотрудник отдела качества
54;Сантехническое оборудование;смеситель;смеситель;смеситель;;90;107;мойка;;ХИМИТЕК ЧУДОДЕЙ®-КОМБИ-ПЕНАКТИВ;ручной (протирание, обработка щёткой);2,0 % – 3,0 % дозирующая система ProMax;18-20 °C;;промаркированный;1 раз в смену;сотрудник внутреннего клининга;визуальный контроль/сотрудник отдела качества
54;Сантехническое оборудование;смеситель;смеситель;смеситель;;90;108;дезинфекция;;ХИМИТЕК ПОЛИДЕЗ®-СУПЕР;ручной (протирание);0,02 % – 0,05 % (по НУК), дозирующая система ProMax;18-20 °C;20 мин;промаркированный;1 раз в смену;сотрудник внутреннего клининга;визуальный контроль/сотрудник отдела качества
55;Сантехническое оборудование;технологическая мойка;технологическая мойка;технологическая мойка;;100;109;мойка;;ХИМИТЕК ЧУДОДЕЙ®-КОМБИ-ПЕНАКТИВ;ручной (протирание, обработка щёткой);2,0 % – 3,0 % дозирующая система ProMax;18-20 °C;;промаркированный;1 раз в смену;сотрудник внутреннего клининга;визуальный контроль/сотрудник отдела качества
55;Сантехническое оборудование;технологическая мойка;технологическая мойка;технологическая мойка;;100;110;дезинфекция;;ХИМИТЕК ПОЛИДЕЗ®-СУПЕР;ручной (протирание);0,02 % – 0,05 % (по НУК), дозирующая система ProMax;18-20 °C;20 мин;промаркированный;1 раз в смену;сотрудник внутреннего клининга;визуальный контроль/сотрудник отдела качества
56;Сантехническое оборудование;унитаз;унитаз;унитаз;;90;111;мойка;;ХИМИТЕК ПОЛИКОР®;ручной, обработка щёткой;100% (используется без разведения);;;промаркированный;по мере необходимости;сотрудник внутреннего клининга;визуальный контроль/сотрудник отдела качества
56;Сантехническое оборудование;унитаз;унитаз;унитаз;;90;112;дезинфекция;;ХИМИТЕК ПОЛИДЕЗ®-СУПЕР;ручной (протирание);0,02 % – 0,05 % (по НУК), дозирующая система ProMax;18-20 °C;20 мин;промаркированный;2 раза в смену;сотрудник внутреннего клининга;визуальный контроль/сотрудник отдела качества
57;Санитарный пост;бак для грязной одежды;бак для грязной одежды;бак для грязной одежды;;110;113;мойка;;ХИМИТЕК ЧУДОДЕЙ®-КОМБИ-ПЕНАКТИВ;ручной (протирание, обработка щёткой);2,0 % – 3,0 % дозирующая система ProMax;18-20 °C;;промаркированный;1 раз в смену;сотрудник внутреннего клининга;визуальный контроль/сотрудник отдела качества
57;Санитарный пост;бак для грязной одежды;бак для грязной одежды;бак для грязной одежды;;110;114;дезинфекция;;ХИМИТЕК ПОЛИДЕЗ®-СУПЕР;ручной (протирание);0,02 % – 0,05 % (по НУК), дозирующая система ProMax;18-20 °C;20 мин;промаркированный;1 раз в смену;сотрудник внутреннего клининга;визуальный контроль/сотрудник отдела качества
58;Санитарный пост;дезинфицирующие маты;дезинфицирующие маты;дезинфицирующие маты;;120;115;мойка;;ХИМИТЕК ЧУДОДЕЙ®-КОМБИ-ПЕНАКТИВ;ручной (протирание, обработка щёткой);2,0 % – 3,0 % дозирующая система ProMax;18-20 °C;;промаркированный;1 раз в смену;сотрудник внутреннего клининга;визуальный контроль/сотрудник отдела качества
58;Санитарный пост;дезинфицирующие маты;дезинфицирующие маты;дезинфицирующие маты;;120;116;дезинфекция;;ХИМИТЕК ПОЛИДЕЗ®-СУПЕР;ручной (протирание);0,02 % – 0,05 % (по НУК), дозирующая система ProMax;18-20 °C;20 мин;промаркированный;1 раз в смену;сотрудник внутреннего клининга;визуальный контроль/сотрудник отдела качества
59;Санитарный пост;диспенсер для тб;диспенсер для тулетной бумаги;диспенсер для тулетной бумаги;;110;117;мойка;;ХИМИТЕК УНИВЕРСАЛ-ПД-Н;ручной (протирание, обработка щёткой);3,0 % – 4,0 %, дозирующая система ProMax;не ниже 40°C;;промаркированный;1 раз в неделю;сотрудник внутреннего клининга;визуальный контроль/сотрудник отдела качества
59;Санитарный пост;диспенсер для тб;диспенсер для тулетной бумаги;диспенсер для тулетной бумаги;;110;118;дезинфекция;;ХИМИТЕК ПОЛИДЕЗ®-СУПЕР;ручной (протирание);0,02 % – 0,05 % (по НУК), дозирующая система ProMax;18-20 °C;20 мин;промаркированный;1 раз в неделю;сотрудник внутреннего клининга;визуальный контроль/сотрудник отдела качества
60;Санитарный пост;диспенсердержатель для полотенец;диспенсер/держатель для полотенец;диспенсер для полотенец;;110;119;мойка;;ХИМИТЕК ЧУДОДЕЙ®-КОМБИ-ПЕНАКТИВ;ручной (протирание, обработка щёткой);2,0 % – 3,0 % дозирующая система ProMax;18-20 °C;;промаркированный;1 раз в неделю;сотрудник внутреннего клининга;визуальный контроль/сотрудник отдела качества
60;Санитарный пост;диспенсердержатель для полотенец;диспенсер/держатель для полотенец;диспенсер для полотенец;;110;120;дезинфекция;;ХИМИТЕК ПОЛИДЕЗ®-СУПЕР;ручной (протирание);0,02 % – 0,05 % (по НУК), дозирующая система ProMax;18-20 °C;20 мин;промаркированный;1 раз в неделю;сотрудник внутреннего клининга;визуальный контроль/сотрудник отдела качества
61;Санитарный пост;дозаторы для мылаантисептика;дозаторы для мыла и антисептика;дозаторы для мыла и антисептика;;110;121;мойка;;ХИМИТЕК ЧУДОДЕЙ®-КОМБИ-ПЕНАКТИВ;ручной (протирание);2,0 % – 3,0 % дозирующая система ProMax;18-20 °C;;промаркированный;при замене продукта;сотрудник внутреннего клининга;визуальный контроль/сотрудник отдела качества
61;Санитарный пост;дозаторы для мылаантисептика;дозаторы для мыла и антисептика;дозаторы для мыла и антисептика;;110;122;дезинфекция;;ХИМИТЕК ПОЛИДЕЗ®-СУПЕР;ручной (протирание);0,02 % – 0,05 % (по НУК), дозирующая система ProMax;18-20 °C;20 мин;промаркированный;при замене продукта;сотрудник внутреннего клининга;визуальный контроль/сотрудник отдела качества
62;Санитарный пост;корзиныдиспенсеры для сиз;корзины/диспенсеры для СИЗ;корзины/диспенсеры для СИЗ;;110;123;мойка;;ХИМИТЕК ЧУДОДЕЙ®-КОМБИ-ПЕНАКТИВ;ручной (протирание);2,0 % – 3,0 % дозирующая система ProMax;18-20 °C;;промаркированный;при замене продукта;сотрудник внутреннего клининга;визуальный контроль/сотрудник отдела качества
62;Санитарный пост;корзиныдиспенсеры для сиз;корзины/диспенсеры для СИЗ;корзины/диспенсеры для СИЗ;;110;124;дезинфекция;;ХИМИТЕК ПОЛИДЕЗ®-СУПЕР;ручной (протирание);0,02 % – 0,05 % (по НУК), дозирующая система ProMax;18-20 °C;20 мин;промаркированный;при замене продукта;сотрудник внутреннего клининга;визуальный контроль/сотрудник отдела качества
63;Санитарный пост;модульный санпропускник;модульный санпропускник;модульный санпропускник;;120;125;мойка;;ХИМИТЕК ЧУДОДЕЙ®-КОМБИ-ПЕНАКТИВ;ручной (протирание);2,0 % – 3,0 % дозирующая система ProMax;18-20 °C;;промаркированный;при замене продукта;сотрудник внутреннего клининга;визуальный контроль/сотрудник отдела качества
63;Санитарный пост;модульный санпропускник;модульный санпропускник;модульный санпропускник;;120;126;дезинфекция;;ХИМИТЕК ПОЛИДЕЗ®-СУПЕР;ручной (протирание);0,02 % – 0,05 % (по НУК), дозирующая система ProMax;18-20 °C;20 мин;промаркированный;при замене продукта;сотрудник внутреннего клининга;визуальный контроль/сотрудник отдела качества
64;Санитарный пост;санитарный пост;санитарный пост;санитарный пост;;110;127;мойка;;ХИМИТЕК ЧУДОДЕЙ®-КОМБИ-ПЕНАКТИВ;ручной (протирание, обработка щёткой);2,0 % – 3,0 % дозирующая система ProMax;18-20 °C;;промаркированный;1 раз в смену;сотрудник внутреннего клининга;визуальный контроль/сотрудник отдела качества
64;Санитарный пост;санитарный пост;санитарный пост;санитарный пост;;110;128;дезинфекция;;ХИМИТЕК ПОЛИДЕЗ®-СУПЕР;ручной (протирание);0,02 % – 0,05 % (по НУК), дозирующая система ProMax;18-20 °C;20 мин;промаркированный;1 раз в смену;сотрудник внутреннего клининга;визуальный контроль/сотрудник отдела качества
65;Санитарный пост;сушилка для рук;сушилка для рук;сушилка для рук;;110;129;мойка;;ХИМИТЕК УНИВЕРСАЛ-ПД-Н;ручной (протирание, обработка щёткой);3,0 % – 4,0 %, дозирующая система ProMax;не ниже 40°C;;промаркированный;1 раз в неделю;сотрудник внутреннего клининга;визуальный контроль/сотрудник отдела качества
65;Санитарный пост;сушилка для рук;сушилка для рук;сушилка для рук;;110;130;дезинфекция;;ХИМИТЕК ПОЛИДЕЗ®-СУПЕР;ручной (протирание);0,02 % – 0,05 % (по НУК), дозирующая система ProMax;18-20 °C;20 мин;промаркированный;1 раз в неделю;сотрудник внутреннего клининга;визуальный контроль/сотрудник отдела качества
66;Мебель;вешалки;вешалки;вешалки;;130;131;мойка;;ХИМИТЕК УНИВЕРСАЛ-ПД-Н;ручной (протирание, обработка щёткой);3,0 % – 4,0 %, дозирующая система ProMax;не ниже 40°C;;промаркированный;1 раз в неделю;сотрудник внутреннего клининга;визуальный контроль/сотрудник отдела качества
66;Мебель;вешалки;вешалки;вешалки;;130;132;дезинфекция;;ХИМИТЕК ПОЛИДЕЗ®-СУПЕР;ручной (протирание);0,02 % – 0,05 % (по НУК), дозирующая система ProMax;18-20 °C;20 мин;промаркированный;1 раз в неделю;сотрудник внутреннего клининга;визуальный контроль/сотрудник отдела качества
67;Мебель;зеркала;зеркала;зеркала;;130;133;мойка;;ХИМИТЕК ЧАРОЙТ®-СПРЕЙ;ручной (протирание);готовая форма;;;промаркированный;1 раз в неделю;сотрудник внутреннего клининга;визуальный контроль/сотрудник отдела качества
67;Мебель;зеркала;зеркала;зеркала;;130;134;дезинфекция;;ХИМИТЕК ПОЛИДЕЗ®-СУПЕР;ручной (протирание);0,02 % – 0,05 % (по НУК), дозирующая система ProMax;18-20 °C;20 мин;промаркированный;1 раз в неделю;сотрудник внутреннего клининга;визуальный контроль/сотрудник отдела качества
68;Мебель;обувницы;обувницы;обувницы;;130;135;мойка;;ХИМИТЕК УНИВЕРСАЛ-ПД-Н;ручной (протирание, обработка щёткой);3,0 % – 4,0 %, дозирующая система ProMax;не ниже 40°C;;промаркированный;1 раз в неделю;сотрудник внутреннего клининга;визуальный контроль/сотрудник отдела качества
68;Мебель;обувницы;обувницы;обувницы;;130;136;дезинфекция;;ХИМИТЕК ПОЛИДЕЗ®-СУПЕР;ручной (протирание);0,02 % – 0,05 % (по НУК), дозирующая система ProMax;18-20 °C;20 мин;промаркированный;1 раз в неделю;сотрудник внутреннего клининга;визуальный контроль/сотрудник отдела качества
69;Мебель;полки;полки;полки;;130;137;мойка;;ХИМИТЕК ЧУДОДЕЙ®-КОМБИ-ПЕНАКТИВ;ручной (протирание, обработка щёткой);2,0 % – 3,0 % дозирующая система ProMax;18-20 °C;;промаркированный;1 раз в месяц;сотрудник внутреннего клининга;визуальный контроль/сотрудник отдела качества
69;Мебель;полки;полки;полки;;130;138;дезинфекция;;ХИМИТЕК ПОЛИДЕЗ®-СУПЕР;ручной (протирание);0,02 % – 0,05 % (по НУК), дозирующая система ProMax;18-20 °C;20 мин;промаркированный;1 раз в месяц;сотрудник внутреннего клининга;визуальный контроль/сотрудник отдела качества
70;Мебель;скамейки;скамейки;скамейки;;130;139;мойка;;ХИМИТЕК УНИВЕРСАЛ-ПД-Н;ручной (протирание, обработка щёткой);3,0 % – 4,0 %, дозирующая система ProMax;не ниже 40°C;;промаркированный;1 раз в неделю;сотрудник внутреннего клининга;визуальный контроль/сотрудник отдела качества
70;Мебель;скамейки;скамейки;скамейки;;130;140;дезинфекция;;ХИМИТЕК ПОЛИДЕЗ®-СУПЕР;ручной (протирание);0,02 % – 0,05 % (по НУК), дозирующая система ProMax;18-20 °C;20 мин;промаркированный;1 раз в неделю;сотрудник внутреннего клининга;визуальный контроль/сотрудник отдела качества
71;Мебель;стеллажи;стеллажи;стеллажи;;130;141;мойка;;ХИМИТЕК ЧУДОДЕЙ®-КОМБИ-ПЕНАКТИВ;ручной (протирание, обработка щёткой);2,0 % – 3,0 % дозирующая система ProMax;18-20 °C;;промаркированный;1 раз в месяц;сотрудник внутреннего клининга;визуальный контроль/сотрудник отдела качества
71;Мебель;стеллажи;стеллажи;стеллажи;;130;142;дезинфекция;;ХИМИТЕК ПОЛИДЕЗ®-СУПЕР;ручной (протирание);0,02 % – 0,05 % (по НУК), дозирующая система ProMax;18-20 °C;20 мин;промаркированный;1 раз в месяц;сотрудник внутреннего клининга;визуальный контроль/сотрудник отдела качества
72;Мебель;столы;столы;столы;;130;143;мойка;;ХИМИТЕК УНИВЕРСАЛ-ПД-Н;ручной (протирание, обработка щёткой);3,0 % – 4,0 %, дозирующая система ProMax;не ниже 40°C;;промаркированный;1 раз в неделю;сотрудник внутреннего клининга;визуальный контроль/сотрудник отдела качества
72;Мебель;столы;столы;столы;;130;144;дезинфекция;;ХИМИТЕК ПОЛИДЕЗ®-СУПЕР;ручной (протирание);0,02 % – 0,05 % (по НУК), дозирующая система ProMax;18-20 °C;20 мин;промаркированный;1 раз в неделю;сотрудник внутреннего клининга;визуальный контроль/сотрудник отдела качества
73;Мебель;стулья;стулья;стулья;;130;145;мойка;;ХИМИТЕК УНИВЕРСАЛ-ПД-Н;ручной (протирание, обработка щёткой);3,0 % – 4,0 %, дозирующая система ProMax;не ниже 40°C;;промаркированный;1 раз в неделю;сотрудник внутреннего клининга;визуальный контроль/сотрудник отдела качества
73;Мебель;стулья;стулья;стулья;;130;146;дезинфекция;;ХИМИТЕК ПОЛИДЕЗ®-СУПЕР;ручной (протирание);0,02 % – 0,05 % (по НУК), дозирующая система ProMax;18-20 °C;20 мин;промаркированный;1 раз в неделю;сотрудник внутреннего клининга;визуальный контроль/сотрудник отдела качества
74;Мебель;сушилка для обуви;сушилка для обуви;сушилка для обуви;;130;147;мойка;;ХИМИТЕК УНИВЕРСАЛ-ПД-Н;ручной (протирание, обработка щёткой);3,0 % – 4,0 %, дозирующая система ProMax;не ниже 40°C;;промаркированный;1 раз в неделю;сотрудник внутреннего клининга;визуальный контроль/сотрудник отдела качества
74;Мебель;сушилка для обуви;сушилка для обуви;сушилка для обуви;;130;148;дезинфекция;;ХИМИТЕК ПОЛИДЕЗ®-СУПЕР;ручной (протирание);0,02 % – 0,05 % (по НУК), дозирующая система ProMax;18-20 °C;20 мин;промаркированный;1 раз в неделю;сотрудник внутреннего клининга;визуальный контроль/сотрудник отдела качества
75;Мебель;шкафы;шкафы;шкафы;;130;149;мойка;;ХИМИТЕК ЧУДОДЕЙ®-КОМБИ-ПЕНАКТИВ;ручной (протирание, обработка щёткой);2,0 % – 3,0 % дозирующая система ProMax;18-20 °C;;промаркированный;1 раз в месяц;сотрудник внутреннего клининга;визуальный контроль/сотрудник отдела качества
75;Мебель;шкафы;шкафы;шкафы;;130;150;дезинфекция;;ХИМИТЕК ПОЛИДЕЗ®-СУПЕР;ручной (протирание);0,02 % – 0,05 % (по НУК), дозирующая система ProMax;18-20 °C;20 мин;промаркированный;1 раз в месяц;сотрудник внутреннего клининга;визуальный контроль/сотрудник отдела качества
76;Офисная техника;компьютеры;компьютер;компьютер;;140;151;мойка;;ХИМИТЕК УНИВЕРСАЛ-ПД-Н;ручной (протирание, обработка щёткой);3,0 % – 4,0 %, дозирующая система ProMax;не ниже 40°C;;промаркированный;1 раз в неделю;сотрудник внутреннего клининга;визуальный контроль/сотрудник отдела качества
76;Офисная техника;компьютеры;компьютер;компьютер;;140;152;дезинфекция;;ХИМИТЕК ПОЛИДЕЗ®-СУПЕР;ручной (протирание);0,02 % – 0,05 % (по НУК), дозирующая система ProMax;18-20 °C;20 мин;промаркированный;1 раз в неделю;сотрудник внутреннего клининга;визуальный контроль/сотрудник отдела качества
77;Офисная техника;мониторы;монитор;монитор;;140;153;мойка;;ХИМИТЕК УНИВЕРСАЛ-ПД-Н;ручной (протирание, обработка щёткой);3,0 % – 4,0 %, дозирующая система ProMax;не ниже 40°C;;промаркированный;1 раз в неделю;сотрудник внутреннего клининга;визуальный контроль/сотрудник отдела качества
77;Офисная техника;мониторы;монитор;монитор;;140;154;дезинфекция;;ХИМИТЕК ПОЛИДЕЗ®-СУПЕР;ручной (протирание);0,02 % – 0,05 % (по НУК), дозирующая система ProMax;18-20 °C;20 мин;промаркированный;1 раз в неделю;сотрудник внутреннего клининга;визуальный контроль/сотрудник отдела качества
78;Офисная техника;принтера;принтер;принтер;;140;155;мойка;;ХИМИТЕК УНИВЕРСАЛ-ПД-Н;ручной (протирание, обработка щёткой);3,0 % – 4,0 %, дозирующая система ProMax;не ниже 40°C;;промаркированный;1 раз в неделю;сотрудник внутреннего клининга;визуальный контроль/сотрудник отдела качества
78;Офисная техника;принтера;принтер;принтер;;140;156;дезинфекция;;ХИМИТЕК ПОЛИДЕЗ®-СУПЕР;ручной (протирание);0,02 % – 0,05 % (по НУК), дозирующая система ProMax;18-20 °C;20 мин;промаркированный;1 раз в неделю;сотрудник внутреннего клининга;визуальный контроль/сотрудник отдела качества
79;Офисная техника;телефоны;телефон;телефон;;140;157;мойка;;ХИМИТЕК УНИВЕРСАЛ-ПД-Н;ручной (протирание, обработка щёткой);3,0 % – 4,0 %, дозирующая система ProMax;не ниже 40°C;;промаркированный;1 раз в неделю;сотрудник внутреннего клининга;визуальный контроль/сотрудник отдела качества
79;Офисная техника;телефоны;телефон;телефон;;140;158;дезинфекция;;ХИМИТЕК ПОЛИДЕЗ®-СУПЕР;ручной (протирание);0,02 % – 0,05 % (по НУК), дозирующая система ProMax;18-20 °C;20 мин;промаркированный;1 раз в неделю;сотрудник внутреннего клининга;визуальный контроль/сотрудник отдела качества
80;Многоразовые резиновые СИЗ;нарукавники;нарукавники;нарукавники;;150;159;мойка;;ХИМИТЕК ЧУДОДЕЙ®-КОМБИ-ПЕНАКТИВ;ручной (протирание, обработка щёткой);2,0 % – 3,0 % дозирующая система ProMax;18-20 °C;;промаркированный;1 раз в смену;сотрудник внутреннего клининга;визуальный контроль/сотрудник отдела качества
80;Многоразовые резиновые СИЗ;нарукавники;нарукавники;нарукавники;;150;160;дезинфекция;;ХИМИТЕК ПОЛИДЕЗ®-СУПЕР;ручной (протирание);0,02 % – 0,05 % (по НУК), дозирующая система ProMax;18-20 °C;20 мин;промаркированный;1 раз в смену;сотрудник внутреннего клининга;визуальный контроль/сотрудник отдела качества
81;Многоразовые резиновые СИЗ;перчатки;перчатки;перчатки;;150;161;мойка;;ХИМИТЕК ЧУДОДЕЙ®-КОМБИ-ПЕНАКТИВ;ручной (протирание, обработка щёткой);2,0 % – 3,0 % дозирующая система ProMax;18-20 °C;;промаркированный;1 раз в смену;сотрудник внутреннего клининга;визуальный контроль/сотрудник отдела качества
81;Многоразовые резиновые СИЗ;перчатки;перчатки;перчатки;;150;162;дезинфекция;;ХИМИТЕК ПОЛИДЕЗ®-СУПЕР;ручной (протирание);0,02 % – 0,05 % (по НУК), дозирующая система ProMax;18-20 °C;20 мин;промаркированный;1 раз в смену;сотрудник внутреннего клининга;визуальный контроль/сотрудник отдела качества
82;Многоразовые резиновые СИЗ;сапоги;сапоги;сапоги;;150;163;мойка;;ХИМИТЕК ЧУДОДЕЙ®-КОМБИ-ПЕНАКТИВ;ручной (протирание, обработка щёткой);2,0 % – 3,0 % дозирующая система ProMax;18-20 °C;;промаркированный;1 раз в смену;сотрудник внутреннего клининга;визуальный контроль/сотрудник отдела качества
82;Многоразовые резиновые СИЗ;сапоги;сапоги;сапоги;;150;164;дезинфекция;;ХИМИТЕК ПОЛИДЕЗ®-СУПЕР;ручной (протирание);0,02 % – 0,05 % (по НУК), дозирующая система ProMax;18-20 °C;20 мин;промаркированный;1 раз в смену;сотрудник внутреннего клининга;визуальный контроль/сотрудник отдела качества
83;Многоразовые резиновые СИЗ;фартуки;фартуки;фартуки;;150;165;мойка;;ХИМИТЕК ЧУДОДЕЙ®-КОМБИ-ПЕНАКТИВ;ручной (протирание, обработка щёткой);2,0 % – 3,0 % дозирующая система ProMax;18-20 °C;;промаркированный;1 раз в смену;сотрудник внутреннего клининга;визуальный контроль/сотрудник отдела качества
83;Многоразовые резиновые СИЗ;фартуки;фартуки;фартуки;;150;166;дезинфекция;;ХИМИТЕК ПОЛИДЕЗ®-СУПЕР;ручной (протирание);0,02 % – 0,05 % (по НУК), дозирующая система ProMax;18-20 °C;20 мин;промаркированный;1 раз в смену;сотрудник внутреннего клининга;визуальный контроль/сотрудник отдела качества
84;Бытовая техника;кулера;кулер;кулер;;160;167;мойка;;ХИМИТЕК УНИВЕРСАЛ-ПД-Н;ручной (протирание, обработка щёткой);3,0 % – 4,0 %, дозирующая система ProMax;не ниже 40°C;;промаркированный;1 раз в неделю;сотрудник внутреннего клининга;визуальный контроль/сотрудник отдела качества
84;Бытовая техника;кулера;кулер;кулер;;160;168;дезинфекция;;ХИМИТЕК ПОЛИДЕЗ®-СУПЕР;ручной (протирание);0,02 % – 0,05 % (по НУК), дозирующая система ProMax;18-20 °C;20 мин;промаркированный;1 раз в неделю;сотрудник внутреннего клининга;визуальный контроль/сотрудник отдела качества
85;Бытовая техника;микроволновки;микроволновая печь;микроволновая печь;;160;169;мойка;;ХИМИТЕК УНИВЕРСАЛ-ПД-Н;ручной (протирание, обработка щёткой);3,0 % – 4,0 %, дозирующая система ProMax;не ниже 40°C;;промаркированный;1 раз в неделю;сотрудник внутреннего клининга;визуальный контроль/сотрудник отдела качества
85;Бытовая техника;микроволновки;микроволновая печь;микроволновая печь;;160;170;дезинфекция;;ХИМИТЕК ПОЛИДЕЗ®-СУПЕР;ручной (протирание);0,02 % – 0,05 % (по НУК), дозирующая система ProMax;18-20 °C;20 мин;промаркированный;1 раз в неделю;сотрудник внутреннего клининга;визуальный контроль/сотрудник отдела качества
86;Бытовая техника;стиральные машины;стиральная машина;стиральная машина;;160;171;мойка;;ХИМИТЕК УНИВЕРСАЛ-ПД-Н;ручной (протирание, обработка щёткой);3,0 % – 4,0 %, дозирующая система ProMax;не ниже 40°C;;промаркированный;1 раз в неделю;сотрудник внутреннего клининга;визуальный контроль/сотрудник отдела качества
86;Бытовая техника;стиральные машины;стиральная машина;стиральная машина;;160;172;дезинфекция;;ХИМИТЕК ПОЛИДЕЗ®-СУПЕР;ручной (протирание);0,02 % – 0,05 % (по НУК), дозирующая система ProMax;18-20 °C;20 мин;промаркированный;1 раз в неделю;сотрудник внутреннего клининга;визуальный контроль/сотрудник отдела качества
87;Бытовая техника;сушильные машины;сушильная машина;сушильная машина;;160;173;мойка;;ХИМИТЕК УНИВЕРСАЛ-ПД-Н;ручной (протирание, обработка щёткой);3,0 % – 4,0 %, дозирующая система ProMax;не ниже 40°C;;промаркированный;1 раз в неделю;сотрудник внутреннего клининга;визуальный контроль/сотрудник отдела качества
87;Бытовая техника;сушильные машины;сушильная машина;сушильная машина;;160;174;дезинфекция;;ХИМИТЕК ПОЛИДЕЗ®-СУПЕР;ручной (протирание);0,02 % – 0,05 % (по НУК), дозирующая система ProMax;18-20 °C;20 мин;промаркированный;1 раз в неделю;сотрудник внутреннего клининга;визуальный контроль/сотрудник отдела качества
88;Бытовая техника;термопоты;термопот;термопот;;160;175;мойка;;ХИМИТЕК УНИВЕРСАЛ-ПД-Н;ручной (протирание, обработка щёткой);3,0 % – 4,0 %, дозирующая система ProMax;не ниже 40°C;;промаркированный;1 раз в неделю;сотрудник внутреннего клининга;визуальный контроль/сотрудник отдела качества
88;Бытовая техника;термопоты;термопот;термопот;;160;176;дезинфекция;;ХИМИТЕК ПОЛИДЕЗ®-СУПЕР;ручной (протирание);0,02 % – 0,05 % (по НУК), дозирующая система ProMax;18-20 °C;20 мин;промаркированный;1 раз в неделю;сотрудник внутреннего клининга;визуальный контроль/сотрудник отдела качества
89;Бытовая техника;холодильники;холодильник бытовой;холодильник бытовой;;160;177;мойка;;ХИМИТЕК УНИВЕРСАЛ-ПД-Н;ручной (протирание, обработка щёткой);3,0 % – 4,0 %, дозирующая система ProMax;не ниже 40°C;;промаркированный;1 раз в неделю;сотрудник внутреннего клининга;визуальный контроль/сотрудник отдела качества
89;Бытовая техника;холодильники;холодильник бытовой;холодильник бытовой;;160;178;дезинфекция;;ХИМИТЕК ПОЛИДЕЗ®-СУПЕР;ручной (протирание);0,02 % – 0,05 % (по НУК), дозирующая система ProMax;18-20 °C;20 мин;промаркированный;1 раз в неделю;сотрудник внутреннего клининга;визуальный контроль/сотрудник отдела качества
90;Бытовая техника;чайники;чайник электрический;чайник электрический;;160;179;мойка;;ХИМИТЕК УНИВЕРСАЛ-ПД-Н;ручной (протирание, обработка щёткой);3,0 % – 4,0 %, дозирующая система ProMax;не ниже 40°C;;промаркированный;1 раз в неделю;сотрудник внутреннего клининга;визуальный контроль/сотрудник отдела качества
90;Бытовая техника;чайники;чайник электрический;чайник электрический;;160;180;дезинфекция;;ХИМИТЕК ПОЛИДЕЗ®-СУПЕР;ручной (протирание);0,02 % – 0,05 % (по НУК), дозирующая система ProMax;18-20 °C;20 мин;промаркированный;1 раз в неделю;сотрудник внутреннего клининга;визуальный контроль/сотрудник отдела качества
91;Инвентарь, посуда и т.д.;вешала;вешала;вешала;;150;181;мойка;;ХИМИТЕК ЧУДОДЕЙ®-КОМБИ-ПЕНАКТИВ;ручной (обработка щёткой);2,0 % – 3,0 % дозирующая система ProMax;18-20 °C;;промаркированный;после каждого использования;сотрудник внутреннего клининга;визуальный контроль, химический контроль, микробиологический контроль /сотрудник отдела качества
91;Инвентарь, посуда и т.д.;вешала;вешала;вешала;;150;182;дезинфекция;;ХИМИТЕК ПОЛИДЕЗ®-СУПЕР;ручной (замачивание);0,02 % – 0,05 % (по НУК), дозирующая система ProMax;18-20 °C;20 мин;промаркированный;после каждого использования;сотрудник внутреннего клининга;визуальный контроль, химический контроль, микробиологический контроль /сотрудник отдела качества
92;Инвентарь, посуда и т.д.;внутрицеховая тара (вёдра ящики);внутрицеховая тара (вёдра, ящики);внутрицеховая тара (вёдра, ящики);;150;183;мойка;;ХИМИТЕК ЧУДОДЕЙ®-КОМБИ-ПЕНАКТИВ;ручной (обработка щёткой);2,0 % – 3,0 % дозирующая система ProMax;18-20 °C;;промаркированный;после каждого использования;сотрудник внутреннего клининга;визуальный контроль, химический контроль, микробиологический контроль /сотрудник отдела качества
92;Инвентарь, посуда и т.д.;внутрицеховая тара (вёдра ящики);внутрицеховая тара (вёдра, ящики);внутрицеховая тара (вёдра, ящики);;150;184;дезинфекция;;ХИМИТЕК ПОЛИДЕЗ®-СУПЕР;ручной (замачивание);0,02 % – 0,05 % (по НУК), дозирующая система ProMax;18-20 °C;20 мин;промаркированный;после каждого использования;сотрудник внутреннего клининга;визуальный контроль, химический контроль, микробиологический контроль /сотрудник отдела качества
93;Инвентарь, посуда и т.д.;гастроёмкости;гастроёмкости;гастроёмкости;;150;185;мойка;;ХИМИТЕК ЧУДОДЕЙ®-КОМБИ-ПЕНАКТИВ;ручной (обработка щёткой);2,0 % – 3,0 % дозирующая система ProMax;18-20 °C;;промаркированный;после каждого использования;сотрудник внутреннего клининга;визуальный контроль, химический контроль, микробиологический контроль /сотрудник отдела качества
93;Инвентарь, посуда и т.д.;гастроёмкости;гастроёмкости;гастроёмкости;;150;186;дезинфекция;;ХИМИТЕК ПОЛИДЕЗ®-СУПЕР;ручной (замачивание);0,02 % – 0,05 % (по НУК), дозирующая система ProMax;18-20 °C;20 мин;промаркированный;после каждого использования;сотрудник внутреннего клининга;визуальный контроль, химический контроль, микробиологический контроль /сотрудник отдела качества
94;Инвентарь, посуда и т.д.;дежи;дежи;дежи;;150;187;мойка;;ХИМИТЕК ЧУДОДЕЙ®-КОМБИ-ПЕНАКТИВ;ручной (обработка щёткой);2,0 % – 3,0 % дозирующая система ProMax;18-20 °C;;промаркированный;после каждого использования;сотрудник внутреннего клининга;визуальный контроль, химический контроль, микробиологический контроль /сотрудник отдела качества
94;Инвентарь, посуда и т.д.;дежи;дежи;дежи;;150;188;дезинфекция;;ХИМИТЕК ПОЛИДЕЗ®-СУПЕР;ручной (замачивание);0,02 % – 0,05 % (по НУК), дозирующая система ProMax;18-20 °C;20 мин;промаркированный;после каждого использования;сотрудник внутреннего клининга;визуальный контроль, химический контроль, микробиологический контроль /сотрудник отдела качества
95;Инвентарь, посуда и т.д.;доски;доски;доски;;150;189;мойка;;ХИМИТЕК ЧУДОДЕЙ®-КОМБИ-ПЕНАКТИВ;ручной (обработка щёткой);2,0 % – 3,0 % дозирующая система ProMax;18-20 °C;;промаркированный;после каждого использования;сотрудник внутреннего клининга;визуальный контроль, химический контроль, микробиологический контроль /сотрудник отдела качества
95;Инвентарь, посуда и т.д.;доски;доски;доски;;150;190;дезинфекция;;ХИМИТЕК ПОЛИДЕЗ®-СУПЕР;ручной (замачивание);0,02 % – 0,05 % (по НУК), дозирующая система ProMax;18-20 °C;20 мин;промаркированный;после каждого использования;сотрудник внутреннего клининга;визуальный контроль, химический контроль, микробиологический контроль /сотрудник отдела качества
96;Инвентарь, посуда и т.д.;изотермические контейнеры (bigbox);изотермические контейнеры (bigbox);изотермические контейнеры (bigbox);;150;191;мойка;;ХИМИТЕК ЧУДОДЕЙ®-КОМБИ-ПЕНАКТИВ;ручной (обработка щёткой);2,0 % – 3,0 % дозирующая система ProMax;18-20 °C;;промаркированный;после каждого использования;сотрудник внутреннего клининга;визуальный контроль, химический контроль, микробиологический контроль /сотрудник отдела качества
96;Инвентарь, посуда и т.д.;изотермические контейнеры (bigbox);изотермические контейнеры (bigbox);изотермические контейнеры (bigbox);;150;192;дезинфекция;;ХИМИТЕК ПОЛИДЕЗ®-СУПЕР;ручной (замачивание);0,02 % – 0,05 % (по НУК), дозирующая система ProMax;18-20 °C;20 мин;промаркированный;после каждого использования;сотрудник внутреннего клининга;визуальный контроль, химический контроль, микробиологический контроль /сотрудник отдела качества
97;Инвентарь, посуда и т.д.;инвентарь;инвентарь;инвентарь;;150;193;мойка;;ХИМИТЕК ЧУДОДЕЙ®-КОМБИ-ПЕНАКТИВ;ручной (обработка щёткой);2,0 % – 3,0 % дозирующая система ProMax;18-20 °C;;промаркированный;после каждого использования;сотрудник внутреннего клининга;визуальный контроль, химический контроль, микробиологический контроль /сотрудник отдела качества
97;Инвентарь, посуда и т.д.;инвентарь;инвентарь;инвентарь;;150;194;дезинфекция;;ХИМИТЕК ПОЛИДЕЗ®-СУПЕР;ручной (замачивание);0,02 % – 0,05 % (по НУК), дозирующая система ProMax;18-20 °C;20 мин;промаркированный;после каждого использования;сотрудник внутреннего клининга;визуальный контроль, химический контроль, микробиологический контроль /сотрудник отдела качества
98;Инвентарь, посуда и т.д.;корзины для расстойки теста;корзины для расстойки теста;корзины для расстойки теста;;150;195;мойка;;ХИМИТЕК ЧУДОДЕЙ®-КОМБИ-ПЕНАКТИВ;ручной (обработка щёткой);2,0 % – 3,0 % дозирующая система ProMax;18-20 °C;;промаркированный;после каждого использования;сотрудник внутреннего клининга;визуальный контроль, химический контроль, микробиологический контроль /сотрудник отдела качества
98;Инвентарь, посуда и т.д.;корзины для расстойки теста;корзины для расстойки теста;корзины для расстойки теста;;150;196;дезинфекция;;ХИМИТЕК ПОЛИДЕЗ®-СУПЕР;ручной (замачивание);0,02 % – 0,05 % (по НУК), дозирующая система ProMax;18-20 °C;20 мин;промаркированный;после каждого использования;сотрудник внутреннего клининга;визуальный контроль, химический контроль, микробиологический контроль /сотрудник отдела качества
99;Инвентарь, посуда и т.д.;крючки;крючки;крючки;;150;197;мойка;;ХИМИТЕК ЧУДОДЕЙ®-КОМБИ-ПЕНАКТИВ;ручной (обработка щёткой);2,0 % – 3,0 % дозирующая система ProMax;18-20 °C;;промаркированный;после каждого использования;сотрудник внутреннего клининга;визуальный контроль, химический контроль, микробиологический контроль /сотрудник отдела качества
99;Инвентарь, посуда и т.д.;крючки;крючки;крючки;;150;198;дезинфекция;;ХИМИТЕК ПОЛИДЕЗ®-СУПЕР;ручной (замачивание);0,02 % – 0,05 % (по НУК), дозирующая система ProMax;18-20 °C;20 мин;промаркированный;после каждого использования;сотрудник внутреннего клининга;визуальный контроль, химический контроль, микробиологический контроль /сотрудник отдела качества
100;Инвентарь, посуда и т.д.;листы для выпечки а;листы для выпечки алюминиевые;листы для выпечки;А;150;199;мойка;;ХИМИТЕК УНИВЕРСАЛ-ПД-Н;ручной (замачивание, обработка щёткой);3,0 % – 4,0 %, дозирующая система ProMax;не ниже 40°C;;промаркированный;1 раз в неделю, по мере загрязнения;сотрудник внутреннего клининга;визуальный контроль/сотрудник отдела качества
100;Инвентарь, посуда и т.д.;листы для выпечки а;листы для выпечки алюминиевые;листы для выпечки;А;150;200;дезинфекция;;ХИМИТЕК ПОЛИДЕЗ®-СУПЕР;ручной (замачивание);0,02 % – 0,05 % (по НУК), дозирующая система ProMax;18-20 °C;20 мин;промаркированный;1 раз в неделю, по мере загрязнения;сотрудник внутреннего клининга;визуальный контроль/сотрудник отдела качества
101;Инвентарь, посуда и т.д.;листы для выпечки н;листы для выпечки из нержавеющей стали;листы для выпечки;Н;150;201;мойка;;ХИМИТЕК УНИВЕРСАЛ-ПД-Н;ручной (замачивание, обработка щёткой);3,0 % – 4,0 %, дозирующая система ProMax;не ниже 40°C;;промаркированный;1 раз в неделю, по мере загрязнения;сотрудник внутреннего клининга;визуальный контроль/сотрудник отдела качества
101;Инвентарь, посуда и т.д.;листы для выпечки н;листы для выпечки из нержавеющей стали;листы для выпечки;Н;150;202;дезинфекция;;ХИМИТЕК ПОЛИДЕЗ®-СУПЕР;ручной (замачивание);0,02 % – 0,05 % (по НУК), дозирующая система ProMax;18-20 °C;20 мин;промаркированный;1 раз в неделю, по мере загрязнения;сотрудник внутреннего клининга;визуальный контроль/сотрудник отдела качества
102;Инвентарь, посуда и т.д.;листы от шпилек;листы от шпилек;листы от шпилек;;150;203;мойка;;ХИМИТЕК УНИВЕРСАЛ-ПД-Н;ручной (замачивание, обработка щёткой);3,0 % – 4,0 %, дозирующая система ProMax;не ниже 40°C;;промаркированный;1 раз в неделю, по мере загрязнения;сотрудник внутреннего клининга;визуальный контроль/сотрудник отдела качества
102;Инвентарь, посуда и т.д.;листы от шпилек;листы от шпилек;листы от шпилек;;150;204;дезинфекция;;ХИМИТЕК ПОЛИДЕЗ®-СУПЕР;ручной (замачивание);0,02 % – 0,05 % (по НУК), дозирующая система ProMax;18-20 °C;20 мин;промаркированный;1 раз в неделю, по мере загрязнения;сотрудник внутреннего клининга;визуальный контроль/сотрудник отдела качества
103;Инвентарь, посуда и т.д.;мусаты;мусаты;мусаты;;150;205;мойка;;ХИМИТЕК ЧУДОДЕЙ®-КОМБИ-ПЕНАКТИВ;ручной (обработка щёткой);2,0 % – 3,0 % дозирующая система ProMax;18-20 °C;;промаркированный;после каждого использования;сотрудник внутреннего клининга;визуальный контроль, химический контроль, микробиологический контроль /сотрудник отдела качества
103;Инвентарь, посуда и т.д.;мусаты;мусаты;мусаты;;150;206;дезинфекция;;ХИМИТЕК ПОЛИДЕЗ®-СУПЕР;ручной (замачивание);0,02 % – 0,05 % (по НУК), дозирующая система ProMax;18-20 °C;20 мин;промаркированный;после каждого использования;сотрудник внутреннего клининга;визуальный контроль, химический контроль, микробиологический контроль /сотрудник отдела качества
104;Инвентарь, посуда и т.д.;ножи;ножи разделочные;ножи разделочные;;150;207;мойка;;ХИМИТЕК ЧУДОДЕЙ®-КОМБИ-ПЕНАКТИВ;ручной (обработка щёткой);2,0 % – 3,0 % дозирующая система ProMax;18-20 °C;15 мин;промаркированный;после каждого использования;сотрудник внутреннего клининга;визуальный контроль, химический контроль, микробиологический контроль /сотрудник отдела качества
104;Инвентарь, посуда и т.д.;ножи;ножи разделочные;ножи разделочные;;150;208;дезинфекция;;ХИМИТЕК ПОЛИДЕЗ®-СУПЕР;ручной (замачивание);0,02 % – 0,05 % (по НУК), дозирующая система ProMax;18-20 °C;20 мин;промаркированный;после каждого использования;сотрудник внутреннего клининга;визуальный контроль, химический контроль, микробиологический контроль /сотрудник отдела качества
105;Инвентарь, посуда и т.д.;оборотная тара;оборотная тара;оборотная тара;;150;209;мойка;;ХИМИТЕК ЧУДОДЕЙ®-КОМБИ-ПЕНАКТИВ;ручной (протирание, обработка щёткой);2,0 % – 3,0 % дозирующая система ProMax;18-20 °C;;промаркированный;1 раз в смены;сотрудник внутреннего клининга;визуальный контроль, химический контроль, микробиологический контроль /сотрудник отдела качества
105;Инвентарь, посуда и т.д.;оборотная тара;оборотная тара;оборотная тара;;150;210;дезинфекция;;ХИМИТЕК ПОЛИДЕЗ®-СУПЕР;ручной (протирание);0,02 % – 0,05 % (по НУК), дозирующая система ProMax;18-20 °C;20 мин;промаркированный;1 раз в смены;сотрудник внутреннего клининга;визуальный контроль, химический контроль, микробиологический контроль /сотрудник отдела качества
106;Инвентарь, посуда и т.д.;отсадочные мешки;отсадочные мешки;отсадочные мешки;;150;211;мойка;;ХИМИТЕК ЧУДОДЕЙ®-КОМБИ-ПЕНАКТИВ;ручной (обработка щёткой);2,0 % – 3,0 % дозирующая система ProMax;18-20 °C;;промаркированный;после каждого использования;сотрудник внутреннего клининга;визуальный контроль, химический контроль, микробиологический контроль /сотрудник отдела качества
106;Инвентарь, посуда и т.д.;отсадочные мешки;отсадочные мешки;отсадочные мешки;;150;212;дезинфекция;;ХИМИТЕК ПОЛИДЕЗ®-СУПЕР;ручной (замачивание);0,02 % – 0,05 % (по НУК), дозирующая система ProMax;18-20 °C;20 мин;промаркированный;после каждого использования;сотрудник внутреннего клининга;визуальный контроль, химический контроль, микробиологический контроль /сотрудник отдела качества
107;Инвентарь, посуда и т.д.;передвижные ёмкости;передвижные ёмкости;передвижные ёмкости;;150;213;мойка;;ХИМИТЕК ЧУДОДЕЙ®-КОМБИ-ПЕНАКТИВ;ручной (протирание, обработка щёткой);2,0 % – 3,0 % дозирующая система ProMax;18-20 °C;;промаркированный;1 раз в смены;сотрудник внутреннего клининга;визуальный контроль, химический контроль, микробиологический контроль /сотрудник отдела качества
107;Инвентарь, посуда и т.д.;передвижные ёмкости;передвижные ёмкости;передвижные ёмкости;;150;214;дезинфекция;;ХИМИТЕК ПОЛИДЕЗ®-СУПЕР;ручной (протирание);0,02 % – 0,05 % (по НУК), дозирующая система ProMax;18-20 °C;20 мин;промаркированный;1 раз в смены;сотрудник внутреннего клининга;визуальный контроль, химический контроль, микробиологический контроль /сотрудник отдела качества
108;Инвентарь, посуда и т.д.;посуда;посуда;посуда;;150;215;мойка;;ХИМИТЕК ЧУДОДЕЙ®-КОМБИ-ПЕНАКТИВ;ручной (обработка щёткой);2,0 % – 3,0 % дозирующая система ProMax;18-20 °C;;промаркированный;после каждого использования;сотрудник внутреннего клининга;визуальный контроль, химический контроль, микробиологический контроль /сотрудник отдела качества
108;Инвентарь, посуда и т.д.;посуда;посуда;посуда;;150;216;дезинфекция;;ХИМИТЕК ПОЛИДЕЗ®-СУПЕР;ручной (замачивание);0,02 % – 0,05 % (по НУК), дозирующая система ProMax;18-20 °C;20 мин;промаркированный;после каждого использования;сотрудник внутреннего клининга;визуальный контроль, химический контроль, микробиологический контроль /сотрудник отдела качества
109;Инвентарь, посуда и т.д.;расстоечные термочехлы;расстоечные термочехлы;расстоечные термочехлы;;150;217;мойка;;ХИМИТЕК ЧУДОДЕЙ®-КОМБИ-ПЕНАКТИВ;ручной (протирание, обработка щёткой);2,0 % – 3,0 % дозирующая система ProMax;18-20 °C;;промаркированный;1 раз в смены;сотрудник внутреннего клининга;визуальный контроль, химический контроль, микробиологический контроль /сотрудник отдела качества
109;Инвентарь, посуда и т.д.;расстоечные термочехлы;расстоечные термочехлы;расстоечные термочехлы;;150;218;дезинфекция;;ХИМИТЕК ПОЛИДЕЗ®-СУПЕР;ручной (протирание);0,02 % – 0,05 % (по НУК), дозирующая система ProMax;18-20 °C;20 мин;промаркированный;1 раз в смены;сотрудник внутреннего клининга;визуальный контроль, химический контроль, микробиологический контроль /сотрудник отдела качества
110;Инвентарь, посуда и т.д.;секачи;секачи;секачи;;150;219;мойка;;ХИМИТЕК ЧУДОДЕЙ®-КОМБИ-ПЕНАКТИВ;ручной (обработка щёткой);2,0 % – 3,0 % дозирующая система ProMax;18-20 °C;15 мин;промаркированный;после каждого использования;сотрудник внутреннего клининга;визуальный контроль, химический контроль, микробиологический контроль /сотрудник отдела качества
110;Инвентарь, посуда и т.д.;секачи;секачи;секачи;;150;220;дезинфекция;;ХИМИТЕК ПОЛИДЕЗ®-СУПЕР;ручной (замачивание);0,02 % – 0,05 % (по НУК), дозирующая система ProMax;18-20 °C;20 мин;промаркированный;после каждого использования;сотрудник внутреннего клининга;визуальный контроль, химический контроль, микробиологический контроль /сотрудник отдела качества
111;Инвентарь, посуда и т.д.;силапеновые коврики;силапеновые коврики;силапеновые коврики;;150;221;мойка;;ХИМИТЕК УНИВЕРСАЛ-ПД-Н;ручной (обработка щёткой);3,0 % – 4,0 %, дозирующая система ProMax;не ниже 40°C;;промаркированный;после каждого использования;сотрудник внутреннего клининга;визуальный контроль, химический контроль, микробиологический контроль /сотрудник отдела качества
111;Инвентарь, посуда и т.д.;силапеновые коврики;силапеновые коврики;силапеновые коврики;;150;222;дезинфекция;;ХИМИТЕК ПОЛИДЕЗ®-СУПЕР;ручной (замачивание);0,02 % – 0,05 % (по НУК), дозирующая система ProMax;18-20 °C;20 мин;промаркированный;после каждого использования;сотрудник внутреннего клининга;визуальный контроль, химический контроль, микробиологический контроль /сотрудник отдела качества
112;Инвентарь, посуда и т.д.;съёмные детали оборудования а;съёмные детали оборудования алюминиевые;съёмные детали оборудования;А;150;223;мойка;;ХИМИТЕК УНИВЕРСАЛ-ПД-Н;ручной (обработка щёткой);3,0 % – 4,0 %, дозирующая система ProMax;не ниже 40°C;;промаркированный;после каждого использования;сотрудник внутреннего клининга;визуальный контроль, химический контроль, микробиологический контроль /сотрудник отдела качества
112;Инвентарь, посуда и т.д.;съёмные детали оборудования а;съёмные детали оборудования алюминиевые;съёмные детали оборудования;А;150;224;дезинфекция;;ХИМИТЕК ПОЛИДЕЗ®-СУПЕР;ручной (замачивание);0,02 % – 0,05 % (по НУК), дозирующая система ProMax;18-20 °C;20 мин;промаркированный;после каждого использования;сотрудник внутреннего клининга;визуальный контроль, химический контроль, микробиологический контроль /сотрудник отдела качества
113;Инвентарь, посуда и т.д.;съёмные детали оборудования н;съёмные детали оборудования из нержавеющей стали;съёмные детали оборудования;Н;150;225;мойка;;ХИМИТЕК УНИВЕРСАЛ-ПД-Н;ручной (обработка щёткой);3,0 % – 4,0 %, дозирующая система ProMax;не ниже 40°C;;промаркированный;после каждого использования;сотрудник внутреннего клининга;визуальный контроль, химический контроль, микробиологический контроль /сотрудник отдела качества
113;Инвентарь, посуда и т.д.;съёмные детали оборудования н;съёмные детали оборудования из нержавеющей стали;съёмные детали оборудования;Н;150;226;дезинфекция;;ХИМИТЕК ПОЛИДЕЗ®-СУПЕР;ручной (замачивание);0,02 % – 0,05 % (по НУК), дозирующая система ProMax;18-20 °C;20 мин;промаркированный;после каждого использования;сотрудник внутреннего клининга;визуальный контроль, химический контроль, микробиологический контроль /сотрудник отдела качества
114;Инвентарь, посуда и т.д.;тележки;тележки;тележки;;150;227;мойка;;ХИМИТЕК ЧУДОДЕЙ®-КОМБИ-ПЕНАКТИВ;ручной (нанесение пены, обработка щёткой);2,0 % АВД;18-20 °C;;промаркированный;1 раз в неделю;сотрудник внутреннего клининга;визуальный контроль/сотрудник отдела качества
114;Инвентарь, посуда и т.д.;тележки;тележки;тележки;;150;228;дезинфекция;;ХИМИТЕК ПОЛИДЕЗ®-СУПЕР;ручной (протирание);0,02 % – 0,05 % (по НУК), дозирующая система ProMax;18-20 °C;20 мин;промаркированный;1 раз в неделю;сотрудник внутреннего клининга;визуальный контроль/сотрудник отдела качества
115;Инвентарь, посуда и т.д.;тележки подкатные;тележки подкатные;тележки подкатные;;150;229;мойка;;ХИМИТЕК ЧУДОДЕЙ®-КОМБИ-ПЕНАКТИВ;ручной (нанесение пены, обработка щёткой);2,0 % АВД;18-20 °C;;промаркированный;1 раз в неделю;сотрудник внутреннего клининга;визуальный контроль/сотрудник отдела качества
115;Инвентарь, посуда и т.д.;тележки подкатные;тележки подкатные;тележки подкатные;;150;230;дезинфекция;;ХИМИТЕК ПОЛИДЕЗ®-СУПЕР;ручной (протирание);0,02 % – 0,05 % (по НУК), дозирующая система ProMax;18-20 °C;20 мин;промаркированный;1 раз в неделю;сотрудник внутреннего клининга;визуальный контроль/сотрудник отдела качества
116;Инвентарь, посуда и т.д.;формы для выпечки а;формы для выпечки алюминиевые;формы для выпечки;А;150;231;мойка;;ХИМИТЕК УНИВЕРСАЛ-ПД-Н;ручной (обработка щёткой);3,0 % – 4,0 %, дозирующая система ProMax;не ниже 40°C;;промаркированный;после каждого использования;сотрудник внутреннего клининга;визуальный контроль, химический контроль, микробиологический контроль /сотрудник отдела качества
116;Инвентарь, посуда и т.д.;формы для выпечки а;формы для выпечки алюминиевые;формы для выпечки;А;150;232;дезинфекция;;ХИМИТЕК ПОЛИДЕЗ®-СУПЕР;ручной (замачивание);0,02 % – 0,05 % (по НУК), дозирующая система ProMax;18-20 °C;20 мин;промаркированный;после каждого использования;сотрудник внутреннего клининга;визуальный контроль, химический контроль, микробиологический контроль /сотрудник отдела качества
117;Инвентарь, посуда и т.д.;формы для выпечки н;формы для выпечки из нержавеющей стали;формы для выпечки;Н;150;233;мойка;;ХИМИТЕК УНИВЕРСАЛ-ПД-Н;ручной (обработка щёткой);3,0 % – 4,0 %, дозирующая система ProMax;не ниже 40°C;;промаркированный;после каждого использования;сотрудник внутреннего клининга;визуальный контроль, химический контроль, микробиологический контроль /сотрудник отдела качества
117;Инвентарь, посуда и т.д.;формы для выпечки н;формы для выпечки из нержавеющей стали;формы для выпечки;Н;150;234;дезинфекция;;ХИМИТЕК ПОЛИДЕЗ®-СУПЕР;ручной (замачивание);0,02 % – 0,05 % (по НУК), дозирующая система ProMax;18-20 °C;20 мин;промаркированный;после каждого использования;сотрудник внутреннего клининга;визуальный контроль, химический контроль, микробиологический контроль /сотрудник отдела качества
118;Инвентарь, посуда и т.д.;формы для выпечки с;формы для выпечки силиконовые;формы для выпечки;С;150;235;мойка;;ХИМИТЕК УНИВЕРСАЛ-ПД-Н;ручной (обработка щёткой);3,0 % – 4,0 %, дозирующая система ProMax;не ниже 40°C;;промаркированный;после каждого использования;сотрудник внутреннего клининга;визуальный контроль, химический контроль, микробиологический контроль /сотрудник отдела качества
118;Инвентарь, посуда и т.д.;формы для выпечки с;формы для выпечки силиконовые;формы для выпечки;С;150;236;дезинфекция;;ХИМИТЕК ПОЛИДЕЗ®-СУПЕР;ручной (замачивание);0,02 % – 0,05 % (по НУК), дозирующая система ProMax;18-20 °C;20 мин;промаркированный;после каждого использования;сотрудник внутреннего клининга;визуальный контроль, химический контроль, микробиологический контроль /сотрудник отдела качества
119;Инвентарь, посуда и т.д.;шампура;шампуры;шампуры;;150;237;мойка;;ХИМИТЕК УНИВЕРСАЛ-ПД-Н;ручной (обработка щёткой);3,0 % – 4,0 %, дозирующая система ProMax;не ниже 40°C;;промаркированный;после каждого использования;сотрудник внутреннего клининга;визуальный контроль, химический контроль, микробиологический контроль /сотрудник отдела качества
119;Инвентарь, посуда и т.д.;шампура;шампуры;шампуры;;150;238;дезинфекция;;ХИМИТЕК ПОЛИДЕЗ®-СУПЕР;ручной (замачивание);0,02 % – 0,05 % (по НУК), дозирующая система ProMax;18-20 °C;20 мин;промаркированный;после каждого использования;сотрудник внутреннего клининга;визуальный контроль, химический контроль, микробиологический контроль /сотрудник отдела качества
120;Инвентарь, посуда и т.д.;шпильки;шпильки;шпильки;;150;239;мойка;;ХИМИТЕК ЧУДОДЕЙ®-КОМБИ-ПЕНАКТИВ;ручной (нанесение пены, обработка щёткой);2,0 % АВД;18-20 °C;;промаркированный;1 раз в неделю;сотрудник внутреннего клининга;визуальный контроль/сотрудник отдела качества
120;Инвентарь, посуда и т.д.;шпильки;шпильки;шпильки;;150;240;дезинфекция;;ХИМИТЕК ПОЛИДЕЗ®-СУПЕР;ручной (протирание);0,02 % – 0,05 % (по НУК), дозирующая система ProMax;18-20 °C;20 мин;промаркированный;1 раз в неделю;сотрудник внутреннего клининга;визуальный контроль/сотрудник отдела качества
121;Инвентарь, посуда и т.д.;ёмкости для перетаривания;ёмкости для перетаривания;ёмкости для перетаривания;;150;241;мойка;;ХИМИТЕК ЧУДОДЕЙ®-КОМБИ-ПЕНАКТИВ;ручной (нанесение пены, обработка щёткой);2,0 % АВД;18-20 °C;;промаркированный;1 раз в неделю;сотрудник внутреннего клининга;визуальный контроль/сотрудник отдела качества
121;Инвентарь, посуда и т.д.;ёмкости для перетаривания;ёмкости для перетаривания;ёмкости для перетаривания;;150;242;дезинфекция;;ХИМИТЕК ПОЛИДЕЗ®-СУПЕР;ручной (протирание);0,02 % – 0,05 % (по НУК), дозирующая система ProMax;18-20 °C;20 мин;промаркированный;1 раз в неделю;сотрудник внутреннего клининга;визуальный контроль/сотрудник отдела качества
122;Инвентарь, посуда и т.д.;ёмкости для сыпучих продуктов;ёмкости для сыпучих продуктов;ёмкости для сыпучих продуктов;;150;243;мойка;;ХИМИТЕК ЧУДОДЕЙ®-КОМБИ-ПЕНАКТИВ;ручной (нанесение пены, обработка щёткой);2,0 % АВД;18-20 °C;;промаркированный;1 раз в неделю;сотрудник внутреннего клининга;визуальный контроль/сотрудник отдела качества
122;Инвентарь, посуда и т.д.;ёмкости для сыпучих продуктов;ёмкости для сыпучих продуктов;ёмкости для сыпучих продуктов;;150;244;дезинфекция;;ХИМИТЕК ПОЛИДЕЗ®-СУПЕР;ручной (протирание);0,02 % – 0,05 % (по НУК), дозирующая система ProMax;18-20 °C;20 мин;промаркированный;1 раз в неделю;сотрудник внутреннего клининга;визуальный контроль/сотрудник отдела качества
123;Моечный, уборочный инвентарь и оборудование;авд;АВД;АВД;;170;245;мойка;;ХИМИТЕК УНИВЕРСАЛ-ПД-Н;ручной (замачивание);3,0 % – 4,0 %, дозирующая система ProMax;не ниже 40°C;;промаркированный;1 раз в смену;сотрудник внутреннего клининга;визуальный контроль/сотрудник отдела качества
123;Моечный, уборочный инвентарь и оборудование;авд;АВД;АВД;;170;246;дезинфекция;;ХИМИТЕК ПОЛИДЕЗ®-СУПЕР;ручной (протирание);0,02 %–0,04 % (по НУК), спрей-система ProTwin;18-20 ºС;30 мин;промаркированный;1 раз в смену;сотрудник внутреннего клининга;визуальный контроль/сотрудник отдела качества
124;Моечный, уборочный инвентарь и оборудование;ведра;ведра;ведра;;170;247;мойка;;ХИМИТЕК УНИВЕРСАЛ-ПД-Н;ручной (замачивание);3,0 % – 4,0 %, дозирующая система ProMax;не ниже 40°C;;промаркированный;1 раз в смену;сотрудник внутреннего клининга;визуальный контроль/сотрудник отдела качества
124;Моечный, уборочный инвентарь и оборудование;ведра;ведра;ведра;;170;248;дезинфекция;;ХИМИТЕК ПОЛИДЕЗ®-СУПЕР;ручной, замачивание;0,02 % – 0,05 % (по НУК), дозирующая система ProMax;18-20 ºС;30 мин;промаркированный;1 раз в смену;сотрудник внутреннего клининга;визуальный контроль/сотрудник отдела качества
125;Моечный, уборочный инвентарь и оборудование;ветошь;ветошь;ветошь;;170;249;мойка;;ВОДА;ручной;;не ниже 40 °C;1 минута;промаркированный;после каждого использования;сотрудник внутреннего клининга;визуальный контроль/сотрудник отдела качества
125;Моечный, уборочный инвентарь и оборудование;ветошь;ветошь;ветошь;;170;250;дезинфекция;;ХИМИТЕК ПОЛИДЕЗ®-СУПЕР;ручной, протирание;0,03 % (по НУК), дозирующая система ProMax;18-20 ºС;30 мин;промаркированный;после каждого использования;сотрудник внутреннего клининга;визуальный контроль/сотрудник отдела качества
126;Моечный, уборочный инвентарь и оборудование;мопы;мопы;мопы;;170;251;мойка;;ВОДА;ручной;;не ниже 40 °C;1 минута;промаркированный;после каждого использования;сотрудник внутреннего клининга;визуальный контроль/сотрудник отдела качества
126;Моечный, уборочный инвентарь и оборудование;мопы;мопы;мопы;;170;252;дезинфекция;;ХИМИТЕК ПОЛИДЕЗ®-СУПЕР;ручной, протирание;0,03 % (по НУК), дозирующая система ProMax;18-20 ºС;30 мин;промаркированный;после каждого использования;сотрудник внутреннего клининга;визуальный контроль/сотрудник отдела качества
127;Моечный, уборочный инвентарь и оборудование;поломоечная машина;поломоечная машина;поломоечная машина;;170;253;мойка;;ХИМИТЕК УНИВЕРСАЛ-ПД-Н;ручной (замачивание);3,0 % – 4,0 %, дозирующая система ProMax;не ниже 40°C;;промаркированный;1 раз в смену;сотрудник внутреннего клининга;визуальный контроль/сотрудник отдела качества
127;Моечный, уборочный инвентарь и оборудование;поломоечная машина;поломоечная машина;поломоечная машина;;170;254;дезинфекция;;ХИМИТЕК ПОЛИДЕЗ®-СУПЕР;ручной (протирание);0,02 %–0,04 % (по НУК), спрей-система ProTwin;18-20 ºС;30 мин;промаркированный;1 раз в смену;сотрудник внутреннего клининга;визуальный контроль/сотрудник отдела качества
128;Моечный, уборочный инвентарь и оборудование;пылесосы;пылесос;пылесос;;170;255;мойка;;ХИМИТЕК УНИВЕРСАЛ-ПД-Н;ручной (замачивание);3,0 % – 4,0 %, дозирующая система ProMax;не ниже 40°C;;промаркированный;1 раз в смену;сотрудник внутреннего клининга;визуальный контроль/сотрудник отдела качества
128;Моечный, уборочный инвентарь и оборудование;пылесосы;пылесос;пылесос;;170;256;дезинфекция;;ХИМИТЕК ПОЛИДЕЗ®-СУПЕР;ручной (протирание);0,02 %–0,04 % (по НУК), спрей-система ProTwin;18-20 ºС;30 мин;промаркированный;1 раз в смену;сотрудник внутреннего клининга;визуальный контроль/сотрудник отдела качества
129;Моечный, уборочный инвентарь и оборудование;сгоны;сгоны для воды;сгоны для воды;;170;257;мойка;;ХИМИТЕК УНИВЕРСАЛ-ПД-Н;ручной (замачивание);3,0 % – 4,0 %, дозирующая система ProMax;не ниже 40°C;;промаркированный;1 раз в смену;сотрудник внутреннего клининга;визуальный контроль/сотрудник отдела качества
129;Моечный, уборочный инвентарь и оборудование;сгоны;сгоны для воды;сгоны для воды;;170;258;дезинфекция;;ХИМИТЕК ПОЛИДЕЗ®-СУПЕР;ручной, замачивание;0,02 % – 0,05 % (по НУК), дозирующая система ProMax;18-20 ºС;30 мин;промаркированный;1 раз в смену;сотрудник внутреннего клининга;визуальный контроль/сотрудник отдела качества
130;Моечный, уборочный инвентарь и оборудование;тележки уборочные;тележки уборочные;тележки уборочные;;170;259;мойка;;ХИМИТЕК УНИВЕРСАЛ-ПД-Н;ручной (замачивание);3,0 % – 4,0 %, дозирующая система ProMax;не ниже 40°C;;промаркированный;1 раз в смену;сотрудник внутреннего клининга;визуальный контроль/сотрудник отдела качества
130;Моечный, уборочный инвентарь и оборудование;тележки уборочные;тележки уборочные;тележки уборочные;;170;260;дезинфекция;;ХИМИТЕК ПОЛИДЕЗ®-СУПЕР;ручной (протирание);0,02 %–0,04 % (по НУК), спрей-система ProTwin;18-20 ºС;30 мин;промаркированный;1 раз в смену;сотрудник внутреннего клининга;визуальный контроль/сотрудник отдела качества
131;Моечный, уборочный инвентарь и оборудование;щётки;щётки;щётки;;170;261;мойка;;ХИМИТЕК УНИВЕРСАЛ-ПД-Н;ручной (замачивание);3,0 % – 4,0 %, дозирующая система ProMax;не ниже 40°C;;промаркированный;1 раз в смену;сотрудник внутреннего клининга;визуальный контроль/сотрудник отдела качества
131;Моечный, уборочный инвентарь и оборудование;щётки;щётки;щётки;;170;262;дезинфекция;;ХИМИТЕК ПОЛИДЕЗ®-СУПЕР;ручной, замачивание;0,02 % – 0,05 % (по НУК), дозирующая система ProMax;18-20 ºС;30 мин;промаркированный;1 раз в смену;сотрудник внутреннего клининга;визуальный контроль/сотрудник отдела качества
132;Посудомоечное оборудование;пмм купольная;посудомоечная машина купольная;посудомоечная машина;купольная;160;263;мойка;;ХИМИТЕК УНИВЕРСАЛ-ПД-Н;ручной (замачивание);3,0 % – 4,0 %, дозирующая система ProMax;не ниже 40°C;;промаркированный;1 раз в смену;сотрудник внутреннего клининга;визуальный контроль/сотрудник отдела качества
132;Посудомоечное оборудование;пмм купольная;посудомоечная машина купольная;посудомоечная машина;купольная;160;264;дезинфекция;;ХИМИТЕК ПОЛИДЕЗ®-СУПЕР;ручной (протирание);0,02 %–0,04 % (по НУК), спрей-система ProTwin;18-20 ºС;30 мин;промаркированный;1 раз в смену;сотрудник внутреннего клининга;визуальный контроль/сотрудник отдела качества
133;Посудомоечное оборудование;пмм туннельная;посудомоечная машина туннельная;посудомоечная машина;туннельная;160;265;мойка;;ХИМИТЕК УНИВЕРСАЛ-ПД-Н;ручной (замачивание);3,0 % – 4,0 %, дозирующая система ProMax;не ниже 40°C;;промаркированный;1 раз в смену;сотрудник внутреннего клининга;визуальный контроль/сотрудник отдела качества
133;Посудомоечное оборудование;пмм туннельная;посудомоечная машина туннельная;посудомоечная машина;туннельная;160;266;дезинфекция;;ХИМИТЕК ПОЛИДЕЗ®-СУПЕР;ручной (протирание);0,02 %–0,04 % (по НУК), спрей-система ProTwin;18-20 ºС;30 мин;промаркированный;1 раз в смену;сотрудник внутреннего клининга;визуальный контроль/сотрудник отдела качества
134;Посудомоечное оборудование;таромоечная машина;таромоечная машина;таромоечная машина;;160;267;мойка;;ХИМИТЕК УНИВЕРСАЛ-ПД-Н;ручной (замачивание);3,0 % – 4,0 %, дозирующая система ProMax;не ниже 40°C;;промаркированный;1 раз в смену;сотрудник внутреннего клининга;визуальный контроль/сотрудник отдела качества
134;Посудомоечное оборудование;таромоечная машина;таромоечная машина;таромоечная машина;;160;268;дезинфекция;;ХИМИТЕК ПОЛИДЕЗ®-СУПЕР;ручной (протирание);0,02 %–0,04 % (по НУК), спрей-система ProTwin;18-20 ºС;30 мин;промаркированный;1 раз в смену;сотрудник внутреннего клининга;визуальный контроль/сотрудник отдела качества
135;Холодильное оборудование;камеры мороз;камеры морозильные;камеры морозильные;;160;269;мойка;;ХИМИТЕК ЧУДОДЕЙ®-КОМБИ-ПЕНАКТИВ;ручной (протирание, обработка щёткой);2,0 % – 3,0 % дозирующая система ProMax;18-20 °C;;промаркированный;1 раз в 3 месяца;сотрудник внутреннего клининга;визуальный контроль/сотрудник отдела качества
135;Холодильное оборудование;камеры мороз;камеры морозильные;камеры морозильные;;160;270;дезинфекция;;ХИМИТЕК ПОЛИДЕЗ®-СУПЕР;ручной (протирание);0,02 % – 0,05 % (по НУК), дозирующая система ProMax;18-20 °C;20 мин;промаркированный;1 раз в 3 месяца;сотрудник внутреннего клининга;визуальный контроль/сотрудник отдела качества
136;Холодильное оборудование;камеры холод;камеры холодильные;камеры холодильные;;160;271;мойка;;ХИМИТЕК ЧУДОДЕЙ®-КОМБИ-ПЕНАКТИВ;ручной (протирание, обработка щёткой);2,0 % – 3,0 % дозирующая система ProMax;18-20 °C;;промаркированный;1 раз в 3 месяца;сотрудник внутреннего клининга;визуальный контроль/сотрудник отдела качества
136;Холодильное оборудование;камеры холод;камеры холодильные;камеры холодильные;;160;272;дезинфекция;;ХИМИТЕК ПОЛИДЕЗ®-СУПЕР;ручной (протирание);0,02 % – 0,05 % (по НУК), дозирующая система ProMax;18-20 °C;20 мин;промаркированный;1 раз в 3 месяца;сотрудник внутреннего клининга;визуальный контроль/сотрудник отдела качества
137;Холодильное оборудование;камеры шок замор;камеры шоковой заморозки;камеры шоковой заморозки;;160;273;мойка;;ХИМИТЕК ЧУДОДЕЙ®-КОМБИ-ПЕНАКТИВ;ручной (протирание, обработка щёткой);2,0 % – 3,0 % дозирующая система ProMax;18-20 °C;;промаркированный;1 раз в 3 месяца;сотрудник внутреннего клининга;визуальный контроль/сотрудник отдела качества
137;Холодильное оборудование;камеры шок замор;камеры шоковой заморозки;камеры шоковой заморозки;;160;274;дезинфекция;;ХИМИТЕК ПОЛИДЕЗ®-СУПЕР;ручной (протирание);0,02 % – 0,05 % (по НУК), дозирующая система ProMax;18-20 °C;20 мин;промаркированный;1 раз в 3 месяца;сотрудник внутреннего клининга;визуальный контроль/сотрудник отдела качества
138;Холодильное оборудование;ледогенератор;ледогенератор;ледогенератор;;160;275;мойка;;ХИМИТЕК ЧУДОДЕЙ®-КОМБИ-ПЕНАКТИВ;ручной (протирание, обработка щёткой);2,0 % – 3,0 % дозирующая система ProMax;18-20 °C;;промаркированный;1 раз в 3 месяца;сотрудник внутреннего клининга;визуальный контроль/сотрудник отдела качества
138;Холодильное оборудование;ледогенератор;ледогенератор;ледогенератор;;160;276;дезинфекция;;ХИМИТЕК ПОЛИДЕЗ®-СУПЕР;ручной (протирание);0,02 % – 0,05 % (по НУК), дозирующая система ProMax;18-20 °C;20 мин;промаркированный;1 раз в 3 месяца;сотрудник внутреннего клининга;визуальный контроль/сотрудник отдела качества
139;Холодильное оборудование;морозильный ларь;морозильный ларь;морозильный ларь;;160;277;мойка;;ХИМИТЕК ЧУДОДЕЙ®-КОМБИ-ПЕНАКТИВ;ручной (протирание, обработка щёткой);2,0 % – 3,0 % дозирующая система ProMax;18-20 °C;;промаркированный;1 раз в 3 месяца;сотрудник внутреннего клининга;визуальный контроль/сотрудник отдела качества
139;Холодильное оборудование;морозильный ларь;морозильный ларь;морозильный ларь;;160;278;дезинфекция;;ХИМИТЕК ПОЛИДЕЗ®-СУПЕР;ручной (протирание);0,02 % – 0,05 % (по НУК), дозирующая система ProMax;18-20 °C;20 мин;промаркированный;1 раз в 3 месяца;сотрудник внутреннего клининга;визуальный контроль/сотрудник отдела качества
140;Холодильное оборудование;холод столы;холодильные столы;холодильные столы;;160;279;мойка;;ХИМИТЕК ЧУДОДЕЙ®-КОМБИ-ПЕНАКТИВ;ручной (протирание, обработка щёткой);2,0 % – 3,0 % дозирующая система ProMax;18-20 °C;;промаркированный;1 раз в неделю;сотрудник внутреннего клининга;визуальный контроль/сотрудник отдела качества
140;Холодильное оборудование;холод столы;холодильные столы;холодильные столы;;160;280;дезинфекция;;ХИМИТЕК ПОЛИДЕЗ®-СУПЕР;ручной (протирание);0,02 % – 0,05 % (по НУК), дозирующая система ProMax;18-20 °C;20 мин;промаркированный;1 раз в неделю;сотрудник внутреннего клининга;визуальный контроль/сотрудник отдела качества
141;Холодильное оборудование;холод шкафы;холодильные шкафы;холодильные шкафы;;160;281;мойка;;ХИМИТЕК ЧУДОДЕЙ®-КОМБИ-ПЕНАКТИВ;ручной (протирание, обработка щёткой);2,0 % – 3,0 % дозирующая система ProMax;18-20 °C;;промаркированный;1 раз в неделю;сотрудник внутреннего клининга;визуальный контроль/сотрудник отдела качества
141;Холодильное оборудование;холод шкафы;холодильные шкафы;холодильные шкафы;;160;282;дезинфекция;;ХИМИТЕК ПОЛИДЕЗ®-СУПЕР;ручной (протирание);0,02 % – 0,05 % (по НУК), дозирующая система ProMax;18-20 °C;20 мин;промаркированный;1 раз в неделю;сотрудник внутреннего клининга;визуальный контроль/сотрудник отдела качества
142;Тепловое оборудование;варочные котлы;варочные котлы;варочные котлы;;150;283;мойка;;ХИМИТЕК ЧУДОДЕЙ®-КОМБИ-ПЕНАКТИВ;ручной (протирание);2,0 % – 3,0 % дозирующая система ProMax;18-20 °C;;промаркированный;1 раз в смену;сотрудник производства;визуальный контроль, химический контроль, микробиологический контроль /сотрудник отдела качества
142;Тепловое оборудование;варочные котлы;варочные котлы;варочные котлы;;150;284;дезинфекция;;ХИМИТЕК ПОЛИДЕЗ®-СУПЕР;ручной (протирание);0,02 % – 0,05 % (по НУК), дозирующая система ProMax;18-20 °C;20 мин;промаркированный;1 раз в смену;сотрудник производства;визуальный контроль, химический контроль, микробиологический контроль /сотрудник отдела качества
143;Тепловое оборудование;вафельницы;вафельницы;вафельницы;;150;285;мойка;;ХИМИТЕК ЧУДОДЕЙ®-КОМБИ-ПЕНАКТИВ;ручной (протирание);2,0 % – 3,0 % дозирующая система ProMax;18-20 °C;;промаркированный;1 раз в смену;сотрудник производства;визуальный контроль, химический контроль, микробиологический контроль /сотрудник отдела качества
143;Тепловое оборудование;вафельницы;вафельницы;вафельницы;;150;286;дезинфекция;;ХИМИТЕК ПОЛИДЕЗ®-СУПЕР;ручной (протирание);0,02 % – 0,05 % (по НУК), дозирующая система ProMax;18-20 °C;20 мин;промаркированный;1 раз в смену;сотрудник производства;визуальный контроль, химический контроль, микробиологический контроль /сотрудник отдела качества
144;Тепловое оборудование;грили;грили;грили;;150;287;мойка;;ХИМИТЕК ЧУДОДЕЙ®-КОМБИ-ПЕНАКТИВ;ручной (протирание);2,0 % – 3,0 % дозирующая система ProMax;18-20 °C;;промаркированный;1 раз в смену;сотрудник производства;визуальный контроль, химический контроль, микробиологический контроль /сотрудник отдела качества
144;Тепловое оборудование;грили;грили;грили;;150;288;дезинфекция;;ХИМИТЕК ПОЛИДЕЗ®-СУПЕР;ручной (протирание);0,02 % – 0,05 % (по НУК), дозирующая система ProMax;18-20 °C;20 мин;промаркированный;1 раз в смену;сотрудник производства;визуальный контроль, химический контроль, микробиологический контроль /сотрудник отдела качества
145;Тепловое оборудование;пароконвектоматы;пароконвектоматы;пароконвектоматы;;150;289;мойка;;ХИМИТЕК ЧУДОДЕЙ®-КОМБИ-ПЕНАКТИВ;ручной (протирание);2,0 % – 3,0 % дозирующая система ProMax;18-20 °C;;промаркированный;1 раз в смену;сотрудник производства;визуальный контроль, химический контроль, микробиологический контроль /сотрудник отдела качества
145;Тепловое оборудование;пароконвектоматы;пароконвектоматы;пароконвектоматы;;150;290;дезинфекция;;ХИМИТЕК ПОЛИДЕЗ®-СУПЕР;ручной (протирание);0,02 % – 0,05 % (по НУК), дозирующая система ProMax;18-20 °C;20 мин;промаркированный;1 раз в смену;сотрудник производства;визуальный контроль, химический контроль, микробиологический контроль /сотрудник отдела качества
146;Тепловое оборудование;печи подовые;печи подовые;печи подовые;;150;291;мойка;;ХИМИТЕК ЧУДОДЕЙ®-КОМБИ-ПЕНАКТИВ;ручной (протирание);2,0 % – 3,0 % дозирующая система ProMax;18-20 °C;;промаркированный;1 раз в смену;сотрудник производства;визуальный контроль, химический контроль, микробиологический контроль /сотрудник отдела качества
146;Тепловое оборудование;печи подовые;печи подовые;печи подовые;;150;292;дезинфекция;;ХИМИТЕК ПОЛИДЕЗ®-СУПЕР;ручной (протирание);0,02 % – 0,05 % (по НУК), дозирующая система ProMax;18-20 °C;20 мин;промаркированный;1 раз в смену;сотрудник производства;визуальный контроль, химический контроль, микробиологический контроль /сотрудник отдела качества
147;Тепловое оборудование;печи ротационные;печи ротационные;печи ротационные;;150;293;мойка;;ХИМИТЕК ЧУДОДЕЙ®-КОМБИ-ПЕНАКТИВ;ручной (протирание);2,0 % – 3,0 % дозирующая система ProMax;18-20 °C;;промаркированный;1 раз в смену;сотрудник производства;визуальный контроль, химический контроль, микробиологический контроль /сотрудник отдела качества
147;Тепловое оборудование;печи ротационные;печи ротационные;печи ротационные;;150;294;дезинфекция;;ХИМИТЕК ПОЛИДЕЗ®-СУПЕР;ручной (протирание);0,02 % – 0,05 % (по НУК), дозирующая система ProMax;18-20 °C;20 мин;промаркированный;1 раз в смену;сотрудник производства;визуальный контроль, химический контроль, микробиологический контроль /сотрудник отдела качества
148;Тепловое оборудование;плиты газ;плиты газовые;плиты газовые;;150;295;мойка;;ХИМИТЕК ЧУДОДЕЙ®-КОМБИ-ПЕНАКТИВ;ручной (протирание);2,0 % – 3,0 % дозирующая система ProMax;18-20 °C;;промаркированный;1 раз в смену;сотрудник производства;визуальный контроль, химический контроль, микробиологический контроль /сотрудник отдела качества
148;Тепловое оборудование;плиты газ;плиты газовые;плиты газовые;;150;296;дезинфекция;;ХИМИТЕК ПОЛИДЕЗ®-СУПЕР;ручной (протирание);0,02 % – 0,05 % (по НУК), дозирующая система ProMax;18-20 °C;20 мин;промаркированный;1 раз в смену;сотрудник производства;визуальный контроль, химический контроль, микробиологический контроль /сотрудник отдела качества
149;Тепловое оборудование;плиты индук;плиты индукционные;плиты индукционные;;150;297;мойка;;ХИМИТЕК ЧУДОДЕЙ®-КОМБИ-ПЕНАКТИВ;ручной (протирание);2,0 % – 3,0 % дозирующая система ProMax;18-20 °C;;промаркированный;1 раз в смену;сотрудник производства;визуальный контроль, химический контроль, микробиологический контроль /сотрудник отдела качества
149;Тепловое оборудование;плиты индук;плиты индукционные;плиты индукционные;;150;298;дезинфекция;;ХИМИТЕК ПОЛИДЕЗ®-СУПЕР;ручной (протирание);0,02 % – 0,05 % (по НУК), дозирующая система ProMax;18-20 °C;20 мин;промаркированный;1 раз в смену;сотрудник производства;визуальный контроль, химический контроль, микробиологический контроль /сотрудник отдела качества
150;Тепловое оборудование;плиты элек;плиты электрические;плиты электрические;;150;299;мойка;;ХИМИТЕК ЧУДОДЕЙ®-КОМБИ-ПЕНАКТИВ;ручной (протирание);2,0 % – 3,0 % дозирующая система ProMax;18-20 °C;;промаркированный;1 раз в смену;сотрудник производства;визуальный контроль, химический контроль, микробиологический контроль /сотрудник отдела качества
150;Тепловое оборудование;плиты элек;плиты электрические;плиты электрические;;150;300;дезинфекция;;ХИМИТЕК ПОЛИДЕЗ®-СУПЕР;ручной (протирание);0,02 % – 0,05 % (по НУК), дозирующая система ProMax;18-20 °C;20 мин;промаркированный;1 раз в смену;сотрудник производства;визуальный контроль, химический контроль, микробиологический контроль /сотрудник отдела качества
151;Тепловое оборудование;расстоечные шкафы;расстоечные шкафы;расстоечные шкафы;;150;301;мойка;;ХИМИТЕК ЧУДОДЕЙ®-КОМБИ-ПЕНАКТИВ;ручной (протирание);2,0 % – 3,0 % дозирующая система ProMax;18-20 °C;;промаркированный;1 раз в смену;сотрудник производства;визуальный контроль, химический контроль, микробиологический контроль /сотрудник отдела качества
151;Тепловое оборудование;расстоечные шкафы;расстоечные шкафы;расстоечные шкафы;;150;302;дезинфекция;;ХИМИТЕК ПОЛИДЕЗ®-СУПЕР;ручной (протирание);0,02 % – 0,05 % (по НУК), дозирующая система ProMax;18-20 °C;20 мин;промаркированный;1 раз в смену;сотрудник производства;визуальный контроль, химический контроль, микробиологический контроль /сотрудник отдела качества
152;Тепловое оборудование;сковороды;сковороды;сковороды;;150;303;мойка;;ХИМИТЕК ЧУДОДЕЙ®-КОМБИ-ПЕНАКТИВ;ручной (протирание);2,0 % – 3,0 % дозирующая система ProMax;18-20 °C;;промаркированный;1 раз в смену;сотрудник производства;визуальный контроль, химический контроль, микробиологический контроль /сотрудник отдела качества
152;Тепловое оборудование;сковороды;сковороды;сковороды;;150;304;дезинфекция;;ХИМИТЕК ПОЛИДЕЗ®-СУПЕР;ручной (протирание);0,02 % – 0,05 % (по НУК), дозирующая система ProMax;18-20 °C;20 мин;промаркированный;1 раз в смену;сотрудник производства;визуальный контроль, химический контроль, микробиологический контроль /сотрудник отдела качества
153;Тепловое оборудование;фритюры;фритюры;фритюры;;150;305;мойка;;ХИМИТЕК ЧУДОДЕЙ®-КОМБИ-ПЕНАКТИВ;ручной (протирание);2,0 % – 3,0 % дозирующая система ProMax;18-20 °C;;промаркированный;1 раз в смену;сотрудник производства;визуальный контроль, химический контроль, микробиологический контроль /сотрудник отдела качества
153;Тепловое оборудование;фритюры;фритюры;фритюры;;150;306;дезинфекция;;ХИМИТЕК ПОЛИДЕЗ®-СУПЕР;ручной (протирание);0,02 % – 0,05 % (по НУК), дозирующая система ProMax;18-20 °C;20 мин;промаркированный;1 раз в смену;сотрудник производства;визуальный контроль, химический контроль, микробиологический контроль /сотрудник отдела качества
154;Технологическое оборудование;бисквиторезки;бисквиторезки;бисквиторезки;;150;307;мойка;;ХИМИТЕК ЧУДОДЕЙ®-КОМБИ-ПЕНАКТИВ;ручной (протирание);2,0 % – 3,0 % дозирующая система ProMax;18-20 °C;;промаркированный;1 раз в смену;сотрудник производства;визуальный контроль, химический контроль, микробиологический контроль /сотрудник отдела качества
154;Технологическое оборудование;бисквиторезки;бисквиторезки;бисквиторезки;;150;308;дезинфекция;;ХИМИТЕК ПОЛИДЕЗ®-СУПЕР;ручной (протирание);0,02 % – 0,05 % (по НУК), дозирующая система ProMax;18-20 °C;20 мин;промаркированный;1 раз в смену;сотрудник производства;визуальный контроль, химический контроль, микробиологический контроль /сотрудник отдела качества
155;Технологическое оборудование;блендеры;блендеры;блендеры;;150;309;мойка;;ХИМИТЕК ЧУДОДЕЙ®-КОМБИ-ПЕНАКТИВ;ручной (протирание);2,0 % – 3,0 % дозирующая система ProMax;18-20 °C;;промаркированный;1 раз в смену;сотрудник производства;визуальный контроль, химический контроль, микробиологический контроль /сотрудник отдела качества
155;Технологическое оборудование;блендеры;блендеры;блендеры;;150;310;дезинфекция;;ХИМИТЕК ПОЛИДЕЗ®-СУПЕР;ручной (протирание);0,02 % – 0,05 % (по НУК), дозирующая система ProMax;18-20 °C;20 мин;промаркированный;1 раз в смену;сотрудник производства;визуальный контроль, химический контроль, микробиологический контроль /сотрудник отдела качества
156;Технологическое оборудование;вакуумные роторные шприцы;вакуумные роторные шприцы;вакуумные роторные шприцы;;150;311;мойка;;ХИМИТЕК ЧУДОДЕЙ®-КОМБИ-ПЕНАКТИВ;ручной (протирание);2,0 % – 3,0 % дозирующая система ProMax;18-20 °C;;промаркированный;1 раз в смену;сотрудник производства;визуальный контроль, химический контроль, микробиологический контроль /сотрудник отдела качества
156;Технологическое оборудование;вакуумные роторные шприцы;вакуумные роторные шприцы;вакуумные роторные шприцы;;150;312;дезинфекция;;ХИМИТЕК ПОЛИДЕЗ®-СУПЕР;ручной (протирание);0,02 % – 0,05 % (по НУК), дозирующая система ProMax;18-20 °C;20 мин;промаркированный;1 раз в смену;сотрудник производства;визуальный контроль, химический контроль, микробиологический контроль /сотрудник отдела качества
157;Технологическое оборудование;весы напольные;весы напольные;весы напольные;;150;313;мойка;;ХИМИТЕК ЧУДОДЕЙ®-КОМБИ-ПЕНАКТИВ;ручной (протирание);2,0 % – 3,0 % дозирующая система ProMax;18-20 °C;;промаркированный;1 раз в смену;сотрудник производства;визуальный контроль, химический контроль, микробиологический контроль /сотрудник отдела качества
157;Технологическое оборудование;весы напольные;весы напольные;весы напольные;;150;314;дезинфекция;;ХИМИТЕК ПОЛИДЕЗ®-СУПЕР;ручной (протирание);0,02 % – 0,05 % (по НУК), дозирующая система ProMax;18-20 °C;20 мин;промаркированный;1 раз в смену;сотрудник производства;визуальный контроль, химический контроль, микробиологический контроль /сотрудник отдела качества
158;Технологическое оборудование;весы настольные;весы настольные;весы настольные;;150;315;мойка;;ХИМИТЕК ЧУДОДЕЙ®-КОМБИ-ПЕНАКТИВ;ручной (протирание);2,0 % – 3,0 % дозирующая система ProMax;18-20 °C;;промаркированный;1 раз в смену;сотрудник производства;визуальный контроль, химический контроль, микробиологический контроль /сотрудник отдела качества
158;Технологическое оборудование;весы настольные;весы настольные;весы настольные;;150;316;дезинфекция;;ХИМИТЕК ПОЛИДЕЗ®-СУПЕР;ручной (протирание);0,02 % – 0,05 % (по НУК), дозирующая система ProMax;18-20 °C;20 мин;промаркированный;1 раз в смену;сотрудник производства;визуальный контроль, химический контроль, микробиологический контроль /сотрудник отдела качества
159;Технологическое оборудование;водяные бани;водяные бани;водяные бани;;150;317;мойка;;ХИМИТЕК ЧУДОДЕЙ®-КОМБИ-ПЕНАКТИВ;ручной (протирание);2,0 % – 3,0 % дозирующая система ProMax;18-20 °C;;промаркированный;1 раз в смену;сотрудник производства;визуальный контроль, химический контроль, микробиологический контроль /сотрудник отдела качества
159;Технологическое оборудование;водяные бани;водяные бани;водяные бани;;150;318;дезинфекция;;ХИМИТЕК ПОЛИДЕЗ®-СУПЕР;ручной (протирание);0,02 % – 0,05 % (по НУК), дозирующая система ProMax;18-20 °C;20 мин;промаркированный;1 раз в смену;сотрудник производства;визуальный контроль, химический контроль, микробиологический контроль /сотрудник отдела качества
160;Технологическое оборудование;депозитор волюметрический;депозитор волюметрический;депозитор волюметрический;;150;319;мойка;;ХИМИТЕК ЧУДОДЕЙ®-КОМБИ-ПЕНАКТИВ;ручной (протирание);2,0 % – 3,0 % дозирующая система ProMax;18-20 °C;;промаркированный;1 раз в смену;сотрудник производства;визуальный контроль, химический контроль, микробиологический контроль /сотрудник отдела качества
160;Технологическое оборудование;депозитор волюметрический;депозитор волюметрический;депозитор волюметрический;;150;320;дезинфекция;;ХИМИТЕК ПОЛИДЕЗ®-СУПЕР;ручной (протирание);0,02 % – 0,05 % (по НУК), дозирующая система ProMax;18-20 °C;20 мин;промаркированный;1 раз в смену;сотрудник производства;визуальный контроль, химический контроль, микробиологический контроль /сотрудник отдела качества
161;Технологическое оборудование;дозатор для геля (пульверизатор);дозатор для геля (пульверизатор);дозатор для геля (пульверизатор);;150;321;мойка;;ХИМИТЕК ЧУДОДЕЙ®-КОМБИ-ПЕНАКТИВ;ручной (протирание);2,0 % – 3,0 % дозирующая система ProMax;18-20 °C;;промаркированный;1 раз в смену;сотрудник производства;визуальный контроль, химический контроль, микробиологический контроль /сотрудник отдела качества
161;Технологическое оборудование;дозатор для геля (пульверизатор);дозатор для геля (пульверизатор);дозатор для геля (пульверизатор);;150;322;дезинфекция;;ХИМИТЕК ПОЛИДЕЗ®-СУПЕР;ручной (протирание);0,02 % – 0,05 % (по НУК), дозирующая система ProMax;18-20 °C;20 мин;промаркированный;1 раз в смену;сотрудник производства;визуальный контроль, химический контроль, микробиологический контроль /сотрудник отдела качества
162;Технологическое оборудование;дозаторы для жидкостей;дозаторы для жидкостей;дозаторы для жидкостей;;150;323;мойка;;ХИМИТЕК ЧУДОДЕЙ®-КОМБИ-ПЕНАКТИВ;ручной (протирание);2,0 % – 3,0 % дозирующая система ProMax;18-20 °C;;промаркированный;1 раз в смену;сотрудник производства;визуальный контроль, химический контроль, микробиологический контроль /сотрудник отдела качества
162;Технологическое оборудование;дозаторы для жидкостей;дозаторы для жидкостей;дозаторы для жидкостей;;150;324;дезинфекция;;ХИМИТЕК ПОЛИДЕЗ®-СУПЕР;ручной (протирание);0,02 % – 0,05 % (по НУК), дозирующая система ProMax;18-20 °C;20 мин;промаркированный;1 раз в смену;сотрудник производства;визуальный контроль, химический контроль, микробиологический контроль /сотрудник отдела качества
163;Технологическое оборудование;дробилки;дробилки;дробилки;;150;325;мойка;;ХИМИТЕК ЧУДОДЕЙ®-КОМБИ-ПЕНАКТИВ;ручной (протирание);2,0 % – 3,0 % дозирующая система ProMax;18-20 °C;;промаркированный;1 раз в смену;сотрудник производства;визуальный контроль, химический контроль, микробиологический контроль /сотрудник отдела качества
163;Технологическое оборудование;дробилки;дробилки;дробилки;;150;326;дезинфекция;;ХИМИТЕК ПОЛИДЕЗ®-СУПЕР;ручной (протирание);0,02 % – 0,05 % (по НУК), дозирующая система ProMax;18-20 °C;20 мин;промаркированный;1 раз в смену;сотрудник производства;визуальный контроль, химический контроль, микробиологический контроль /сотрудник отдела качества
164;Технологическое оборудование;измельчители;измельчители;измельчители;;150;327;мойка;;ХИМИТЕК ЧУДОДЕЙ®-КОМБИ-ПЕНАКТИВ;ручной (протирание);2,0 % – 3,0 % дозирующая система ProMax;18-20 °C;;промаркированный;1 раз в смену;сотрудник производства;визуальный контроль, химический контроль, микробиологический контроль /сотрудник отдела качества
164;Технологическое оборудование;измельчители;измельчители;измельчители;;150;328;дезинфекция;;ХИМИТЕК ПОЛИДЕЗ®-СУПЕР;ручной (протирание);0,02 % – 0,05 % (по НУК), дозирующая система ProMax;18-20 °C;20 мин;промаркированный;1 раз в смену;сотрудник производства;визуальный контроль, химический контроль, микробиологический контроль /сотрудник отдела качества
165;Технологическое оборудование;картофелечистки;картофелечистки;картофелечистки;;150;329;мойка;;ХИМИТЕК ЧУДОДЕЙ®-КОМБИ-ПЕНАКТИВ;ручной (протирание);2,0 % – 3,0 % дозирующая система ProMax;18-20 °C;;промаркированный;1 раз в смену;сотрудник производства;визуальный контроль, химический контроль, микробиологический контроль /сотрудник отдела качества
165;Технологическое оборудование;картофелечистки;картофелечистки;картофелечистки;;150;330;дезинфекция;;ХИМИТЕК ПОЛИДЕЗ®-СУПЕР;ручной (протирание);0,02 % – 0,05 % (по НУК), дозирующая система ProMax;18-20 °C;20 мин;промаркированный;1 раз в смену;сотрудник производства;визуальный контроль, химический контроль, микробиологический контроль /сотрудник отдела качества
166;Технологическое оборудование;машина для резки конд изделий;машина для резки кондитерских изделий;машина для резки кондитерских изделий;;150;331;мойка;;ХИМИТЕК ЧУДОДЕЙ®-КОМБИ-ПЕНАКТИВ;ручной (протирание);2,0 % – 3,0 % дозирующая система ProMax;18-20 °C;;промаркированный;1 раз в смену;сотрудник производства;визуальный контроль, химический контроль, микробиологический контроль /сотрудник отдела качества
166;Технологическое оборудование;машина для резки конд изделий;машина для резки кондитерских изделий;машина для резки кондитерских изделий;;150;332;дезинфекция;;ХИМИТЕК ПОЛИДЕЗ®-СУПЕР;ручной (протирание);0,02 % – 0,05 % (по НУК), дозирующая система ProMax;18-20 °C;20 мин;промаркированный;1 раз в смену;сотрудник производства;визуальный контроль, химический контроль, микробиологический контроль /сотрудник отдела качества
167;Технологическое оборудование;металлодетектор;металлодетектор;металлодетектор;;150;333;мойка;;ХИМИТЕК ЧУДОДЕЙ®-КОМБИ-ПЕНАКТИВ;ручной (протирание);2,0 % – 3,0 % дозирующая система ProMax;18-20 °C;;промаркированный;1 раз в смену;сотрудник производства;визуальный контроль, химический контроль, микробиологический контроль /сотрудник отдела качества
167;Технологическое оборудование;металлодетектор;металлодетектор;металлодетектор;;150;334;дезинфекция;;ХИМИТЕК ПОЛИДЕЗ®-СУПЕР;ручной (протирание);0,02 % – 0,05 % (по НУК), дозирующая система ProMax;18-20 °C;20 мин;промаркированный;1 раз в смену;сотрудник производства;визуальный контроль, химический контроль, микробиологический контроль /сотрудник отдела качества
168;Технологическое оборудование;миксеры планетарные;миксеры планетарные;миксеры планетарные;;150;335;мойка;;ХИМИТЕК ЧУДОДЕЙ®-КОМБИ-ПЕНАКТИВ;ручной (протирание);2,0 % – 3,0 % дозирующая система ProMax;18-20 °C;;промаркированный;1 раз в смену;сотрудник производства;визуальный контроль, химический контроль, микробиологический контроль /сотрудник отдела качества
168;Технологическое оборудование;миксеры планетарные;миксеры планетарные;миксеры планетарные;;150;336;дезинфекция;;ХИМИТЕК ПОЛИДЕЗ®-СУПЕР;ручной (протирание);0,02 % – 0,05 % (по НУК), дозирующая система ProMax;18-20 °C;20 мин;промаркированный;1 раз в смену;сотрудник производства;визуальный контроль, химический контроль, микробиологический контроль /сотрудник отдела качества
169;Технологическое оборудование;минифилы (дозаторы крема);минифилы (дозаторы крема);минифилы (дозаторы крема);;150;337;мойка;;ХИМИТЕК ЧУДОДЕЙ®-КОМБИ-ПЕНАКТИВ;ручной (протирание);2,0 % – 3,0 % дозирующая система ProMax;18-20 °C;;промаркированный;1 раз в смену;сотрудник производства;визуальный контроль, химический контроль, микробиологический контроль /сотрудник отдела качества
169;Технологическое оборудование;минифилы (дозаторы крема);минифилы (дозаторы крема);минифилы (дозаторы крема);;150;338;дезинфекция;;ХИМИТЕК ПОЛИДЕЗ®-СУПЕР;ручной (протирание);0,02 % – 0,05 % (по НУК), дозирующая система ProMax;18-20 °C;20 мин;промаркированный;1 раз в смену;сотрудник производства;визуальный контроль, химический контроль, микробиологический контроль /сотрудник отдела качества
170;Технологическое оборудование;овощерезки;овощерезки;овощерезки;;150;339;мойка;;ХИМИТЕК ЧУДОДЕЙ®-КОМБИ-ПЕНАКТИВ;ручной (протирание);2,0 % – 3,0 % дозирующая система ProMax;18-20 °C;;промаркированный;1 раз в смену;сотрудник производства;визуальный контроль, химический контроль, микробиологический контроль /сотрудник отдела качества
170;Технологическое оборудование;овощерезки;овощерезки;овощерезки;;150;340;дезинфекция;;ХИМИТЕК ПОЛИДЕЗ®-СУПЕР;ручной (протирание);0,02 % – 0,05 % (по НУК), дозирующая система ProMax;18-20 °C;20 мин;промаркированный;1 раз в смену;сотрудник производства;визуальный контроль, химический контроль, микробиологический контроль /сотрудник отдела качества
171;Технологическое оборудование;овощечистки;овощечистки;овощечистки;;150;341;мойка;;ХИМИТЕК ЧУДОДЕЙ®-КОМБИ-ПЕНАКТИВ;ручной (протирание);2,0 % – 3,0 % дозирующая система ProMax;18-20 °C;;промаркированный;1 раз в смену;сотрудник производства;визуальный контроль, химический контроль, микробиологический контроль /сотрудник отдела качества
171;Технологическое оборудование;овощечистки;овощечистки;овощечистки;;150;342;дезинфекция;;ХИМИТЕК ПОЛИДЕЗ®-СУПЕР;ручной (протирание);0,02 % – 0,05 % (по НУК), дозирующая система ProMax;18-20 °C;20 мин;промаркированный;1 раз в смену;сотрудник производства;визуальный контроль, химический контроль, микробиологический контроль /сотрудник отдела качества
172;Технологическое оборудование;отсадочные машины;отсадочные машины;отсадочные машины;;150;343;мойка;;ХИМИТЕК ЧУДОДЕЙ®-КОМБИ-ПЕНАКТИВ;ручной (протирание);2,0 % – 3,0 % дозирующая система ProMax;18-20 °C;;промаркированный;1 раз в смену;сотрудник производства;визуальный контроль, химический контроль, микробиологический контроль /сотрудник отдела качества
172;Технологическое оборудование;отсадочные машины;отсадочные машины;отсадочные машины;;150;344;дезинфекция;;ХИМИТЕК ПОЛИДЕЗ®-СУПЕР;ручной (протирание);0,02 % – 0,05 % (по НУК), дозирующая система ProMax;18-20 °C;20 мин;промаркированный;1 раз в смену;сотрудник производства;визуальный контроль, химический контроль, микробиологический контроль /сотрудник отдела качества
173;Технологическое оборудование;пневматические распылители;пневматические распылители;пневматические распылители;;150;345;мойка;;ХИМИТЕК ЧУДОДЕЙ®-КОМБИ-ПЕНАКТИВ;ручной (протирание);2,0 % – 3,0 % дозирующая система ProMax;18-20 °C;;промаркированный;1 раз в смену;сотрудник производства;визуальный контроль, химический контроль, микробиологический контроль /сотрудник отдела качества
173;Технологическое оборудование;пневматические распылители;пневматические распылители;пневматические распылители;;150;346;дезинфекция;;ХИМИТЕК ПОЛИДЕЗ®-СУПЕР;ручной (протирание);0,02 % – 0,05 % (по НУК), дозирующая система ProMax;18-20 °C;20 мин;промаркированный;1 раз в смену;сотрудник производства;визуальный контроль, химический контроль, микробиологический контроль /сотрудник отдела качества
174;Технологическое оборудование;прессы для теста;прессы для теста;прессы для теста;;150;347;мойка;;ХИМИТЕК ЧУДОДЕЙ®-КОМБИ-ПЕНАКТИВ;ручной (протирание);2,0 % – 3,0 % дозирующая система ProMax;18-20 °C;;промаркированный;1 раз в смену;сотрудник производства;визуальный контроль, химический контроль, микробиологический контроль /сотрудник отдела качества
174;Технологическое оборудование;прессы для теста;прессы для теста;прессы для теста;;150;348;дезинфекция;;ХИМИТЕК ПОЛИДЕЗ®-СУПЕР;ручной (протирание);0,02 % – 0,05 % (по НУК), дозирующая система ProMax;18-20 °C;20 мин;промаркированный;1 раз в смену;сотрудник производства;визуальный контроль, химический контроль, микробиологический контроль /сотрудник отдела качества
175;Технологическое оборудование;производственные столы д;производственные столы деревянные;производственные столы;Д;150;349;мойка;;ХИМИТЕК ЧУДОДЕЙ®-КОМБИ-ПЕНАКТИВ;ручной (протирание);2,0 % – 3,0 % дозирующая система ProMax;18-20 °C;;промаркированный;1 раз в смену;сотрудник производства;визуальный контроль, химический контроль, микробиологический контроль /сотрудник отдела качества
175;Технологическое оборудование;производственные столы д;производственные столы деревянные;производственные столы;Д;150;350;дезинфекция;;ХИМИТЕК ПОЛИДЕЗ®-СУПЕР;ручной (протирание);0,02 % – 0,05 % (по НУК), дозирующая система ProMax;18-20 °C;20 мин;промаркированный;1 раз в смену;сотрудник производства;визуальный контроль, химический контроль, микробиологический контроль /сотрудник отдела качества
176;Технологическое оборудование;производственные столы н;производственные столы из нержавеющий стали;производственные столы;Н;150;351;мойка;;ХИМИТЕК ЧУДОДЕЙ®-КОМБИ-ПЕНАКТИВ;ручной (протирание);2,0 % – 3,0 % дозирующая система ProMax;18-20 °C;;промаркированный;1 раз в смену;сотрудник производства;визуальный контроль, химический контроль, микробиологический контроль /сотрудник отдела качества
176;Технологическое оборудование;производственные столы н;производственные столы из нержавеющий стали;производственные столы;Н;150;352;дезинфекция;;ХИМИТЕК ПОЛИДЕЗ®-СУПЕР;ручной (протирание);0,02 % – 0,05 % (по НУК), дозирующая система ProMax;18-20 °C;20 мин;промаркированный;1 раз в смену;сотрудник производства;визуальный контроль, химический контроль, микробиологический контроль /сотрудник отдела качества
177;Технологическое оборудование;просеиватели мука;просеиватели для муки;просеиватели для муки;;150;353;мойка;;ХИМИТЕК ЧУДОДЕЙ®-КОМБИ-ПЕНАКТИВ;ручной (протирание);2,0 % – 3,0 % дозирующая система ProMax;18-20 °C;;промаркированный;1 раз в смену;сотрудник производства;визуальный контроль, химический контроль, микробиологический контроль /сотрудник отдела качества
177;Технологическое оборудование;просеиватели мука;просеиватели для муки;просеиватели для муки;;150;354;дезинфекция;;ХИМИТЕК ПОЛИДЕЗ®-СУПЕР;ручной (протирание);0,02 % – 0,05 % (по НУК), дозирующая система ProMax;18-20 °C;20 мин;промаркированный;1 раз в смену;сотрудник производства;визуальный контроль, химический контроль, микробиологический контроль /сотрудник отдела качества
178;Технологическое оборудование;просеиватели сахар;просеиватели для сахара;просеиватели для сахара;;150;355;мойка;;ХИМИТЕК ЧУДОДЕЙ®-КОМБИ-ПЕНАКТИВ;ручной (протирание);2,0 % – 3,0 % дозирующая система ProMax;18-20 °C;;промаркированный;1 раз в смену;сотрудник производства;визуальный контроль, химический контроль, микробиологический контроль /сотрудник отдела качества
178;Технологическое оборудование;просеиватели сахар;просеиватели для сахара;просеиватели для сахара;;150;356;дезинфекция;;ХИМИТЕК ПОЛИДЕЗ®-СУПЕР;ручной (протирание);0,02 % – 0,05 % (по НУК), дозирующая система ProMax;18-20 °C;20 мин;промаркированный;1 раз в смену;сотрудник производства;визуальный контроль, химический контроль, микробиологический контроль /сотрудник отдела качества
179;Технологическое оборудование;протирочные машины;протирочные машины;протирочные машины;;150;357;мойка;;ХИМИТЕК ЧУДОДЕЙ®-КОМБИ-ПЕНАКТИВ;ручной (протирание);2,0 % – 3,0 % дозирующая система ProMax;18-20 °C;;промаркированный;1 раз в смену;сотрудник производства;визуальный контроль, химический контроль, микробиологический контроль /сотрудник отдела качества
179;Технологическое оборудование;протирочные машины;протирочные машины;протирочные машины;;150;358;дезинфекция;;ХИМИТЕК ПОЛИДЕЗ®-СУПЕР;ручной (протирание);0,02 % – 0,05 % (по НУК), дозирующая система ProMax;18-20 °C;20 мин;промаркированный;1 раз в смену;сотрудник производства;визуальный контроль, химический контроль, микробиологический контроль /сотрудник отдела качества
180;Технологическое оборудование;распылители для желе и сиропов;распылители для желе и сиропов;распылители для желе и сиропов;;150;359;мойка;;ХИМИТЕК ЧУДОДЕЙ®-КОМБИ-ПЕНАКТИВ;ручной (протирание);2,0 % – 3,0 % дозирующая система ProMax;18-20 °C;;промаркированный;1 раз в смену;сотрудник производства;визуальный контроль, химический контроль, микробиологический контроль /сотрудник отдела качества
180;Технологическое оборудование;распылители для желе и сиропов;распылители для желе и сиропов;распылители для желе и сиропов;;150;360;дезинфекция;;ХИМИТЕК ПОЛИДЕЗ®-СУПЕР;ручной (протирание);0,02 % – 0,05 % (по НУК), дозирующая система ProMax;18-20 °C;20 мин;промаркированный;1 раз в смену;сотрудник производства;визуальный контроль, химический контроль, микробиологический контроль /сотрудник отдела качества
181;Технологическое оборудование;рентгеновские системы контроля;рентгеновские системы контроля;рентгеновские системы контроля;;150;361;мойка;;ХИМИТЕК ЧУДОДЕЙ®-КОМБИ-ПЕНАКТИВ;ручной (протирание);2,0 % – 3,0 % дозирующая система ProMax;18-20 °C;;промаркированный;1 раз в смену;сотрудник производства;визуальный контроль, химический контроль, микробиологический контроль /сотрудник отдела качества
181;Технологическое оборудование;рентгеновские системы контроля;рентгеновские системы контроля;рентгеновские системы контроля;;150;362;дезинфекция;;ХИМИТЕК ПОЛИДЕЗ®-СУПЕР;ручной (протирание);0,02 % – 0,05 % (по НУК), дозирующая система ProMax;18-20 °C;20 мин;промаркированный;1 раз в смену;сотрудник производства;визуальный контроль, химический контроль, микробиологический контроль /сотрудник отдела качества
182;Технологическое оборудование;слайсера;слайсеры;слайсеры;;150;363;мойка;;ХИМИТЕК ЧУДОДЕЙ®-КОМБИ-ПЕНАКТИВ;ручной (протирание);2,0 % – 3,0 % дозирующая система ProMax;18-20 °C;;промаркированный;1 раз в смену;сотрудник производства;визуальный контроль, химический контроль, микробиологический контроль /сотрудник отдела качества
182;Технологическое оборудование;слайсера;слайсеры;слайсеры;;150;364;дезинфекция;;ХИМИТЕК ПОЛИДЕЗ®-СУПЕР;ручной (протирание);0,02 % – 0,05 % (по НУК), дозирующая система ProMax;18-20 °C;20 мин;промаркированный;1 раз в смену;сотрудник производства;визуальный контроль, химический контроль, микробиологический контроль /сотрудник отдела качества
183;Технологическое оборудование;солодоварки;солодоварки;солодоварки;;150;365;мойка;;ХИМИТЕК ЧУДОДЕЙ®-КОМБИ-ПЕНАКТИВ;ручной (протирание);2,0 % – 3,0 % дозирующая система ProMax;18-20 °C;;промаркированный;1 раз в смену;сотрудник производства;визуальный контроль, химический контроль, микробиологический контроль /сотрудник отдела качества
183;Технологическое оборудование;солодоварки;солодоварки;солодоварки;;150;366;дезинфекция;;ХИМИТЕК ПОЛИДЕЗ®-СУПЕР;ручной (протирание);0,02 % – 0,05 % (по НУК), дозирующая система ProMax;18-20 °C;20 мин;промаркированный;1 раз в смену;сотрудник производства;визуальный контроль, химический контроль, микробиологический контроль /сотрудник отдела качества
184;Технологическое оборудование;тарталетницы;тарталетницы;тарталетницы;;150;367;мойка;;ХИМИТЕК ЧУДОДЕЙ®-КОМБИ-ПЕНАКТИВ;ручной (протирание);2,0 % – 3,0 % дозирующая система ProMax;18-20 °C;;промаркированный;1 раз в смену;сотрудник производства;визуальный контроль, химический контроль, микробиологический контроль /сотрудник отдела качества
184;Технологическое оборудование;тарталетницы;тарталетницы;тарталетницы;;150;368;дезинфекция;;ХИМИТЕК ПОЛИДЕЗ®-СУПЕР;ручной (протирание);0,02 % – 0,05 % (по НУК), дозирующая система ProMax;18-20 °C;20 мин;промаркированный;1 раз в смену;сотрудник производства;визуальный контроль, химический контроль, микробиологический контроль /сотрудник отдела качества
185;Технологическое оборудование;термощупы;термощупы;термощупы;;150;369;мойка;;ХИМИТЕК ЧУДОДЕЙ®-КОМБИ-ПЕНАКТИВ;ручной (протирание);2,0 % – 3,0 % дозирующая система ProMax;18-20 °C;;промаркированный;1 раз в смену;сотрудник производства;визуальный контроль, химический контроль, микробиологический контроль /сотрудник отдела качества
185;Технологическое оборудование;термощупы;термощупы;термощупы;;150;370;дезинфекция;;ХИМИТЕК ПОЛИДЕЗ®-СУПЕР;ручной (протирание);0,02 % – 0,05 % (по НУК), дозирующая система ProMax;18-20 °C;20 мин;промаркированный;1 раз в смену;сотрудник производства;визуальный контроль, химический контроль, микробиологический контроль /сотрудник отдела качества
186;Технологическое оборудование;тестоделители;тестоделители;тестоделители;;150;371;мойка;;ХИМИТЕК ЧУДОДЕЙ®-КОМБИ-ПЕНАКТИВ;ручной (протирание);2,0 % – 3,0 % дозирующая система ProMax;18-20 °C;;промаркированный;1 раз в смену;сотрудник производства;визуальный контроль, химический контроль, микробиологический контроль /сотрудник отдела качества
186;Технологическое оборудование;тестоделители;тестоделители;тестоделители;;150;372;дезинфекция;;ХИМИТЕК ПОЛИДЕЗ®-СУПЕР;ручной (протирание);0,02 % – 0,05 % (по НУК), дозирующая система ProMax;18-20 °C;20 мин;промаркированный;1 раз в смену;сотрудник производства;визуальный контроль, химический контроль, микробиологический контроль /сотрудник отдела качества
187;Технологическое оборудование;тестомесы;тестомесы;тестомесы;;150;373;мойка;;ХИМИТЕК ЧУДОДЕЙ®-КОМБИ-ПЕНАКТИВ;ручной (протирание);2,0 % – 3,0 % дозирующая система ProMax;18-20 °C;;промаркированный;1 раз в смену;сотрудник производства;визуальный контроль, химический контроль, микробиологический контроль /сотрудник отдела качества
187;Технологическое оборудование;тестомесы;тестомесы;тестомесы;;150;374;дезинфекция;;ХИМИТЕК ПОЛИДЕЗ®-СУПЕР;ручной (протирание);0,02 % – 0,05 % (по НУК), дозирующая система ProMax;18-20 °C;20 мин;промаркированный;1 раз в смену;сотрудник производства;визуальный контроль, химический контроль, микробиологический контроль /сотрудник отдела качества
188;Технологическое оборудование;тестоокруглители;тестоокруглители;тестоокруглители;;150;375;мойка;;ХИМИТЕК ЧУДОДЕЙ®-КОМБИ-ПЕНАКТИВ;ручной (протирание);2,0 % – 3,0 % дозирующая система ProMax;18-20 °C;;промаркированный;1 раз в смену;сотрудник производства;визуальный контроль, химический контроль, микробиологический контроль /сотрудник отдела качества
188;Технологическое оборудование;тестоокруглители;тестоокруглители;тестоокруглители;;150;376;дезинфекция;;ХИМИТЕК ПОЛИДЕЗ®-СУПЕР;ручной (протирание);0,02 % – 0,05 % (по НУК), дозирующая система ProMax;18-20 °C;20 мин;промаркированный;1 раз в смену;сотрудник производства;визуальный контроль, химический контроль, микробиологический контроль /сотрудник отдела качества
189;Технологическое оборудование;тестораскатки;тестораскатки;тестораскатки;;150;377;мойка;;ХИМИТЕК ЧУДОДЕЙ®-КОМБИ-ПЕНАКТИВ;ручной (протирание);2,0 % – 3,0 % дозирующая система ProMax;18-20 °C;;промаркированный;1 раз в смену;сотрудник производства;визуальный контроль, химический контроль, микробиологический контроль /сотрудник отдела качества
189;Технологическое оборудование;тестораскатки;тестораскатки;тестораскатки;;150;378;дезинфекция;;ХИМИТЕК ПОЛИДЕЗ®-СУПЕР;ручной (протирание);0,02 % – 0,05 % (по НУК), дозирующая система ProMax;18-20 °C;20 мин;промаркированный;1 раз в смену;сотрудник производства;визуальный контроль, химический контроль, микробиологический контроль /сотрудник отдела качества
190;Технологическое оборудование;ультразвуковые нарезки;ультразвуковые нарезки;ультразвуковые нарезки;;150;379;мойка;;ХИМИТЕК ЧУДОДЕЙ®-КОМБИ-ПЕНАКТИВ;ручной (протирание);2,0 % – 3,0 % дозирующая система ProMax;18-20 °C;;промаркированный;1 раз в смену;сотрудник производства;визуальный контроль, химический контроль, микробиологический контроль /сотрудник отдела качества
190;Технологическое оборудование;ультразвуковые нарезки;ультразвуковые нарезки;ультразвуковые нарезки;;150;380;дезинфекция;;ХИМИТЕК ПОЛИДЕЗ®-СУПЕР;ручной (протирание);0,02 % – 0,05 % (по НУК), дозирующая система ProMax;18-20 °C;20 мин;промаркированный;1 раз в смену;сотрудник производства;визуальный контроль, химический контроль, микробиологический контроль /сотрудник отдела качества
191;Технологическое оборудование;ферментаторы;ферментаторы;ферментаторы;;150;381;мойка;;ХИМИТЕК ЧУДОДЕЙ®-КОМБИ-ПЕНАКТИВ;ручной (протирание);2,0 % – 3,0 % дозирующая система ProMax;18-20 °C;;промаркированный;1 раз в смену;сотрудник производства;визуальный контроль, химический контроль, микробиологический контроль /сотрудник отдела качества
191;Технологическое оборудование;ферментаторы;ферментаторы;ферментаторы;;150;382;дезинфекция;;ХИМИТЕК ПОЛИДЕЗ®-СУПЕР;ручной (протирание);0,02 % – 0,05 % (по НУК), дозирующая система ProMax;18-20 °C;20 мин;промаркированный;1 раз в смену;сотрудник производства;визуальный контроль, химический контроль, микробиологический контроль /сотрудник отдела качества
192;Технологическое оборудование;шприц-дозатор начинки;шприц-дозатор начинки;шприц-дозатор начинки;;150;383;мойка;;ХИМИТЕК ЧУДОДЕЙ®-КОМБИ-ПЕНАКТИВ;ручной (протирание);2,0 % – 3,0 % дозирующая система ProMax;18-20 °C;;промаркированный;1 раз в смену;сотрудник производства;визуальный контроль, химический контроль, микробиологический контроль /сотрудник отдела качества
192;Технологическое оборудование;шприц-дозатор начинки;шприц-дозатор начинки;шприц-дозатор начинки;;150;384;дезинфекция;;ХИМИТЕК ПОЛИДЕЗ®-СУПЕР;ручной (протирание);0,02 % – 0,05 % (по НУК), дозирующая система ProMax;18-20 °C;20 мин;промаркированный;1 раз в смену;сотрудник производства;визуальный контроль, химический контроль, микробиологический контроль /сотрудник отдела качества
193;Упаковочное оборудование;flow pack;flow pack;flow pack;;160;385;мойка;;ХИМИТЕК ЧУДОДЕЙ®-КОМБИ-ПЕНАКТИВ;ручной (протирание);2,0 % – 3,0 % дозирующая система ProMax;18-20 °C;;промаркированный;1 раз в смену;сотрудник производства;визуальный контроль, химический контроль, микробиологический контроль /сотрудник отдела качества
193;Упаковочное оборудование;flow pack;flow pack;flow pack;;160;386;дезинфекция;;ХИМИТЕК ПОЛИДЕЗ®-СУПЕР;ручной (протирание);0,02 % – 0,05 % (по НУК), дозирующая система ProMax;18-20 °C;20 мин;промаркированный;1 раз в смену;сотрудник производства;визуальный контроль, химический контроль, микробиологический контроль /сотрудник отдела качества
194;Упаковочное оборудование;автоматическиеклипсаторы;автоматические клипсаторы;автоматические клипсаторы;;160;387;мойка;;ХИМИТЕК ЧУДОДЕЙ®-КОМБИ-ПЕНАКТИВ;ручной (протирание);2,0 % – 3,0 % дозирующая система ProMax;18-20 °C;;промаркированный;1 раз в смену;сотрудник производства;визуальный контроль, химический контроль, микробиологический контроль /сотрудник отдела качества
194;Упаковочное оборудование;автоматическиеклипсаторы;автоматические клипсаторы;автоматические клипсаторы;;160;388;дезинфекция;;ХИМИТЕК ПОЛИДЕЗ®-СУПЕР;ручной (протирание);0,02 % – 0,05 % (по НУК), дозирующая система ProMax;18-20 °C;20 мин;промаркированный;1 раз в смену;сотрудник производства;визуальный контроль, химический контроль, микробиологический контроль /сотрудник отдела качества
195;Упаковочное оборудование;вакуумные упаковщики;вакуумные упаковщики;вакуумные упаковщики;;160;389;мойка;;ХИМИТЕК ЧУДОДЕЙ®-КОМБИ-ПЕНАКТИВ;ручной (протирание);2,0 % – 3,0 % дозирующая система ProMax;18-20 °C;;промаркированный;1 раз в смену;сотрудник производства;визуальный контроль, химический контроль, микробиологический контроль /сотрудник отдела качества
195;Упаковочное оборудование;вакуумные упаковщики;вакуумные упаковщики;вакуумные упаковщики;;160;390;дезинфекция;;ХИМИТЕК ПОЛИДЕЗ®-СУПЕР;ручной (протирание);0,02 % – 0,05 % (по НУК), дозирующая система ProMax;18-20 °C;20 мин;промаркированный;1 раз в смену;сотрудник производства;визуальный контроль, химический контроль, микробиологический контроль /сотрудник отдела качества
196;Упаковочное оборудование;запайщики;запайщики;запайщики;;160;391;мойка;;ХИМИТЕК ЧУДОДЕЙ®-КОМБИ-ПЕНАКТИВ;ручной (протирание);2,0 % – 3,0 % дозирующая система ProMax;18-20 °C;;промаркированный;1 раз в смену;сотрудник производства;визуальный контроль, химический контроль, микробиологический контроль /сотрудник отдела качества
196;Упаковочное оборудование;запайщики;запайщики;запайщики;;160;392;дезинфекция;;ХИМИТЕК ПОЛИДЕЗ®-СУПЕР;ручной (протирание);0,02 % – 0,05 % (по НУК), дозирующая система ProMax;18-20 °C;20 мин;промаркированный;1 раз в смену;сотрудник производства;визуальный контроль, химический контроль, микробиологический контроль /сотрудник отдела качества
197;Упаковочное оборудование;принтера для этикеток;принтер для этикеток;принтер для этикеток;;160;393;мойка;;ХИМИТЕК ЧУДОДЕЙ®-КОМБИ-ПЕНАКТИВ;ручной (протирание);2,0 % – 3,0 % дозирующая система ProMax;18-20 °C;;промаркированный;1 раз в смену;сотрудник производства;визуальный контроль, химический контроль, микробиологический контроль /сотрудник отдела качества
197;Упаковочное оборудование;принтера для этикеток;принтер для этикеток;принтер для этикеток;;160;394;дезинфекция;;ХИМИТЕК ПОЛИДЕЗ®-СУПЕР;ручной (протирание);0,02 % – 0,05 % (по НУК), дозирующая система ProMax;18-20 °C;20 мин;промаркированный;1 раз в смену;сотрудник производства;визуальный контроль, химический контроль, микробиологический контроль /сотрудник отдела качества
198;Упаковочное оборудование;термоусадочные туннели;термоусадочные туннели;термоусадочные туннели;;160;395;мойка;;ХИМИТЕК ЧУДОДЕЙ®-КОМБИ-ПЕНАКТИВ;ручной (протирание);2,0 % – 3,0 % дозирующая система ProMax;18-20 °C;;промаркированный;1 раз в смену;сотрудник производства;визуальный контроль, химический контроль, микробиологический контроль /сотрудник отдела качества
198;Упаковочное оборудование;термоусадочные туннели;термоусадочные туннели;термоусадочные туннели;;160;396;дезинфекция;;ХИМИТЕК ПОЛИДЕЗ®-СУПЕР;ручной (протирание);0,02 % – 0,05 % (по НУК), дозирующая система ProMax;18-20 °C;20 мин;промаркированный;1 раз в смену;сотрудник производства;визуальный контроль, химический контроль, микробиологический контроль /сотрудник отдела качества
199;Упаковочное оборудование;этикетировщики;этикетировщики;этикетировщики;;160;397;мойка;;ХИМИТЕК ЧУДОДЕЙ®-КОМБИ-ПЕНАКТИВ;ручной (протирание);2,0 % – 3,0 % дозирующая система ProMax;18-20 °C;;промаркированный;1 раз в смену;сотрудник производства;визуальный контроль, химический контроль, микробиологический контроль /сотрудник отдела качества
199;Упаковочное оборудование;этикетировщики;этикетировщики;этикетировщики;;160;398;дезинфекция;;ХИМИТЕК ПОЛИДЕЗ®-СУПЕР;ручной (протирание);0,02 % – 0,05 % (по НУК), дозирующая система ProMax;18-20 °C;20 мин;промаркированный;1 раз в смену;сотрудник производства;визуальный контроль, химический контроль, микробиологический контроль /сотрудник отдела качества
