object_id;category_name;normalized_name;display_name;base_name;modifier;sort_priority;instruction_id;room_category_name;maintenance_type;surface_type;cleaning_method;instruction_number;product_name;cleaning_technique;concentration;application_method;temperature;exposure_time;inventory;frequency;executor;control_method
1;Упаковочное оборудование;flow pack;flow pack;flow pack;;0;1;производственное;основная;;мойка;;ХИМИТЕК ИЗУМРУД 310;ручной (протирание, обработка щеткой);1% - 2%;дозирующая система ProMax;не ниже 40°C;;промаркированный;1 раз в смену;сотрудник производства;визуальный контроль, химический контроль, микробиологический контроль /сотрудник отдела качества
1;Упаковочное оборудование;flow pack;flow pack;flow pack;;0;2;производственное;основная;;дезинфекция;;ПОЛИДЕЗ®;ручной (протирание);0,02% - 0,05% (по НУК);дозирующая система ProMax;18-20 °C;20 мин;промаркированный;1 раз в смену;сотрудник производства;визуальный контроль, химический контроль, микробиологический контроль /сотрудник отдела качества
6;Упаковочное оборудование;автоматическиеклипсаторы;автоматические клипсаторы;автоматические клипсаторы;;0;5;;;;мойка;;;;;;18-20 °C;;промаркированный;1 раз в смену;сотрудник производства;визуальный контроль, химический контроль, микробиологический контроль /сотрудник отдела качества
6;Упаковочное оборудование;автоматическиеклипсаторы;автоматические клипсаторы;автоматические клипсаторы;;0;6;;;;дезинфекция;;;;;;18-20 °C;20 мин;промаркированный;1 раз в смену;сотрудник производства;визуальный контроль, химический контроль, микробиологический контроль /сотрудник отдела качества
12;Упаковочное оборудование;вакуумные упаковщики;вакуумные упаковщики;вакуумные упаковщики;;0;17;;;;мойка;;;;;;18-20 °C;;промаркированный;1 раз в смену;сотрудник производства;визуальный контроль, химический контроль, микробиологический контроль /сотрудник отдела качества
12;Упаковочное оборудование;вакуумные упаковщики;вакуумные упаковщики;вакуумные упаковщики;;0;18;;;;дезинфекция;;;;;;18-20 °C;20 мин;промаркированный;1 раз в смену;сотрудник производства;визуальный контроль, химический контроль, микробиологический контроль /сотрудник отдела качества
43;Упаковочное оборудование;запайщики;запайщики;запайщики;;0;85;;;;мойка;;;;;;18-20 °C;;промаркированный;1 раз в смену;сотрудник производства;визуальный контроль, химический контроль, микробиологический контроль /сотрудник отдела качества
43;Упаковочное оборудование;запайщики;запайщики;запайщики;;0;86;;;;дезинфекция;;;;;;18-20 °C;20 мин;промаркированный;1 раз в смену;сотрудник производства;визуальный контроль, химический контроль, микробиологический контроль /сотрудник отдела качества
102;Упаковочное оборудование;принтера для этикеток;принтер для этикеток;принтер для этикеток;;0;211;;;;мойка;;;;;;18-20 °C;;промаркированный;1 раз в смену;сотрудник производства;визуальный контроль, химический контроль, микробиологический контроль /сотрудник отдела качества
102;Упаковочное оборудование;принтера для этикеток;принтер для этикеток;принтер для этикеток;;0;212;;;;дезинфекция;;;;;;18-20 °C;20 мин;промаркированный;1 раз в смену;сотрудник производства;визуальный контроль, химический контроль, микробиологический контроль /сотрудник отдела качества
137;Упаковочное оборудование;термоусадочные туннели;термоусадочные туннели;термоусадочные туннели;;0;305;;;;мойка;;;;;;18-20 °C;;промаркированный;1 раз в смену;сотрудник производства;визуальный контроль, химический контроль, микробиологический контроль /сотрудник отдела качества
137;Упаковочное оборудование;термоусадочные туннели;термоусадочные туннели;термоусадочные туннели;;0;306;;;;дезинфекция;;;;;;18-20 °C;20 мин;промаркированный;1 раз в смену;сотрудник производства;визуальный контроль, химический контроль, микробиологический контроль /сотрудник отдела качества
155;Упаковочное оборудование;этикетировщики;этикетировщики;этикетировщики;;0;353;;;;мойка;;;;;;18-20 °C;;промаркированный;1 раз в смену;сотрудник производства;визуальный контроль, химический контроль, микробиологический контроль /сотрудник отдела качества
155;Упаковочное оборудование;этикетировщики;этикетировщики;этикетировщики;;0;354;;;;дезинфекция;;;;;;18-20 °C;20 мин;промаркированный;1 раз в смену;сотрудник производства;визуальный контроль, химический контроль, микробиологический контроль /сотрудник отдела качества
2;Моечный, уборочный инвентарь и оборудование;авд;АВД;АВД;;0;3;;;;мойка;;;;;;не ниже 40°C;;промаркированный;1 раз в смену;сотрудник внутреннего клининга;визуальный контроль/сотрудник отдела качества
2;Моечный, уборочный инвентарь и оборудование;авд;АВД;АВД;;0;4;;;;дезинфекция;;;;;;18-20 ºС;30 мин;промаркированный;1 раз в смену;сотрудник внутреннего клининга;визуальный контроль/сотрудник отдела качества
15;Моечный, уборочный инвентарь и оборудование;ведра;ведра;ведра;;0;23;;;;мойка;;;;;;не ниже 40°C;;промаркированный;1 раз в смену;сотрудник внутреннего клининга;визуальный контроль/сотрудник отдела качества
15;Моечный, уборочный инвентарь и оборудование;ведра;ведра;ведра;;0;24;;;;дезинфекция;;;;;;18-20 ºС;30 мин;промаркированный;1 раз в смену;сотрудник внутреннего клининга;визуальный контроль/сотрудник отдела качества
17;Моечный, уборочный инвентарь и оборудование;ветошь;ветошь;ветошь;;0;27;;;;мойка;;;;;;не ниже 40 °C;1 минута;промаркированный;после каждого использования;сотрудник внутреннего клининга;визуальный контроль/сотрудник отдела качества
17;Моечный, уборочный инвентарь и оборудование;ветошь;ветошь;ветошь;;0;28;;;;дезинфекция;;;;;;18-20 ºС;30 мин;промаркированный;после каждого использования;сотрудник внутреннего клининга;визуальный контроль/сотрудник отдела качества
70;Моечный, уборочный инвентарь и оборудование;мопы;мопы;мопы;;0;145;;;;мойка;;;;;;не ниже 40 °C;1 минута;промаркированный;после каждого использования;сотрудник внутреннего клининга;визуальный контроль/сотрудник отдела качества
70;Моечный, уборочный инвентарь и оборудование;мопы;мопы;мопы;;0;146;;;;дезинфекция;;;;;;18-20 ºС;30 мин;промаркированный;после каждого использования;сотрудник внутреннего клининга;визуальный контроль/сотрудник отдела качества
96;Моечный, уборочный инвентарь и оборудование;поломоечная машина;поломоечная машина;поломоечная машина;;0;199;;;;мойка;;;;;;не ниже 40°C;;промаркированный;1 раз в смену;сотрудник внутреннего клининга;визуальный контроль/сотрудник отдела качества
96;Моечный, уборочный инвентарь и оборудование;поломоечная машина;поломоечная машина;поломоечная машина;;0;200;;;;дезинфекция;;;;;;18-20 ºС;30 мин;промаркированный;1 раз в смену;сотрудник внутреннего клининга;визуальный контроль/сотрудник отдела качества
104;Моечный, уборочный инвентарь и оборудование;пылесосы;пылесос;пылесос;;0;215;;;;мойка;;;;;;не ниже 40°C;;промаркированный;1 раз в смену;сотрудник внутреннего клининга;визуальный контроль/сотрудник отдела качества
104;Моечный, уборочный инвентарь и оборудование;пылесосы;пылесос;пылесос;;0;216;;;;дезинфекция;;;;;;18-20 ºС;30 мин;промаркированный;1 раз в смену;сотрудник внутреннего клининга;визуальный контроль/сотрудник отдела качества
113;Моечный, уборочный инвентарь и оборудование;сгоны;сгоны для воды;сгоны для воды;;0;239;;;;мойка;;;;;;не ниже 40°C;;промаркированный;1 раз в смену;сотрудник внутреннего клининга;визуальный контроль/сотрудник отдела качества
113;Моечный, уборочный инвентарь и оборудование;сгоны;сгоны для воды;сгоны для воды;;0;240;;;;дезинфекция;;;;;;18-20 ºС;30 мин;промаркированный;1 раз в смену;сотрудник внутреннего клининга;визуальный контроль/сотрудник отдела качества
134;Моечный, уборочный инвентарь и оборудование;тележки уборочные;тележки уборочные;тележки уборочные;;0;293;;;;мойка;;;;;;не ниже 40°C;;промаркированный;1 раз в смену;сотрудник внутреннего клининга;визуальный контроль/сотрудник отдела качества
134;Моечный, уборочный инвентарь и оборудование;тележки уборочные;тележки уборочные;тележки уборочные;;0;294;;;;дезинфекция;;;;;;18-20 ºС;30 мин;промаркированный;1 раз в смену;сотрудник внутреннего клининга;визуальный контроль/сотрудник отдела качества
154;Моечный, уборочный инвентарь и оборудование;щётки;щётки;щётки;;0;351;;;;мойка;;;;;;не ниже 40°C;;промаркированный;1 раз в смену;сотрудник внутреннего клининга;визуальный контроль/сотрудник отдела качества
154;Моечный, уборочный инвентарь и оборудование;щётки;щётки;щётки;;0;352;;;;дезинфекция;;;;;;18-20 ºС;30 мин;промаркированный;1 раз в смену;сотрудник внутреннего клининга;визуальный контроль/сотрудник отдела качества
3;Сантехническое оборудование;диспенсердозатор;Диспенсер / дозатор для спецжидкостей;Диспенсер / дозатор для спецжидкостей;;0;;;;;;;;;;;;;;;;
40;Сантехническое оборудование;душевая кабина;душевая кабина;душевая кабина;;0;79;;;;мойка;;;;;;не ниже 40°C;;промаркированный;1 раз в неделю;сотрудник внутреннего клининга;визуальный контроль/сотрудник отдела качества
40;Сантехническое оборудование;душевая кабина;душевая кабина;душевая кабина;;0;80;;;;дезинфекция;;;;;;18-20 °C;20 мин;промаркированный;1 раз в неделю;сотрудник внутреннего клининга;визуальный контроль/сотрудник отдела качества
41;Сантехническое оборудование;душевые секции;душевые секции;душевые секции;;0;81;;;;мойка;;;;;;;;промаркированный;по мере необходимости;сотрудник внутреннего клининга;визуальный контроль/сотрудник отдела качества
41;Сантехническое оборудование;душевые секции;душевые секции;душевые секции;;0;82;;;;дезинфекция;;;;;;18-20 °C;20 мин;промаркированный;2 раза в смену;сотрудник внутреннего клининга;визуальный контроль/сотрудник отдела качества
86;Сантехническое оборудование;писсуар;писсуар;писсуар;;0;177;;;;мойка;;;;;;;;промаркированный;по мере необходимости;сотрудник внутреннего клининга;визуальный контроль/сотрудник отдела качества
86;Сантехническое оборудование;писсуар;писсуар;писсуар;;0;178;;;;дезинфекция;;;;;;18-20 °C;20 мин;промаркированный;2 раза в смену;сотрудник внутреннего клининга;визуальный контроль/сотрудник отдела качества
105;Сантехническое оборудование;раковина;раковина;раковина;;0;217;;;;мойка;;;;;;;;промаркированный;по мере необходимости;сотрудник внутреннего клининга;визуальный контроль/сотрудник отдела качества
105;Сантехническое оборудование;раковина;раковина;раковина;;0;218;;;;дезинфекция;;;;;;18-20 °C;20 мин;промаркированный;2 раза в смену;сотрудник внутреннего клининга;визуальный контроль/сотрудник отдела качества
118;Сантехническое оборудование;смеситель;смеситель;смеситель;;0;249;;;;мойка;;;;;;18-20 °C;;промаркированный;1 раз в смену;сотрудник внутреннего клининга;визуальный контроль/сотрудник отдела качества
118;Сантехническое оборудование;смеситель;смеситель;смеситель;;0;250;;;;дезинфекция;;;;;;18-20 °C;20 мин;промаркированный;1 раз в смену;сотрудник внутреннего клининга;визуальный контроль/сотрудник отдела качества
177;Сантехническое оборудование;технологическая мойка;технологическая мойка;технологическая мойка;;40;445;бытовое;основная;;мойка;;;ручной (протирание, обработка щеткой);;;18-20 °C;;промаркированный;1 раз в смену;сотрудник внутреннего клининга;визуальный контроль/сотрудник отдела качества
177;Сантехническое оборудование;технологическая мойка;технологическая мойка;технологическая мойка;;40;446;бытовое;основная;;дезинфекция;;;ручной (протирание);;;18-20 °C;20 мин;промаркированный;1 раз в смену;сотрудник внутреннего клининга;визуальный контроль/сотрудник отдела качества
177;Сантехническое оборудование;технологическая мойка;технологическая мойка;технологическая мойка;;40;447;бытовое;генеральная;;мойка;;;ручной (протирание, обработка щеткой);;;18-20 °C;;промаркированный;1 раз в месяц;сотрудник внутреннего клининга;визуальный контроль/сотрудник отдела качества
177;Сантехническое оборудование;технологическая мойка;технологическая мойка;технологическая мойка;;40;448;бытовое;генеральная;;дезинфекция;;;ручной (протирание);;;18-20 °C;20 мин;промаркированный;1 раз в месяц;сотрудник внутреннего клининга;визуальный контроль/сотрудник отдела качества
177;Сантехническое оборудование;технологическая мойка;технологическая мойка;технологическая мойка;;40;449;производственное;основная;;мойка;;;ручной (протирание, обработка щеткой);;;18-20 °C;;промаркированный;1 раз в смену;сотрудник внутреннего клининга;визуальный контроль/сотрудник отдела качества
177;Сантехническое оборудование;технологическая мойка;технологическая мойка;технологическая мойка;;40;450;производственное;основная;;дезинфекция;;;ручной (протирание);;;18-20 °C;20 мин;промаркированный;1 раз в смену;сотрудник внутреннего клининга;визуальный контроль/сотрудник отдела качества
177;Сантехническое оборудование;технологическая мойка;технологическая мойка;технологическая мойка;;40;451;производственное;генеральная;;мойка;;;ручной (протирание, обработка щеткой);;;18-20 °C;;промаркированный;1 раз в месяц;сотрудник внутреннего клининга;визуальный контроль/сотрудник отдела качества
177;Сантехническое оборудование;технологическая мойка;технологическая мойка;технологическая мойка;;40;452;производственное;генеральная;;дезинфекция;;;ручной (протирание);;;18-20 °C;20 мин;промаркированный;1 раз в месяц;сотрудник внутреннего клининга;визуальный контроль/сотрудник отдела качества
140;Сантехническое оборудование;унитаз;унитаз;унитаз;;0;311;;;;мойка;;;;;;;;промаркированный;по мере необходимости;сотрудник внутреннего клининга;визуальный контроль/сотрудник отдела качества
140;Сантехническое оборудование;унитаз;унитаз;унитаз;;0;312;;;;дезинфекция;;;;;;18-20 °C;20 мин;промаркированный;2 раза в смену;сотрудник внутреннего клининга;визуальный контроль/сотрудник отдела качества
4;Технологическое оборудование;прибор кисл теста;Прибор для определения кислотности теста;Прибор для определения кислотности теста;;0;;;;;;;;;;;;;;;;
8;Технологическое оборудование;бисквиторезки;бисквиторезки;бисквиторезки;;0;9;;;;мойка;;;;;;18-20 °C;;промаркированный;1 раз в смену;сотрудник производства;визуальный контроль, химический контроль, микробиологический контроль /сотрудник отдела качества
8;Технологическое оборудование;бисквиторезки;бисквиторезки;бисквиторезки;;0;10;;;;дезинфекция;;;;;;18-20 °C;20 мин;промаркированный;1 раз в смену;сотрудник производства;визуальный контроль, химический контроль, микробиологический контроль /сотрудник отдела качества
9;Технологическое оборудование;блендеры;блендеры;блендеры;;0;11;;;;мойка;;;;;;18-20 °C;;промаркированный;1 раз в смену;сотрудник производства;визуальный контроль, химический контроль, микробиологический контроль /сотрудник отдела качества
9;Технологическое оборудование;блендеры;блендеры;блендеры;;0;12;;;;дезинфекция;;;;;;18-20 °C;20 мин;промаркированный;1 раз в смену;сотрудник производства;визуальный контроль, химический контроль, микробиологический контроль /сотрудник отдела качества
11;Технологическое оборудование;вакуумные роторные шприцы;вакуумные роторные шприцы;вакуумные роторные шприцы;;0;15;;;;мойка;;;;;;18-20 °C;;промаркированный;1 раз в смену;сотрудник производства;визуальный контроль, химический контроль, микробиологический контроль /сотрудник отдела качества
11;Технологическое оборудование;вакуумные роторные шприцы;вакуумные роторные шприцы;вакуумные роторные шприцы;;0;16;;;;дезинфекция;;;;;;18-20 °C;20 мин;промаркированный;1 раз в смену;сотрудник производства;визуальный контроль, химический контроль, микробиологический контроль /сотрудник отдела качества
189;Технологическое оборудование;весы напольные;весы напольные;весы напольные;;100;525;производственное;основная;;мойка;;;ручной (протирание, обработка щеткой);;;не ниже 40°C;;промаркированный;1 раз в смену;сотрудник производства;визуальный контроль, химический контроль, микробиологический контроль /сотрудник отдела качества
189;Технологическое оборудование;весы напольные;весы напольные;весы напольные;;100;526;производственное;основная;;дезинфекция;;;ручной (протирание);;;18-20 °C;20 мин;промаркированный;1 раз в смену;сотрудник производства;визуальный контроль, химический контроль, микробиологический контроль /сотрудник отдела качества
189;Технологическое оборудование;весы напольные;весы напольные;весы напольные;;100;527;производственное;генеральная;;дезинфекция;;;ручной (протирание);;;18-20 °C;20 мин;промаркированный;1 раз в месяц;сотрудник производства;визуальный контроль, химический контроль, микробиологический контроль /сотрудник отдела качества
189;Технологическое оборудование;весы напольные;весы напольные;весы напольные;;100;528;производственное;генеральная;;мойка;;;ручной (протирание, обработка щеткой);;;не ниже 40°C;;промаркированный;1 раз в месяц;сотрудник производства;визуальный контроль, химический контроль, микробиологический контроль /сотрудник отдела качества
191;Технологическое оборудование;весы настольные;весы настольные;весы настольные;;101;534;производственное;основная;;мойка;;;ручной (протирание, обработка щеткой);;;не ниже 40°C;;промаркированный;1 раз в смену;сотрудник производства;визуальный контроль, химический контроль, микробиологический контроль /сотрудник отдела качества
191;Технологическое оборудование;весы настольные;весы настольные;весы настольные;;101;535;производственное;основная;;дезинфекция;;;ручной (протирание);;;18-20 °C;20 мин;промаркированный;1 раз в смену;сотрудник производства;визуальный контроль, химический контроль, микробиологический контроль /сотрудник отдела качества
191;Технологическое оборудование;весы настольные;весы настольные;весы настольные;;101;536;производственное;генеральная;;мойка;;;ручной (протирание, обработка щеткой);;;не ниже 40°C;;промаркированный;1 раз в месяц;сотрудник производства;визуальный контроль, химический контроль, микробиологический контроль /сотрудник отдела качества
191;Технологическое оборудование;весы настольные;весы настольные;весы настольные;;101;537;производственное;генеральная;;дезинфекция;;;ручной (протирание);;;18-20 °C;20 мин;промаркированный;1 раз в месяц;сотрудник производства;визуальный контроль, химический контроль, микробиологический контроль /сотрудник отдела качества
191;Технологическое оборудование;весы настольные;весы настольные;весы настольные;;101;538;производственное;поддерживающая;;дезинфекция;;;ручной (протирание);;;18-20 °C;20 мин;промаркированный;при простое > 30 минут;сотрудник производства;визуальный контроль, химический контроль, микробиологический контроль /сотрудник отдела качества
20;Технологическое оборудование;водяные бани;водяные бани;водяные бани;;0;33;;;;мойка;;;;;;18-20 °C;;промаркированный;1 раз в смену;сотрудник производства;визуальный контроль, химический контроль, микробиологический контроль /сотрудник отдела качества
20;Технологическое оборудование;водяные бани;водяные бани;водяные бани;;0;34;;;;дезинфекция;;;;;;18-20 °C;20 мин;промаркированный;1 раз в смену;сотрудник производства;визуальный контроль, химический контроль, микробиологический контроль /сотрудник отдела качества
30;Технологическое оборудование;депозитор волюметрический;депозитор волюметрический;депозитор волюметрический;;0;53;;;;мойка;;;;;;18-20 °C;;промаркированный;1 раз в смену;сотрудник производства;визуальный контроль, химический контроль, микробиологический контроль /сотрудник отдела качества
30;Технологическое оборудование;депозитор волюметрический;депозитор волюметрический;депозитор волюметрический;;0;54;;;;дезинфекция;;;;;;18-20 °C;20 мин;промаркированный;1 раз в смену;сотрудник производства;визуальный контроль, химический контроль, микробиологический контроль /сотрудник отдела качества
36;Технологическое оборудование;дозатор для геля (пульверизатор);дозатор для геля (пульверизатор);дозатор для геля (пульверизатор);;0;71;;;;мойка;;;;;;18-20 °C;;промаркированный;1 раз в смену;сотрудник производства;визуальный контроль, химический контроль, микробиологический контроль /сотрудник отдела качества
36;Технологическое оборудование;дозатор для геля (пульверизатор);дозатор для геля (пульверизатор);дозатор для геля (пульверизатор);;0;72;;;;дезинфекция;;;;;;18-20 °C;20 мин;промаркированный;1 раз в смену;сотрудник производства;визуальный контроль, химический контроль, микробиологический контроль /сотрудник отдела качества
37;Технологическое оборудование;дозаторы для жидкостей;дозаторы для жидкостей;дозаторы для жидкостей;;0;73;;;;мойка;;;;;;18-20 °C;;промаркированный;1 раз в смену;сотрудник производства;визуальный контроль, химический контроль, микробиологический контроль /сотрудник отдела качества
37;Технологическое оборудование;дозаторы для жидкостей;дозаторы для жидкостей;дозаторы для жидкостей;;0;74;;;;дезинфекция;;;;;;18-20 °C;20 мин;промаркированный;1 раз в смену;сотрудник производства;визуальный контроль, химический контроль, микробиологический контроль /сотрудник отдела качества
39;Технологическое оборудование;дробилки;дробилки;дробилки;;0;77;;;;мойка;;;;;;18-20 °C;;промаркированный;1 раз в смену;сотрудник производства;визуальный контроль, химический контроль, микробиологический контроль /сотрудник отдела качества
39;Технологическое оборудование;дробилки;дробилки;дробилки;;0;78;;;;дезинфекция;;;;;;18-20 °C;20 мин;промаркированный;1 раз в смену;сотрудник производства;визуальный контроль, химический контроль, микробиологический контроль /сотрудник отдела качества
44;Технологическое оборудование;измельчители;измельчители;измельчители;;0;87;;;;мойка;;;;;;18-20 °C;;промаркированный;1 раз в смену;сотрудник производства;визуальный контроль, химический контроль, микробиологический контроль /сотрудник отдела качества
44;Технологическое оборудование;измельчители;измельчители;измельчители;;0;88;;;;дезинфекция;;;;;;18-20 °C;20 мин;промаркированный;1 раз в смену;сотрудник производства;визуальный контроль, химический контроль, микробиологический контроль /сотрудник отдела качества
51;Технологическое оборудование;картофелечистки;картофелечистки;картофелечистки;;0;101;;;;мойка;;;;;;18-20 °C;;промаркированный;1 раз в смену;сотрудник производства;визуальный контроль, химический контроль, микробиологический контроль /сотрудник отдела качества
51;Технологическое оборудование;картофелечистки;картофелечистки;картофелечистки;;0;102;;;;дезинфекция;;;;;;18-20 °C;20 мин;промаркированный;1 раз в смену;сотрудник производства;визуальный контроль, химический контроль, микробиологический контроль /сотрудник отдела качества
63;Технологическое оборудование;машина для резки конд изделий;машина для резки кондитерских изделий;машина для резки кондитерских изделий;;0;125;;;;мойка;;;;;;18-20 °C;;промаркированный;1 раз в смену;сотрудник производства;визуальный контроль, химический контроль, микробиологический контроль /сотрудник отдела качества
63;Технологическое оборудование;машина для резки конд изделий;машина для резки кондитерских изделий;машина для резки кондитерских изделий;;0;126;;;;дезинфекция;;;;;;18-20 °C;20 мин;промаркированный;1 раз в смену;сотрудник производства;визуальный контроль, химический контроль, микробиологический контроль /сотрудник отдела качества
64;Технологическое оборудование;металлодетектор;металлодетектор;металлодетектор;;0;127;;;;мойка;;;;;;18-20 °C;;промаркированный;1 раз в смену;сотрудник производства;визуальный контроль, химический контроль, микробиологический контроль /сотрудник отдела качества
64;Технологическое оборудование;металлодетектор;металлодетектор;металлодетектор;;0;128;;;;дезинфекция;;;;;;18-20 °C;20 мин;промаркированный;1 раз в смену;сотрудник производства;визуальный контроль, химический контроль, микробиологический контроль /сотрудник отдела качества
66;Технологическое оборудование;миксеры планетарные;миксеры планетарные;миксеры планетарные;;0;137;;;;мойка;;;;;;18-20 °C;;промаркированный;1 раз в смену;сотрудник производства;визуальный контроль, химический контроль, микробиологический контроль /сотрудник отдела качества
66;Технологическое оборудование;миксеры планетарные;миксеры планетарные;миксеры планетарные;;0;138;;;;дезинфекция;;;;;;18-20 °C;20 мин;промаркированный;1 раз в смену;сотрудник производства;визуальный контроль, химический контроль, микробиологический контроль /сотрудник отдела качества
67;Технологическое оборудование;минифилы (дозаторы крема);минифилы (дозаторы крема);минифилы (дозаторы крема);;0;139;;;;мойка;;;;;;18-20 °C;;промаркированный;1 раз в смену;сотрудник производства;визуальный контроль, химический контроль, микробиологический контроль /сотрудник отдела качества
67;Технологическое оборудование;минифилы (дозаторы крема);минифилы (дозаторы крема);минифилы (дозаторы крема);;0;140;;;;дезинфекция;;;;;;18-20 °C;20 мин;промаркированный;1 раз в смену;сотрудник производства;визуальный контроль, химический контроль, микробиологический контроль /сотрудник отдела качества
76;Технологическое оборудование;овощерезки;овощерезки;овощерезки;;0;157;;;;мойка;;;;;;18-20 °C;;промаркированный;1 раз в смену;сотрудник производства;визуальный контроль, химический контроль, микробиологический контроль /сотрудник отдела качества
76;Технологическое оборудование;овощерезки;овощерезки;овощерезки;;0;158;;;;дезинфекция;;;;;;18-20 °C;20 мин;промаркированный;1 раз в смену;сотрудник производства;визуальный контроль, химический контроль, микробиологический контроль /сотрудник отдела качества
77;Технологическое оборудование;овощечистки;овощечистки;овощечистки;;0;159;;;;мойка;;;;;;18-20 °C;;промаркированный;1 раз в смену;сотрудник производства;визуальный контроль, химический контроль, микробиологический контроль /сотрудник отдела качества
77;Технологическое оборудование;овощечистки;овощечистки;овощечистки;;0;160;;;;дезинфекция;;;;;;18-20 °C;20 мин;промаркированный;1 раз в смену;сотрудник производства;визуальный контроль, химический контроль, микробиологический контроль /сотрудник отдела качества
79;Технологическое оборудование;отсадочные машины;отсадочные машины;отсадочные машины;;0;163;;;;мойка;;;;;;18-20 °C;;промаркированный;1 раз в смену;сотрудник производства;визуальный контроль, химический контроль, микробиологический контроль /сотрудник отдела качества
79;Технологическое оборудование;отсадочные машины;отсадочные машины;отсадочные машины;;0;164;;;;дезинфекция;;;;;;18-20 °C;20 мин;промаркированный;1 раз в смену;сотрудник производства;визуальный контроль, химический контроль, микробиологический контроль /сотрудник отдела качества
203;Технологическое оборудование;пила ленточная;пила ленточная;пила ленточная;;180;592;производственное;основная;;мойка;;;ручной (протирание, обработка щёткой);;;не ниже 40 °C;;промаркированный;1 раз в смену, при смене операций;сотрудник производства;визуальный контроль, химический контроль, микробиологический контроль / сотрудник отдела качества
203;Технологическое оборудование;пила ленточная;пила ленточная;пила ленточная;;180;593;производственное;основная;;дезинфекция;;;ручной (протирание);;;18-20 °C;20 мин;промаркированный;1 раз в смену, при смене операций;сотрудник производства;визуальный контроль, химический контроль, микробиологический контроль / сотрудник отдела качества
92;Технологическое оборудование;пневматические распылители;пневматические распылители;пневматические распылители;;0;189;;;;мойка;;;;;;18-20 °C;;промаркированный;1 раз в смену;сотрудник производства;визуальный контроль, химический контроль, микробиологический контроль /сотрудник отдела качества
92;Технологическое оборудование;пневматические распылители;пневматические распылители;пневматические распылители;;0;190;;;;дезинфекция;;;;;;18-20 °C;20 мин;промаркированный;1 раз в смену;сотрудник производства;визуальный контроль, химический контроль, микробиологический контроль /сотрудник отдела качества
100;Технологическое оборудование;прессы для теста;прессы для теста;прессы для теста;;0;207;;;;мойка;;;;;;18-20 °C;;промаркированный;1 раз в смену;сотрудник производства;визуальный контроль, химический контроль, микробиологический контроль /сотрудник отдела качества
100;Технологическое оборудование;прессы для теста;прессы для теста;прессы для теста;;0;208;;;;дезинфекция;;;;;;18-20 °C;20 мин;промаркированный;1 раз в смену;сотрудник производства;визуальный контроль, химический контроль, микробиологический контроль /сотрудник отдела качества
192;Технологическое оборудование;производственные столы д;производственные столы деревянные;производственные столы;Д;102;539;производственное;основная;;мойка;;;ручной (протирание, обработка щеткой);;;не ниже 40°C;;промаркированный;1 раз в смену, при смене операций;сотрудник производства;визуальный контроль, химический контроль, микробиологический контроль /сотрудник отдела качества
192;Технологическое оборудование;производственные столы д;производственные столы деревянные;производственные столы;Д;102;540;производственное;основная;;дезинфекция;;;ручной (протирание);;;18-20 °C;20 мин;промаркированный;1 раз в смену, при смене операций;сотрудник производства;визуальный контроль, химический контроль, микробиологический контроль /сотрудник отдела качества
192;Технологическое оборудование;производственные столы д;производственные столы деревянные;производственные столы;Д;102;541;производственное;генеральная;;мойка;;;ручной (протирание, обработка щеткой);;;не ниже 40°C;;промаркированный;1 раз в месяц;сотрудник производства;визуальный контроль, химический контроль, микробиологический контроль /сотрудник отдела качества
192;Технологическое оборудование;производственные столы д;производственные столы деревянные;производственные столы;Д;102;542;производственное;генеральная;;дезинфекция;;;ручной (протирание);;;18-20 °C;20 мин;промаркированный;1 раз в месяц;сотрудник производства;визуальный контроль, химический контроль, микробиологический контроль /сотрудник отдела качества
192;Технологическое оборудование;производственные столы д;производственные столы деревянные;производственные столы;Д;102;543;производственное;поддерживающая;;дезинфекция;;;ручной (протирание);;;18-20 °C;20 мин;промаркированный;при простое > 30 минут;сотрудник производства;визуальный контроль, химический контроль, микробиологический контроль /сотрудник отдела качества
193;Технологическое оборудование;производственные столы н;производственные столы из нержавеющий стали;производственные столы;Н;102;544;производственное;основная;;мойка;;;ручной (протирание, обработка щеткой);;;не ниже 40°C;;промаркированный;1 раз в смену, при смене операций;сотрудник производства;визуальный контроль, химический контроль, микробиологический контроль /сотрудник отдела качества
193;Технологическое оборудование;производственные столы н;производственные столы из нержавеющий стали;производственные столы;Н;102;545;производственное;основная;;дезинфекция;;;ручной (протирание);;;18-20 °C;20 мин;промаркированный;1 раз в смену, при смене операций;сотрудник производства;визуальный контроль, химический контроль, микробиологический контроль /сотрудник отдела качества
193;Технологическое оборудование;производственные столы н;производственные столы из нержавеющий стали;производственные столы;Н;102;546;производственное;генеральная;;мойка;;;ручной (протирание, обработка щеткой);;;не ниже 40°C;;промаркированный;1 раз в месяц;сотрудник производства;визуальный контроль, химический контроль, микробиологический контроль /сотрудник отдела качества
193;Технологическое оборудование;производственные столы н;производственные столы из нержавеющий стали;производственные столы;Н;102;547;производственное;генеральная;;дезинфекция;;;ручной (протирание);;;18-20 °C;20 мин;промаркированный;1 раз в месяц;сотрудник производства;визуальный контроль, химический контроль, микробиологический контроль /сотрудник отдела качества
193;Технологическое оборудование;производственные столы н;производственные столы из нержавеющий стали;производственные столы;Н;102;548;производственное;поддерживающая;;дезинфекция;;;ручной (протирание);;;18-20 °C;20 мин;промаркированный;при простое > 30 минут;сотрудник производства;визуальный контроль, химический контроль, микробиологический контроль /сотрудник отдела качества
196;Технологическое оборудование;просеиватели мука;просеиватели для муки;просеиватели для муки;;103;558;производственное;основная;;мойка;;;ручной (протирание, обработка щеткой);;;не ниже 40°C;;промаркированный;1 раз в смену, при смене сырьевых компонентов;сотрудник производства;визуальный контроль, химический контроль, микробиологический контроль /сотрудник отдела качества
196;Технологическое оборудование;просеиватели мука;просеиватели для муки;просеиватели для муки;;103;559;производственное;основная;;дезинфекция;;;ручной (протирание);;;18-20 °C;20 мин;промаркированный;1 раз в смену, при смене сырьевых компонентов;сотрудник производства;визуальный контроль, химический контроль, микробиологический контроль /сотрудник отдела качества
196;Технологическое оборудование;просеиватели мука;просеиватели для муки;просеиватели для муки;;103;560;производственное;генеральная;;мойка;;;ручной (протирание, обработка щеткой);;;не ниже 40°C;;промаркированный;1 раз в месяц;сотрудник производства;визуальный контроль, химический контроль, микробиологический контроль /сотрудник отдела качества
196;Технологическое оборудование;просеиватели мука;просеиватели для муки;просеиватели для муки;;103;561;производственное;генеральная;;дезинфекция;;;ручной (протирание);;;18-20 °C;20 мин;промаркированный;1 раз в месяц;сотрудник производства;визуальный контроль, химический контроль, микробиологический контроль /сотрудник отдела качества
196;Технологическое оборудование;просеиватели мука;просеиватели для муки;просеиватели для муки;;103;562;производственное;поддерживающая;;дезинфекция;;;ручной (протирание);;;18-20 °C;20 мин;промаркированный;при простое > 6 часов;сотрудник производства;визуальный контроль, химический контроль, микробиологический контроль /сотрудник отдела качества
197;Технологическое оборудование;просеиватели сахар;просеиватели для сахара;просеиватели для сахара;;103;563;производственное;основная;;мойка;;;ручной (протирание, обработка щеткой);;;не ниже 40°C;;промаркированный;1 раз в смену, при смене сырьевых компонентов;сотрудник производства;визуальный контроль, химический контроль, микробиологический контроль /сотрудник отдела качества
197;Технологическое оборудование;просеиватели сахар;просеиватели для сахара;просеиватели для сахара;;103;564;производственное;основная;;дезинфекция;;;ручной (протирание);;;18-20 °C;20 мин;промаркированный;1 раз в смену, при смене сырьевых компонентов;сотрудник производства;визуальный контроль, химический контроль, микробиологический контроль /сотрудник отдела качества
197;Технологическое оборудование;просеиватели сахар;просеиватели для сахара;просеиватели для сахара;;103;565;производственное;генеральная;;мойка;;;ручной (протирание, обработка щеткой);;;не ниже 40°C;;промаркированный;1 раз в месяц;сотрудник производства;визуальный контроль, химический контроль, микробиологический контроль /сотрудник отдела качества
197;Технологическое оборудование;просеиватели сахар;просеиватели для сахара;просеиватели для сахара;;103;566;производственное;генеральная;;дезинфекция;;;ручной (протирание);;;18-20 °C;20 мин;промаркированный;1 раз в месяц;сотрудник производства;визуальный контроль, химический контроль, микробиологический контроль /сотрудник отдела качества
197;Технологическое оборудование;просеиватели сахар;просеиватели для сахара;просеиватели для сахара;;103;567;производственное;поддерживающая;;дезинфекция;;;ручной (протирание);;;18-20 °C;20 мин;промаркированный;при простое > 6 часов;сотрудник производства;визуальный контроль, химический контроль, микробиологический контроль /сотрудник отдела качества
103;Технологическое оборудование;протирочные машины;протирочные машины;протирочные машины;;0;213;;;;мойка;;;;;;18-20 °C;;промаркированный;1 раз в смену;сотрудник производства;визуальный контроль, химический контроль, микробиологический контроль /сотрудник отдела качества
103;Технологическое оборудование;протирочные машины;протирочные машины;протирочные машины;;0;214;;;;дезинфекция;;;;;;18-20 °C;20 мин;промаркированный;1 раз в смену;сотрудник производства;визуальный контроль, химический контроль, микробиологический контроль /сотрудник отдела качества
106;Технологическое оборудование;распылители для желе и сиропов;распылители для желе и сиропов;распылители для желе и сиропов;;0;219;;;;мойка;;;;;;18-20 °C;;промаркированный;1 раз в смену;сотрудник производства;визуальный контроль, химический контроль, микробиологический контроль /сотрудник отдела качества
106;Технологическое оборудование;распылители для желе и сиропов;распылители для желе и сиропов;распылители для желе и сиропов;;0;220;;;;дезинфекция;;;;;;18-20 °C;20 мин;промаркированный;1 раз в смену;сотрудник производства;визуальный контроль, химический контроль, микробиологический контроль /сотрудник отдела качества
110;Технологическое оборудование;рентгеновские системы контроля;рентгеновские системы контроля;рентгеновские системы контроля;;0;227;;;;мойка;;;;;;18-20 °C;;промаркированный;1 раз в смену;сотрудник производства;визуальный контроль, химический контроль, микробиологический контроль /сотрудник отдела качества
110;Технологическое оборудование;рентгеновские системы контроля;рентгеновские системы контроля;рентгеновские системы контроля;;0;228;;;;дезинфекция;;;;;;18-20 °C;20 мин;промаркированный;1 раз в смену;сотрудник производства;визуальный контроль, химический контроль, микробиологический контроль /сотрудник отдела качества
117;Технологическое оборудование;слайсера;слайсеры;слайсеры;;0;247;;;;мойка;;;;;;18-20 °C;;промаркированный;1 раз в смену;сотрудник производства;визуальный контроль, химический контроль, микробиологический контроль /сотрудник отдела качества
117;Технологическое оборудование;слайсера;слайсеры;слайсеры;;0;248;;;;дезинфекция;;;;;;18-20 °C;20 мин;промаркированный;1 раз в смену;сотрудник производства;визуальный контроль, химический контроль, микробиологический контроль /сотрудник отдела качества
119;Технологическое оборудование;солодоварки;солодоварки;солодоварки;;0;251;;;;мойка;;;;;;18-20 °C;;промаркированный;1 раз в смену;сотрудник производства;визуальный контроль, химический контроль, микробиологический контроль /сотрудник отдела качества
119;Технологическое оборудование;солодоварки;солодоварки;солодоварки;;0;252;;;;дезинфекция;;;;;;18-20 °C;20 мин;промаркированный;1 раз в смену;сотрудник производства;визуальный контроль, химический контроль, микробиологический контроль /сотрудник отдела качества
131;Технологическое оборудование;тарталетницы;тарталетницы;тарталетницы;;0;287;;;;мойка;;;;;;18-20 °C;;промаркированный;1 раз в смену;сотрудник производства;визуальный контроль, химический контроль, микробиологический контроль /сотрудник отдела качества
131;Технологическое оборудование;тарталетницы;тарталетницы;тарталетницы;;0;288;;;;дезинфекция;;;;;;18-20 °C;20 мин;промаркированный;1 раз в смену;сотрудник производства;визуальный контроль, химический контроль, микробиологический контроль /сотрудник отдела качества
138;Технологическое оборудование;термощупы;термощупы;термощупы;;0;307;;;;мойка;;;;;;18-20 °C;;промаркированный;1 раз в смену;сотрудник производства;визуальный контроль, химический контроль, микробиологический контроль /сотрудник отдела качества
138;Технологическое оборудование;термощупы;термощупы;термощупы;;0;308;;;;дезинфекция;;;;;;18-20 °C;20 мин;промаркированный;1 раз в смену;сотрудник производства;визуальный контроль, химический контроль, микробиологический контроль /сотрудник отдела качества
198;Технологическое оборудование;тестоделители;тестоделители;тестоделители;;104;568;производственное;основная;;мойка;;;ручной (протирание, обработка щеткой);;;не ниже 40°C;;промаркированный;1 раз в смену, при смене тестовой заготовки;сотрудник производства;визуальный контроль, химический контроль, микробиологический контроль /сотрудник отдела качества
198;Технологическое оборудование;тестоделители;тестоделители;тестоделители;;104;569;производственное;основная;;дезинфекция;;;ручной (протирание);;;18-20 °C;20 мин;промаркированный;1 раз в смену, при смене тестовой заготовки;сотрудник производства;визуальный контроль, химический контроль, микробиологический контроль /сотрудник отдела качества
198;Технологическое оборудование;тестоделители;тестоделители;тестоделители;;104;570;производственное;генеральная;;мойка;;;ручной (протирание, обработка щеткой);;;не ниже 40°C;;промаркированный;1 раз в месяц;сотрудник производства;визуальный контроль, химический контроль, микробиологический контроль /сотрудник отдела качества
198;Технологическое оборудование;тестоделители;тестоделители;тестоделители;;104;571;производственное;генеральная;;дезинфекция;;;ручной (протирание);;;18-20 °C;20 мин;промаркированный;1 раз в месяц;сотрудник производства;визуальный контроль, химический контроль, микробиологический контроль /сотрудник отдела качества
198;Технологическое оборудование;тестоделители;тестоделители;тестоделители;;104;572;производственное;поддерживающая;;дезинфекция;;;ручной (протирание);;;18-20 °C;20 мин;промаркированный;при простое > 6 часов;сотрудник производства;визуальный контроль, химический контроль, микробиологический контроль /сотрудник отдела качества
199;Технологическое оборудование;тестомесы;тестомесы;тестомесы;;104;573;производственное;основная;;мойка;;;ручной (протирание, обработка щеткой);;;не ниже 40°C;;промаркированный;1 раз в смену, при смене тестовой заготовки;сотрудник производства;визуальный контроль, химический контроль, микробиологический контроль /сотрудник отдела качества
199;Технологическое оборудование;тестомесы;тестомесы;тестомесы;;104;574;производственное;основная;;дезинфекция;;;ручной (протирание);;;18-20 °C;20 мин;промаркированный;1 раз в смену, при смене тестовой заготовки;сотрудник производства;визуальный контроль, химический контроль, микробиологический контроль /сотрудник отдела качества
199;Технологическое оборудование;тестомесы;тестомесы;тестомесы;;104;575;производственное;генеральная;;мойка;;;ручной (протирание, обработка щеткой);;;не ниже 40°C;;промаркированный;1 раз в месяц;сотрудник производства;визуальный контроль, химический контроль, микробиологический контроль /сотрудник отдела качества
199;Технологическое оборудование;тестомесы;тестомесы;тестомесы;;104;576;производственное;генеральная;;дезинфекция;;;ручной (протирание);;;18-20 °C;20 мин;промаркированный;1 раз в месяц;сотрудник производства;визуальный контроль, химический контроль, микробиологический контроль /сотрудник отдела качества
199;Технологическое оборудование;тестомесы;тестомесы;тестомесы;;104;577;производственное;поддерживающая;;дезинфекция;;;ручной (протирание);;;18-20 °C;20 мин;промаркированный;при простое > 6 часов;сотрудник производства;визуальный контроль, химический контроль, микробиологический контроль /сотрудник отдела качества
200;Технологическое оборудование;тестоокруглители;тестоокруглители;тестоокруглители;;104;578;производственное;основная;;мойка;;;ручной (протирание, обработка щеткой);;;не ниже 40°C;;промаркированный;1 раз в смену, при смене тестовой заготовки;сотрудник производства;визуальный контроль, химический контроль, микробиологический контроль /сотрудник отдела качества
200;Технологическое оборудование;тестоокруглители;тестоокруглители;тестоокруглители;;104;579;производственное;основная;;дезинфекция;;;ручной (протирание);;;18-20 °C;20 мин;промаркированный;1 раз в смену, при смене тестовой заготовки;сотрудник производства;визуальный контроль, химический контроль, микробиологический контроль /сотрудник отдела качества
200;Технологическое оборудование;тестоокруглители;тестоокруглители;тестоокруглители;;104;580;производственное;генеральная;;мойка;;;ручной (протирание, обработка щеткой);;;не ниже 40°C;;промаркированный;1 раз в месяц;сотрудник производства;визуальный контроль, химический контроль, микробиологический контроль /сотрудник отдела качества
200;Технологическое оборудование;тестоокруглители;тестоокруглители;тестоокруглители;;104;581;производственное;генеральная;;дезинфекция;;;ручной (протирание);;;18-20 °C;20 мин;промаркированный;1 раз в месяц;сотрудник производства;визуальный контроль, химический контроль, микробиологический контроль /сотрудник отдела качества
200;Технологическое оборудование;тестоокруглители;тестоокруглители;тестоокруглители;;104;582;производственное;поддерживающая;;дезинфекция;;;ручной (протирание);;;18-20 °C;20 мин;промаркированный;при простое > 6 часов;сотрудник производства;визуальный контроль, химический контроль, микробиологический контроль /сотрудник отдела качества
201;Технологическое оборудование;тестораскатки;тестораскатки;тестораскатки;;104;583;производственное;основная;;мойка;;;ручной (протирание, обработка щеткой);;;не ниже 40°C;;промаркированный;1 раз в смену, при смене тестовой заготовки;сотрудник производства;визуальный контроль, химический контроль, микробиологический контроль /сотрудник отдела качества
201;Технологическое оборудование;тестораскатки;тестораскатки;тестораскатки;;104;584;производственное;основная;;дезинфекция;;;ручной (протирание);;;18-20 °C;20 мин;промаркированный;1 раз в смену, при смене тестовой заготовки;сотрудник производства;визуальный контроль, химический контроль, микробиологический контроль /сотрудник отдела качества
201;Технологическое оборудование;тестораскатки;тестораскатки;тестораскатки;;104;585;производственное;генеральная;;мойка;;;ручной (протирание, обработка щеткой);;;не ниже 40°C;;промаркированный;1 раз в месяц;сотрудник производства;визуальный контроль, химический контроль, микробиологический контроль /сотрудник отдела качества
201;Технологическое оборудование;тестораскатки;тестораскатки;тестораскатки;;104;586;производственное;генеральная;;дезинфекция;;;ручной (протирание);;;18-20 °C;20 мин;промаркированный;1 раз в месяц;сотрудник производства;визуальный контроль, химический контроль, микробиологический контроль /сотрудник отдела качества
201;Технологическое оборудование;тестораскатки;тестораскатки;тестораскатки;;104;587;производственное;поддерживающая;;дезинфекция;;;ручной (протирание);;;18-20 °C;20 мин;промаркированный;при простое > 6 часов;сотрудник производства;визуальный контроль, химический контроль, микробиологический контроль /сотрудник отдела качества
139;Технологическое оборудование;ультразвуковые нарезки;ультразвуковые нарезки;ультразвуковые нарезки;;0;309;;;;мойка;;;;;;18-20 °C;;промаркированный;1 раз в смену;сотрудник производства;визуальный контроль, химический контроль, микробиологический контроль /сотрудник отдела качества
139;Технологическое оборудование;ультразвуковые нарезки;ультразвуковые нарезки;ультразвуковые нарезки;;0;310;;;;дезинфекция;;;;;;18-20 °C;20 мин;промаркированный;1 раз в смену;сотрудник производства;визуальный контроль, химический контроль, микробиологический контроль /сотрудник отдела качества
142;Технологическое оборудование;ферментаторы;ферментаторы;ферментаторы;;0;315;;;;мойка;;;;;;18-20 °C;;промаркированный;1 раз в смену;сотрудник производства;визуальный контроль, химический контроль, микробиологический контроль /сотрудник отдела качества
142;Технологическое оборудование;ферментаторы;ферментаторы;ферментаторы;;0;316;;;;дезинфекция;;;;;;18-20 °C;20 мин;промаркированный;1 раз в смену;сотрудник производства;визуальный контроль, химический контроль, микробиологический контроль /сотрудник отдела качества
152;Технологическое оборудование;шприц-дозатор начинки;шприц-дозатор начинки;шприц-дозатор начинки;;0;347;;;;мойка;;;;;;18-20 °C;;промаркированный;1 раз в смену;сотрудник производства;визуальный контроль, химический контроль, микробиологический контроль /сотрудник отдела качества
152;Технологическое оборудование;шприц-дозатор начинки;шприц-дозатор начинки;шприц-дозатор начинки;;0;348;;;;дезинфекция;;;;;;18-20 °C;20 мин;промаркированный;1 раз в смену;сотрудник производства;визуальный контроль, химический контроль, микробиологический контроль /сотрудник отдела качества
5;Холодильное оборудование;холодильная витрина;Холодильная витрина;Холодильная витрина;;0;;;;;;;;;;;;;;;;
48;Холодильное оборудование;камеры мороз;камеры морозильные;камеры морозильные;;0;95;;;;мойка;;;;;;18-20 °C;;промаркированный;1 раз в 3 месяца;сотрудник внутреннего клининга;визуальный контроль/сотрудник отдела качества
48;Холодильное оборудование;камеры мороз;камеры морозильные;камеры морозильные;;0;96;;;;дезинфекция;;;;;;18-20 °C;20 мин;промаркированный;1 раз в 3 месяца;сотрудник внутреннего клининга;визуальный контроль/сотрудник отдела качества
49;Холодильное оборудование;камеры холод;камеры холодильные;камеры холодильные;;0;97;;;;мойка;;;;;;18-20 °C;;промаркированный;1 раз в 3 месяца;сотрудник внутреннего клининга;визуальный контроль/сотрудник отдела качества
49;Холодильное оборудование;камеры холод;камеры холодильные;камеры холодильные;;0;98;;;;дезинфекция;;;;;;18-20 °C;20 мин;промаркированный;1 раз в 3 месяца;сотрудник внутреннего клининга;визуальный контроль/сотрудник отдела качества
50;Холодильное оборудование;камеры шок замор;камеры шоковой заморозки;камеры шоковой заморозки;;0;99;;;;мойка;;;;;;18-20 °C;;промаркированный;1 раз в 3 месяца;сотрудник внутреннего клининга;визуальный контроль/сотрудник отдела качества
50;Холодильное оборудование;камеры шок замор;камеры шоковой заморозки;камеры шоковой заморозки;;0;100;;;;дезинфекция;;;;;;18-20 °C;20 мин;промаркированный;1 раз в 3 месяца;сотрудник внутреннего клининга;визуальный контроль/сотрудник отдела качества
58;Холодильное оборудование;ледогенератор;ледогенератор;ледогенератор;;0;115;;;;мойка;;;;;;18-20 °C;;промаркированный;1 раз в 3 месяца;сотрудник внутреннего клининга;визуальный контроль/сотрудник отдела качества
58;Холодильное оборудование;ледогенератор;ледогенератор;ледогенератор;;0;116;;;;дезинфекция;;;;;;18-20 °C;20 мин;промаркированный;1 раз в 3 месяца;сотрудник внутреннего клининга;визуальный контроль/сотрудник отдела качества
71;Холодильное оборудование;морозильный ларь;морозильный ларь;морозильный ларь;;0;147;;;;мойка;;;;;;18-20 °C;;промаркированный;1 раз в 3 месяца;сотрудник внутреннего клининга;визуальный контроль/сотрудник отдела качества
71;Холодильное оборудование;морозильный ларь;морозильный ларь;морозильный ларь;;0;148;;;;дезинфекция;;;;;;18-20 °C;20 мин;промаркированный;1 раз в 3 месяца;сотрудник внутреннего клининга;визуальный контроль/сотрудник отдела качества
195;Холодильное оборудование;холод столы;холодильные столы;холодильные столы;;102;553;производственное;основная;;мойка;;;ручной (протирание, обработка щеткой);;;не ниже 40°C;;промаркированный;1 раз в смену, при смене операций;сотрудник производства;визуальный контроль, химический контроль, микробиологический контроль /сотрудник отдела качества
195;Холодильное оборудование;холод столы;холодильные столы;холодильные столы;;102;554;производственное;основная;;дезинфекция;;;ручной (протирание);;;18-20 °C;20 мин;промаркированный;1 раз в смену, при смене операций;сотрудник производства;визуальный контроль, химический контроль, микробиологический контроль /сотрудник отдела качества
195;Холодильное оборудование;холод столы;холодильные столы;холодильные столы;;102;555;производственное;генеральная;;мойка;;;ручной (протирание, обработка щеткой);;;не ниже 40°C;;промаркированный;1 раз в месяц;сотрудник производства;визуальный контроль, химический контроль, микробиологический контроль /сотрудник отдела качества
195;Холодильное оборудование;холод столы;холодильные столы;холодильные столы;;102;556;производственное;генеральная;;дезинфекция;;;ручной (протирание);;;18-20 °C;20 мин;промаркированный;1 раз в месяц;сотрудник производства;визуальный контроль, химический контроль, микробиологический контроль /сотрудник отдела качества
195;Холодильное оборудование;холод столы;холодильные столы;холодильные столы;;102;557;производственное;поддерживающая;;дезинфекция;;;ручной (протирание);;;18-20 °C;20 мин;промаркированный;при простое > 30 минут;сотрудник производства;визуальный контроль, химический контроль, микробиологический контроль /сотрудник отдела качества
202;Холодильное оборудование;холод шкафы;холодильные шкафы;холодильные шкафы;;105;588;производственное;основная;внешняя;мойка;;ХИМИТЕК ИЗУМРУД 310;ручной (протирание, обработка щеткой);1,0 – 2,0%;дозирующая система ProMax;не ниже 40°C;;промаркированный;1 раз в неделю;сотрудник внутреннего клининга;визуальный контроль/сотрудник отдела качества
202;Холодильное оборудование;холод шкафы;холодильные шкафы;холодильные шкафы;;105;589;производственное;основная;внешняя;дезинфекция;;ХИМИТЕК ПОЛИДЕЗ®-СУПЕР;ручной (протирание);0,02 % – 0,05 % (по НУК);дозирующая система ProMax;18-20 °C;20 мин;промаркированный;1 раз в неделю;сотрудник внутреннего клининга;визуальный контроль/сотрудник отдела качества
202;Холодильное оборудование;холод шкафы;холодильные шкафы;холодильные шкафы;;105;590;производственное;основная;внутренняя;мойка;;ХИМИТЕК ИЗУМРУД 310;ручной (протирание, обработка щеткой);1,0 – 2,0%;дозирующая система ProMax;не ниже 40°C;;промаркированный;1 раз в месяц;сотрудник внутреннего клининга;визуальный контроль/сотрудник отдела качества
202;Холодильное оборудование;холод шкафы;холодильные шкафы;холодильные шкафы;;105;591;производственное;основная;внутренняя;дезинфекция;;ХИМИТЕК ПОЛИДЕЗ®-СУПЕР;ручной (протирание);0,02 % – 0,05 % (по НУК);дозирующая система ProMax;18-20 °C;20 мин;промаркированный;1 раз в месяц;сотрудник внутреннего клининга;визуальный контроль/сотрудник отдела качества
7;Поверхности;бактерицидные лампы;бактерицидные лампы;бактерицидные лампы;;0;7;бытовое;генеральная;;мойка;;;;;;не ниже 40°C;;промаркированный;1 раз в месяц;сотрудник внутреннего клининга;визуальный контроль/технолог
7;Поверхности;бактерицидные лампы;бактерицидные лампы;бактерицидные лампы;;0;8;производственное;генеральная;;мойка;;;;;;не ниже 40°C;;промаркированный;1 раз в месяц;сотрудник внутреннего клининга;визуальный контроль/технолог
10;Поверхности;бойлера;бойлер;бойлер;;0;13;;;;мойка;;;;;;18-20 °C;;промаркированный;1 раз в месяц;сотрудник внутреннего клининга;визуальный контроль/сотрудник отдела качества
10;Поверхности;бойлера;бойлер;бойлер;;0;14;;;;дезинфекция;;;;;;18-20 °C;20 мин;промаркированный;1 раз в месяц;сотрудник внутреннего клининга;визуальный контроль/сотрудник отдела качества
16;Поверхности;вентиляторы;вентилятор;вентилятор;;0;25;;;;мойка;;;;;;18-20 °C;;промаркированный;1 раз в месяц;сотрудник внутреннего клининга;визуальный контроль/сотрудник отдела качества
16;Поверхности;вентиляторы;вентилятор;вентилятор;;0;26;;;;дезинфекция;;;;;;18-20 °C;20 мин;промаркированный;1 раз в месяц;сотрудник внутреннего клининга;визуальный контроль/сотрудник отдела качества
173;Поверхности;вентиляционные трубы;вентиляционные трубы;вентиляционные трубы;;35;429;бытовое;генеральная;;мойка;;;ручной (протирание, обработка щеткой);;;18-20 °C;;промаркированный;1 раз в 6 месяцев;сотрудник внутреннего клининга;визуальный контроль/сотрудник отдела качества
173;Поверхности;вентиляционные трубы;вентиляционные трубы;вентиляционные трубы;;35;430;бытовое;генеральная;;дезинфекция;;;ручной (протирание);;;18-20 °C;20 мин;промаркированный;1 раз в 6 месяцев;сотрудник внутреннего клининга;визуальный контроль/сотрудник отдела качества
173;Поверхности;вентиляционные трубы;вентиляционные трубы;вентиляционные трубы;;35;431;бытовое;поддерживающая;;очистка (обеспыливание поверхностей);;;ручной (протирание);;;;;промаркированный;1 раз в 3 месяца;сотрудник внутреннего клининга;визуальный контроль/сотрудник отдела качества
173;Поверхности;вентиляционные трубы;вентиляционные трубы;вентиляционные трубы;;35;432;производственное;генеральная;;мойка;;;ручной (протирание, обработка щеткой);;;18-20 °C;;промаркированный;1 раз в 6 месяцев;сотрудник внутреннего клининга;визуальный контроль/сотрудник отдела качества
173;Поверхности;вентиляционные трубы;вентиляционные трубы;вентиляционные трубы;;35;433;производственное;генеральная;;дезинфекция;;;ручной (протирание);;;18-20 °C;20 мин;промаркированный;1 раз в 6 месяцев;сотрудник внутреннего клининга;визуальный контроль/сотрудник отдела качества
173;Поверхности;вентиляционные трубы;вентиляционные трубы;вентиляционные трубы;;35;434;производственное;поддерживающая;;очистка (обеспыливание поверхностей);;;ручной (протирание);;;;;промаркированный;1 раз в 3 месяца;сотрудник внутреннего клининга;визуальный контроль/сотрудник отдела качества
165;Поверхности;водопроводные трубы;водопроводные трубы;водопроводные трубы;;30;395;бытовое;генеральная;;мойка;;;ручной (протирание, обработка щеткой);;;18-20 °C;;промаркированный;1 раз в месяц;сотрудник внутреннего клининга;визуальный контроль/сотрудник отдела качества
165;Поверхности;водопроводные трубы;водопроводные трубы;водопроводные трубы;;30;396;бытовое;генеральная;;дезинфекция;;;ручной (протирание);;;18-20 °C;20 мин;промаркированный;1 раз в месяц;сотрудник внутреннего клининга;визуальный контроль/сотрудник отдела качества
165;Поверхности;водопроводные трубы;водопроводные трубы;водопроводные трубы;;30;397;производственное;генеральная;;мойка;;;ручной (протирание, обработка щеткой);;;18-20 °C;;промаркированный;1 раз в месяц;сотрудник внутреннего клининга;визуальный контроль/сотрудник отдела качества
165;Поверхности;водопроводные трубы;водопроводные трубы;водопроводные трубы;;30;398;производственное;генеральная;;дезинфекция;;;ручной (протирание);;;18-20 °C;20 мин;промаркированный;1 раз в месяц;сотрудник внутреннего клининга;визуальный контроль/сотрудник отдела качества
21;Поверхности;воротароллета;ворота/роллета;ворота/роллета;;0;35;;;;мойка;;;;;;18-20 °C;;промаркированный;1 раз в месяц;сотрудник внутреннего клининга;визуальный контроль/сотрудник отдела качества
21;Поверхности;воротароллета;ворота/роллета;ворота/роллета;;0;36;;;;дезинфекция;;;;;;18-20 °C;20 мин;промаркированный;1 раз в месяц;сотрудник внутреннего клининга;визуальный контроль/сотрудник отдела качества
166;Поверхности;выключатели;выключатели;выключатели;;30;399;бытовое;генеральная;;мойка;;;ручной (протирание, обработка щеткой);;;не ниже 40°C;;промаркированный;1 раз в месяц;сотрудник внутреннего клининга;визуальный контроль/сотрудник отдела качества
166;Поверхности;выключатели;выключатели;выключатели;;30;400;бытовое;генеральная;;дезинфекция;;;ручной (протирание);;;18-20 °C;20 мин;промаркированный;1 раз в месяц;сотрудник внутреннего клининга;визуальный контроль/сотрудник отдела качества
166;Поверхности;выключатели;выключатели;выключатели;;30;401;бытовое;поддерживающая;;дезинфекция;;;ручной (протирание);;;18-20 °C;20 мин;промаркированный;2 раза в смену;сотрудник внутреннего клининга;визуальный контроль/сотрудник отдела качества
166;Поверхности;выключатели;выключатели;выключатели;;30;402;производственное;генеральная;;мойка;;;ручной (протирание, обработка щеткой);;;не ниже 40°C;;промаркированный;1 раз в месяц;сотрудник внутреннего клининга;визуальный контроль/сотрудник отдела качества
166;Поверхности;выключатели;выключатели;выключатели;;30;403;производственное;генеральная;;дезинфекция;;;ручной (протирание);;;18-20 °C;20 мин;промаркированный;1 раз в месяц;сотрудник внутреннего клининга;визуальный контроль/сотрудник отдела качества
166;Поверхности;выключатели;выключатели;выключатели;;30;404;производственное;поддерживающая;;дезинфекция;;;ручной (протирание);;;18-20 °C;20 мин;промаркированный;2 раза в смену;сотрудник внутреннего клининга;визуальный контроль/сотрудник отдела качества
22;Поверхности;вытяжные зонты а;вытяжные зонты алюминиевые;вытяжные зонты;А;0;37;;;;мойка;;;;;;не ниже 40°C;;промаркированный;1 раз в месяц;сотрудник внутреннего клининга;визуальный контроль/сотрудник отдела качества
22;Поверхности;вытяжные зонты а;вытяжные зонты алюминиевые;вытяжные зонты;А;0;38;;;;дезинфекция;;;;;;18-20 °C;20 мин;промаркированный;1 раз в месяц;сотрудник внутреннего клининга;визуальный контроль/сотрудник отдела качества
23;Поверхности;вытяжные зонты н;вытяжные зонты из нержавеющей стали;вытяжные зонты;Н;0;39;;;;мойка;;;;;;не ниже 40°C;;промаркированный;1 раз в месяц;сотрудник внутреннего клининга;визуальный контроль/сотрудник отдела качества
23;Поверхности;вытяжные зонты н;вытяжные зонты из нержавеющей стали;вытяжные зонты;Н;0;40;;;;дезинфекция;;;;;;18-20 °C;20 мин;промаркированный;1 раз в месяц;сотрудник внутреннего клининга;визуальный контроль/сотрудник отдела качества
25;Поверхности;гидравлические тележки;гидравлические тележки;гидравлические тележки;;0;43;;;;мойка;;;;;;18-20 °C;;промаркированный;1 раз в неделю;сотрудник внутреннего клининга;визуальный контроль/сотрудник отдела качества
25;Поверхности;гидравлические тележки;гидравлические тележки;гидравлические тележки;;0;44;;;;дезинфекция;;;;;;18-20 °C;20 мин;промаркированный;1 раз в неделю;сотрудник внутреннего клининга;визуальный контроль/сотрудник отдела качества
167;Поверхности;двери;двери;двери;;30;405;бытовое;генеральная;;мойка;;;ручной (протирание, обработка щеткой);;;18-20 °C;;промаркированный;1 раз в месяц;сотрудник внутреннего клининга;визуальный контроль/сотрудник отдела качества
167;Поверхности;двери;двери;двери;;30;406;бытовое;генеральная;;дезинфекция;;;ручной (протирание);;;18-20 °C;20 мин;промаркированный;1 раз в месяц;сотрудник внутреннего клининга;визуальный контроль/сотрудник отдела качества
167;Поверхности;двери;двери;двери;;30;407;производственное;генеральная;;мойка;;;ручной (протирание, обработка щеткой);;;18-20 °C;;промаркированный;1 раз в месяц;сотрудник внутреннего клининга;визуальный контроль/сотрудник отдела качества
167;Поверхности;двери;двери;двери;;30;408;производственное;генеральная;;дезинфекция;;;ручной (протирание);;;18-20 °C;20 мин;промаркированный;1 раз в месяц;сотрудник внутреннего клининга;визуальный контроль/сотрудник отдела качества
168;Поверхности;дверные ручки;дверные ручки;дверные ручки;;30;409;бытовое;генеральная;;мойка;;;ручной (протирание, обработка щеткой);;;18-20 °C;;промаркированный;1 раз в месяц;сотрудник внутреннего клининга;визуальный контроль/сотрудник отдела качества
168;Поверхности;дверные ручки;дверные ручки;дверные ручки;;30;410;бытовое;генеральная;;дезинфекция;;;ручной (протирание);;;18-20 °C;20 мин;промаркированный;1 раз в месяц;сотрудник внутреннего клининга;визуальный контроль/сотрудник отдела качества
168;Поверхности;дверные ручки;дверные ручки;дверные ручки;;30;411;бытовое;поддерживающая;;дезинфекция;;;ручной (протирание);;;18-20 °C;20 мин;промаркированный;2 раза в смену;сотрудник внутреннего клининга;визуальный контроль/сотрудник отдела качества
168;Поверхности;дверные ручки;дверные ручки;дверные ручки;;30;412;производственное;генеральная;;мойка;;;ручной (протирание, обработка щеткой);;;18-20 °C;;промаркированный;1 раз в месяц;сотрудник внутреннего клининга;визуальный контроль/сотрудник отдела качества
168;Поверхности;дверные ручки;дверные ручки;дверные ручки;;30;413;производственное;генеральная;;дезинфекция;;;ручной (протирание);;;18-20 °C;20 мин;промаркированный;1 раз в месяц;сотрудник внутреннего клининга;визуальный контроль/сотрудник отдела качества
168;Поверхности;дверные ручки;дверные ручки;дверные ручки;;30;414;производственное;поддерживающая;;дезинфекция;;;ручной (протирание);;;18-20 °C;20 мин;промаркированный;2 раза в смену;сотрудник внутреннего клининга;визуальный контроль/сотрудник отдела качества
29;Поверхности;демосистема (контактная поверхность);демосистема (контактная поверхность);демосистема (контактная поверхность);;0;51;;;;мойка;;;;;;18-20 °C;;промаркированный;1 раз в месяц;сотрудник внутреннего клининга;визуальный контроль/сотрудник отдела качества
29;Поверхности;демосистема (контактная поверхность);демосистема (контактная поверхность);демосистема (контактная поверхность);;0;52;;;;дезинфекция;;;;;;18-20 °C;20 мин;промаркированный;1 раз в месяц;сотрудник внутреннего клининга;визуальный контроль/сотрудник отдела качества
31;Поверхности;держатели для досок;держатели для досок;держатели для досок;;0;55;;;;мойка;;;;;;18-20 °C;;промаркированный;1 раз в смену;сотрудник внутреннего клининга;визуальный контроль/сотрудник отдела качества
31;Поверхности;держатели для досок;держатели для досок;держатели для досок;;0;56;;;;дезинфекция;;;;;;18-20 °C;20 мин;промаркированный;1 раз в смену;сотрудник внутреннего клининга;визуальный контроль/сотрудник отдела качества
32;Поверхности;держатели для инвентаря;держатели для инвентаря;держатели для инвентаря;;0;57;;;;мойка;;;;;;18-20 °C;;промаркированный;1 раз в смену;сотрудник внутреннего клининга;визуальный контроль/сотрудник отдела качества
32;Поверхности;держатели для инвентаря;держатели для инвентаря;держатели для инвентаря;;0;58;;;;дезинфекция;;;;;;18-20 °C;20 мин;промаркированный;1 раз в смену;сотрудник внутреннего клининга;визуальный контроль/сотрудник отдела качества
33;Поверхности;держатели для ножей;держатели для ножей;держатели для ножей;;0;59;;;;мойка;;;;;;18-20 °C;;промаркированный;1 раз в смену;сотрудник внутреннего клининга;визуальный контроль/сотрудник отдела качества
33;Поверхности;держатели для ножей;держатели для ножей;держатели для ножей;;0;60;;;;дезинфекция;;;;;;18-20 °C;20 мин;промаркированный;1 раз в смену;сотрудник внутреннего клининга;визуальный контроль/сотрудник отдела качества
161;Поверхности;диффузоры;диффузоры;диффузоры;;20;373;бытовое;генеральная;;мойка;;;ручной (протирание, обработка щеткой);;;18-20 °C;;промаркированный;1 раз в 6 месяцев;сотрудник внутреннего клининга;визуальный контроль/сотрудник отдела качества
161;Поверхности;диффузоры;диффузоры;диффузоры;;20;374;бытовое;генеральная;;дезинфекция;;;ручной (протирание);;;18-20 °C;20 мин;промаркированный;1 раз в 6 месяцев;сотрудник внутреннего клининга;визуальный контроль/сотрудник отдела качества
161;Поверхности;диффузоры;диффузоры;диффузоры;;20;375;бытовое;поддерживающая;;очистка (обеспыливание поверхностей);;;ручной (протирание);;;;;промаркированный;1 раз в 3 месяца;сотрудник внутреннего клининга;визуальный контроль/сотрудник отдела качества
161;Поверхности;диффузоры;диффузоры;диффузоры;;20;376;производственное;генеральная;;мойка;;;ручной (протирание, обработка щеткой);;;18-20 °C;;промаркированный;1 раз в 6 месяцев;сотрудник внутреннего клининга;визуальный контроль/сотрудник отдела качества
161;Поверхности;диффузоры;диффузоры;диффузоры;;20;377;производственное;генеральная;;дезинфекция;;;ручной (протирание);;;18-20 °C;20 мин;промаркированный;1 раз в 6 месяцев;сотрудник внутреннего клининга;визуальный контроль/сотрудник отдела качества
161;Поверхности;диффузоры;диффузоры;диффузоры;;20;378;производственное;поддерживающая;;очистка (обеспыливание поверхностей);;;ручной (протирание);;;;;промаркированный;1 раз в 3 месяца;сотрудник внутреннего клининга;визуальный контроль/сотрудник отдела качества
175;Поверхности;завесы пвх;завесы ПВХ;завесы ПВХ;;40;437;производственное;основная;;мойка;;;;;;18-20 °C;;промаркированный;1 раз в неделю;сотрудник внутреннего клининга;визуальный контроль/сотрудник отдела качества
175;Поверхности;завесы пвх;завесы ПВХ;завесы ПВХ;;40;438;производственное;основная;;дезинфекция;;;;;;18-20 °C;20 мин;промаркированный;1 раз в неделю;сотрудник внутреннего клининга;визуальный контроль/сотрудник отдела качества
42;Поверхности;завесы тепловые;завесы тепловые;завесы тепловые;;0;83;;;;мойка;;;;;;18-20 °C;;промаркированный;1 раз в месяц;сотрудник внутреннего клининга;визуальный контроль/сотрудник отдела качества
42;Поверхности;завесы тепловые;завесы тепловые;завесы тепловые;;0;84;;;;дезинфекция;;;;;;18-20 °C;20 мин;промаркированный;1 раз в месяц;сотрудник внутреннего клининга;визуальный контроль/сотрудник отдела качества
47;Поверхности;инсектицидные лампы;инсектицидные лампы;инсектицидные лампы;;0;93;бытовое;генеральная;;мойка;;;ручной (протирание, обработка щеткой);;;не ниже 40°C;;промаркированный;1 раз в месяц;сотрудник инженерной службы;визуальный контроль/технолог
47;Поверхности;инсектицидные лампы;инсектицидные лампы;инсектицидные лампы;;0;94;производственное;генеральная;;мойка;;;ручной (протирание, обработка щеткой);;;не ниже 40°C;;промаркированный;1 раз в месяц;сотрудник инженерной службы;визуальный контроль/технолог
169;Поверхности;кабель-каналы;кабель-каналы;кабель-каналы;;30;415;бытовое;генеральная;;мойка;;;ручной (протирание, обработка щеткой);;;18-20 °C;;промаркированный;1 раз в месяц;сотрудник внутреннего клининга;визуальный контроль/сотрудник отдела качества
169;Поверхности;кабель-каналы;кабель-каналы;кабель-каналы;;30;416;бытовое;генеральная;;дезинфекция;;;ручной (протирание);;;18-20 °C;20 мин;промаркированный;1 раз в месяц;сотрудник внутреннего клининга;визуальный контроль/сотрудник отдела качества
169;Поверхности;кабель-каналы;кабель-каналы;кабель-каналы;;30;417;производственное;генеральная;;мойка;;;ручной (протирание, обработка щеткой);;;18-20 °C;;промаркированный;1 раз в месяц;сотрудник внутреннего клининга;визуальный контроль/сотрудник отдела качества
169;Поверхности;кабель-каналы;кабель-каналы;кабель-каналы;;30;418;производственное;генеральная;;дезинфекция;;;ручной (протирание);;;18-20 °C;20 мин;промаркированный;1 раз в месяц;сотрудник внутреннего клининга;визуальный контроль/сотрудник отдела качества
53;Поверхности;кондиционер;кондиционер;кондиционер;;0;105;;;;мойка;;;;;;18-20 °C;;промаркированный;1 раз в 6 месяцев;сотрудник внутреннего клининга;визуальный контроль/сотрудник отдела качества
53;Поверхности;кондиционер;кондиционер;кондиционер;;0;106;;;;дезинфекция;;;;;;18-20 °C;20 мин;промаркированный;1 раз в 6 месяцев;сотрудник внутреннего клининга;визуальный контроль/сотрудник отдела качества
185;Поверхности;контейнеры для отходов;контейнеры для отходов;контейнеры для отходов;;80;491;бытовое;основная;;мойка;;;ручной (протирание, обработка щеткой);;;18-20 °C;;промаркированный;после каждого удаления отходов;сотрудник внутреннего клининга;визуальный контроль/сотрудник отдела качества
185;Поверхности;контейнеры для отходов;контейнеры для отходов;контейнеры для отходов;;80;492;бытовое;основная;;дезинфекция;;;ручной (протирание);;;18-20 °C;20 мин;промаркированный;после каждого удаления отходов;сотрудник внутреннего клининга;визуальный контроль/сотрудник отдела качества
185;Поверхности;контейнеры для отходов;контейнеры для отходов;контейнеры для отходов;;80;493;бытовое;генеральная;;мойка;;;ручной (протирание, обработка щеткой);;;18-20 °C;;промаркированный;1 раз в месяц;сотрудник внутреннего клининга;визуальный контроль/сотрудник отдела качества
185;Поверхности;контейнеры для отходов;контейнеры для отходов;контейнеры для отходов;;80;494;бытовое;генеральная;;дезинфекция;;;ручной (протирание);;;18-20 °C;20 мин;промаркированный;1 раз в месяц;сотрудник внутреннего клининга;визуальный контроль/сотрудник отдела качества
185;Поверхности;контейнеры для отходов;контейнеры для отходов;контейнеры для отходов;;80;495;производственное;основная;;мойка;;;ручной (протирание, обработка щеткой);;;18-20 °C;;промаркированный;после каждого удаления отходов;сотрудник внутреннего клининга;визуальный контроль/сотрудник отдела качества
185;Поверхности;контейнеры для отходов;контейнеры для отходов;контейнеры для отходов;;80;496;производственное;основная;;дезинфекция;;;ручной (протирание);;;18-20 °C;20 мин;промаркированный;после каждого удаления отходов;сотрудник внутреннего клининга;визуальный контроль/сотрудник отдела качества
185;Поверхности;контейнеры для отходов;контейнеры для отходов;контейнеры для отходов;;80;497;производственное;генеральная;;мойка;;;ручной (протирание, обработка щеткой);;;18-20 °C;;промаркированный;1 раз в месяц;сотрудник внутреннего клининга;визуальный контроль/сотрудник отдела качества
185;Поверхности;контейнеры для отходов;контейнеры для отходов;контейнеры для отходов;;80;498;производственное;генеральная;;дезинфекция;;;ручной (протирание);;;18-20 °C;20 мин;промаркированный;1 раз в месяц;сотрудник внутреннего клининга;визуальный контроль/сотрудник отдела качества
59;Поверхности;лестницы;лестницы;лестницы;;0;117;;;;мойка;;;;;;18-20 °C;;промаркированный;1 раз в месяц;сотрудник внутреннего клининга;визуальный контроль/сотрудник отдела качества
59;Поверхности;лестницы;лестницы;лестницы;;0;118;;;;дезинфекция;;;;;;18-20 °C;20 мин;промаркированный;1 раз в месяц;сотрудник внутреннего клининга;визуальный контроль/сотрудник отдела качества
164;Поверхности;металлоконструкции;металлоконструкции;металлоконструкции;;25;391;бытовое;основная;;мойка;;;ручной (протирание, обработка щёткой);;;18-20 °C;;промаркированный;1 раз в неделю;сотрудник внутреннего клининга;визуальный контроль/сотрудник отдела качества
164;Поверхности;металлоконструкции;металлоконструкции;металлоконструкции;;25;392;бытовое;основная;;дезинфекция;;;ручной (протирание);;;18-20 °C;20 мин;промаркированный;1 раз в неделю;сотрудник внутреннего клининга;визуальный контроль/сотрудник отдела качества
164;Поверхности;металлоконструкции;металлоконструкции;металлоконструкции;;25;393;производственное;основная;;мойка;;;ручной (протирание, обработка щёткой);;;18-20 °C;;промаркированный;1 раз в неделю;сотрудник внутреннего клининга;визуальный контроль/сотрудник отдела качества
164;Поверхности;металлоконструкции;металлоконструкции;металлоконструкции;;25;394;производственное;основная;;дезинфекция;;;ручной (протирание);;;18-20 °C;20 мин;промаркированный;1 раз в неделю;сотрудник внутреннего клининга;визуальный контроль/сотрудник отдела качества
186;Поверхности;мусорные корзины;мусорные корзины;мусорные корзины;;80;499;бытовое;основная;;мойка;;;ручной (протирание, обработка щеткой);;;18-20 °C;;промаркированный;1 раз в неделю;сотрудник внутреннего клининга;визуальный контроль/сотрудник отдела качества
186;Поверхности;мусорные корзины;мусорные корзины;мусорные корзины;;80;500;бытовое;основная;;дезинфекция;;;ручной (протирание);;;18-20 °C;20 мин;промаркированный;1 раз в неделю;сотрудник внутреннего клининга;визуальный контроль/сотрудник отдела качества
186;Поверхности;мусорные корзины;мусорные корзины;мусорные корзины;;80;501;бытовое;генеральная;;мойка;;;ручной (протирание, обработка щеткой);;;18-20 °C;;промаркированный;1 раз в месяц;сотрудник внутреннего клининга;визуальный контроль/сотрудник отдела качества
186;Поверхности;мусорные корзины;мусорные корзины;мусорные корзины;;80;502;бытовое;генеральная;;дезинфекция;;;ручной (протирание);;;18-20 °C;20 мин;промаркированный;1 раз в месяц;сотрудник внутреннего клининга;визуальный контроль/сотрудник отдела качества
186;Поверхности;мусорные корзины;мусорные корзины;мусорные корзины;;80;503;бытовое;поддерживающая;;мойка;;;ручной (протирание, обработка щеткой);;;18-20 °C;;промаркированный;по мере необходимости;сотрудник внутреннего клининга;визуальный контроль/сотрудник отдела качества
186;Поверхности;мусорные корзины;мусорные корзины;мусорные корзины;;80;504;производственное;основная;;мойка;;;ручной (протирание, обработка щеткой);;;18-20 °C;;промаркированный;1 раз в неделю;сотрудник внутреннего клининга;визуальный контроль/сотрудник отдела качества
186;Поверхности;мусорные корзины;мусорные корзины;мусорные корзины;;80;505;производственное;основная;;дезинфекция;;;ручной (протирание);;;18-20 °C;20 мин;промаркированный;1 раз в неделю;сотрудник внутреннего клининга;визуальный контроль/сотрудник отдела качества
186;Поверхности;мусорные корзины;мусорные корзины;мусорные корзины;;80;506;производственное;генеральная;;мойка;;;ручной (протирание, обработка щеткой);;;18-20 °C;;промаркированный;1 раз в месяц;сотрудник внутреннего клининга;визуальный контроль/сотрудник отдела качества
186;Поверхности;мусорные корзины;мусорные корзины;мусорные корзины;;80;507;производственное;генеральная;;дезинфекция;;;ручной (протирание);;;18-20 °C;20 мин;промаркированный;1 раз в месяц;сотрудник внутреннего клининга;визуальный контроль/сотрудник отдела качества
186;Поверхности;мусорные корзины;мусорные корзины;мусорные корзины;;80;508;производственное;поддерживающая;;мойка;;;ручной (протирание, обработка щеткой);;;18-20 °C;;промаркированный;по мере необходимости;сотрудник внутреннего клининга;визуальный контроль/сотрудник отдела качества
178;Поверхности;окна внешние;окна внешние;окна внешние;;50;453;бытовое;генеральная;;мойка;;;ручной (протирание, обработка щеткой);;;;;промаркированный;1 раз в месяц (летний период);сотрудник внутреннего клининга;визуальный контроль/сотрудник отдела качества
178;Поверхности;окна внешние;окна внешние;окна внешние;;50;454;бытовое;основная;;мойка;;;ручной (протирание, обработка щеткой);;;;;промаркированный;1 раз в неделю;сотрудник внутреннего клининга;визуальный контроль/сотрудник отдела качества
178;Поверхности;окна внешние;окна внешние;окна внешние;;50;455;бытовое;генеральная;;мойка;;;ручной (протирание, обработка щеткой);;;;;промаркированный;;сотрудник внутреннего клининга;визуальный контроль/сотрудник отдела качества
178;Поверхности;окна внешние;окна внешние;окна внешние;;50;456;производственное;генеральная;;мойка;;;ручной (протирание, обработка щеткой);;;;;промаркированный;1 раз в месяц (летний период);сотрудник внутреннего клининга;визуальный контроль/сотрудник отдела качества
178;Поверхности;окна внешние;окна внешние;окна внешние;;50;457;производственное;основная;;мойка;;;ручной (протирание, обработка щеткой);;;;;промаркированный;1 раз в неделю;сотрудник внутреннего клининга;визуальный контроль/сотрудник отдела качества
178;Поверхности;окна внешние;окна внешние;окна внешние;;50;458;производственное;генеральная;;мойка;;;ручной (протирание, обработка щеткой);;;;;промаркированный;;сотрудник внутреннего клининга;визуальный контроль/сотрудник отдела качества
78;Поверхности;окна внутрицеховые;окна внутрицеховые;окна внутрицеховые;;0;161;;;;мойка;;;;;;;;промаркированный;1 раз в месяц (летний период);сотрудник внутреннего клининга;визуальный контроль/сотрудник отдела качества
78;Поверхности;окна внутрицеховые;окна внутрицеховые;окна внутрицеховые;;0;162;;;;дезинфекция;;;;;;18-20 °C;20 мин;промаркированный;1 раз в месяц (летний период);сотрудник внутреннего клининга;визуальный контроль/сотрудник отдела качества
176;Поверхности;отопительные приборы;отопительные приборы;отопительные приборы;;40;439;бытовое;генеральная;;мойка;;;ручной (протирание, обработка щеткой);;;не ниже 40°C;;промаркированный;1 раз в 6 месяцев;сотрудник внутреннего клининга;визуальный контроль/сотрудник отдела качества
176;Поверхности;отопительные приборы;отопительные приборы;отопительные приборы;;40;440;бытовое;генеральная;;дезинфекция;;;ручной (протирание);;;18-20 °C;20 мин;промаркированный;1 раз в 6 месяцев;сотрудник внутреннего клининга;визуальный контроль/сотрудник отдела качества
176;Поверхности;отопительные приборы;отопительные приборы;отопительные приборы;;40;441;бытовое;поддерживающая;;очистка (обеспыливание поверхностей);;;ручной (протирание);;;;;промаркированный;1 раз в месяц;сотрудник внутреннего клининга;визуальный контроль/сотрудник отдела качества
176;Поверхности;отопительные приборы;отопительные приборы;отопительные приборы;;40;442;производственное;генеральная;;мойка;;;ручной (протирание, обработка щеткой);;;не ниже 40°C;;промаркированный;1 раз в 6 месяцев;сотрудник внутреннего клининга;визуальный контроль/сотрудник отдела качества
176;Поверхности;отопительные приборы;отопительные приборы;отопительные приборы;;40;443;производственное;генеральная;;дезинфекция;;;ручной (протирание);;;18-20 °C;20 мин;промаркированный;1 раз в 6 месяцев;сотрудник внутреннего клининга;визуальный контроль/сотрудник отдела качества
176;Поверхности;отопительные приборы;отопительные приборы;отопительные приборы;;40;444;производственное;поддерживающая;;очистка (обеспыливание поверхностей);;;ручной (протирание);;;;;промаркированный;1 раз в месяц;сотрудник внутреннего клининга;визуальный контроль/сотрудник отдела качества
87;Поверхности;пластиковые паллеты;пластиковые паллеты;пластиковые паллеты;;0;179;;;;мойка;;;;;;18-20 °C;;промаркированный;по мере освобождения;сотрудник внутреннего клининга;визуальный контроль/сотрудник отдела качества
87;Поверхности;пластиковые паллеты;пластиковые паллеты;пластиковые паллеты;;0;180;;;;дезинфекция;;;;;;18-20 °C;20 мин;промаркированный;по мере освобождения;сотрудник внутреннего клининга;визуальный контроль/сотрудник отдела качества
88;Поверхности;пластиковые подкаты;пластиковые подкаты;пластиковые подкаты;;0;181;;;;мойка;;;;;;18-20 °C;;промаркированный;1 раз в неделю;сотрудник внутреннего клининга;визуальный контроль/сотрудник отдела качества
88;Поверхности;пластиковые подкаты;пластиковые подкаты;пластиковые подкаты;;0;182;;;;дезинфекция;;;;;;18-20 °C;20 мин;промаркированный;1 раз в неделю;сотрудник внутреннего клининга;визуальный контроль/сотрудник отдела качества
93;Поверхности;погрузчики;погрузчики;погрузчики;;0;191;;;;мойка;;;;;;18-20 °C;;промаркированный;1 раз в неделю;сотрудник внутреннего клининга;визуальный контроль/сотрудник отдела качества
93;Поверхности;погрузчики;погрузчики;погрузчики;;0;192;;;;дезинфекция;;;;;;18-20 °C;20 мин;промаркированный;1 раз в неделю;сотрудник внутреннего клининга;визуальный контроль/сотрудник отдела качества
94;Поверхности;пожарный щит;пожарный щит;пожарный щит;;0;193;;;;мойка;;;;;;18-20 °C;;промаркированный;1 раз в неделю;сотрудник внутреннего клининга;визуальный контроль/сотрудник отдела качества
94;Поверхности;пожарный щит;пожарный щит;пожарный щит;;0;194;;;;дезинфекция;;;;;;18-20 °C;20 мин;промаркированный;1 раз в неделю;сотрудник внутреннего клининга;визуальный контроль/сотрудник отдела качества
188;Поверхности;пол;пол;пол;;90;515;бытовое;основная;;мойка;;;ручной (протирание, обработка щеткой);;;не ниже 40 °C;;промаркированный;2 раза в смену;сотрудник внутреннего клининга;визуальный контроль/сотрудник отдела качества
188;Поверхности;пол;пол;пол;;90;516;бытовое;основная;;дезинфекция;;;ручной (протирание);;;18-20 °C;20 мин;промаркированный;2 раза в смену;сотрудник внутреннего клининга;визуальный контроль/сотрудник отдела качества
188;Поверхности;пол;пол;пол;;90;517;бытовое;поддерживающая;;мойка;;;ручной (протирание, обработка щеткой);;;не ниже 40 °C;;промаркированный;по мере необходимости;сотрудник внутреннего клининга;визуальный контроль/сотрудник отдела качества
188;Поверхности;пол;пол;пол;;90;518;бытовое;генеральная;;мойка;;;ручной (протирание, обработка щеткой);;;не ниже 40 °C;;промаркированный;1 раз в месяц;сотрудник внутреннего клининга;визуальный контроль/сотрудник отдела качества
188;Поверхности;пол;пол;пол;;90;519;бытовое;генеральная;;дезинфекция;;;ручной (протирание);;;18-20 °C;20 мин;промаркированный;1 раз в месяц;сотрудник внутреннего клининга;визуальный контроль/сотрудник отдела качества
188;Поверхности;пол;пол;пол;;90;520;производственное;основная;;мойка;;;ручной (протирание, обработка щеткой);;;не ниже 40 °C;;промаркированный;2 раза в смену;сотрудник внутреннего клининга;визуальный контроль/сотрудник отдела качества
188;Поверхности;пол;пол;пол;;90;521;производственное;основная;;дезинфекция;;;ручной (протирание);;;18-20 °C;20 мин;промаркированный;2 раза в смену;сотрудник внутреннего клининга;визуальный контроль/сотрудник отдела качества
188;Поверхности;пол;пол;пол;;90;522;производственное;поддерживающая;;мойка;;;ручной (протирание, обработка щеткой);;;не ниже 40 °C;;промаркированный;по мере необходимости;сотрудник внутреннего клининга;визуальный контроль/сотрудник отдела качества
188;Поверхности;пол;пол;пол;;90;523;производственное;генеральная;;мойка;;;ручной (протирание, обработка щеткой);;;не ниже 40 °C;;промаркированный;1 раз в месяц;сотрудник внутреннего клининга;визуальный контроль/сотрудник отдела качества
188;Поверхности;пол;пол;пол;;90;524;производственное;генеральная;;дезинфекция;;;ручной (протирание);;;18-20 °C;20 мин;промаркированный;1 раз в месяц;сотрудник внутреннего клининга;визуальный контроль/сотрудник отдела качества
159;Поверхности;потолок () ок;потолок окрашенный;потолок (высота _____м);ОК;10;361;бытовое;генеральная;;мойка;;;ручной (протирание, обработка щеткой);;;не ниже 40°C;;промаркированный;1 раз в 6 месяцев;сотрудник внутреннего клининга;визуальный контроль/сотрудник отдела качества
159;Поверхности;потолок () ок;потолок окрашенный;потолок (высота _____м);ОК;10;362;бытовое;генеральная;;дезинфекция;;;ручной (протирание);;;18-20 °C;20 мин;промаркированный;1 раз в 6 месяцев;сотрудник внутреннего клининга;визуальный контроль/сотрудник отдела качества
159;Поверхности;потолок () ок;потолок окрашенный;потолок (высота _____м);ОК;10;363;бытовое;поддерживающая;;очистка (обеспыливание поверхностей);;;ручной (протирание);;;;;промаркированный;1 раз в 3 месяца;сотрудник внутреннего клининга;визуальный контроль/сотрудник отдела качества
159;Поверхности;потолок () ок;потолок окрашенный;потолок (высота _____м);ОК;10;364;производственное;генеральная;;мойка;;;ручной (протирание, обработка щеткой);;;не ниже 40°C;;промаркированный;1 раз в 6 месяцев;сотрудник внутреннего клининга;визуальный контроль/сотрудник отдела качества
159;Поверхности;потолок () ок;потолок окрашенный;потолок (высота _____м);ОК;10;365;производственное;генеральная;;дезинфекция;;;ручной (протирание);;;18-20 °C;20 мин;промаркированный;1 раз в 6 месяцев;сотрудник внутреннего клининга;визуальный контроль/сотрудник отдела качества
159;Поверхности;потолок () ок;потолок окрашенный;потолок (высота _____м);ОК;10;366;производственное;поддерживающая;;очистка (обеспыливание поверхностей);;;ручной (протирание);;;;;промаркированный;1 раз в 3 месяца;сотрудник внутреннего клининга;визуальный контроль/сотрудник отдела качества
160;Поверхности;потолок () п;потолок подвесной;потолок (высота _____м);П;10;367;бытовое;генеральная;;мойка;;;ручной (протирание, обработка щеткой);;;не ниже 40°C;;промаркированный;1 раз в 12 месяцев;сотрудник внутреннего клининга;визуальный контроль/сотрудник отдела качества
160;Поверхности;потолок () п;потолок подвесной;потолок (высота _____м);П;10;368;бытовое;генеральная;;дезинфекция;;;ручной (протирание);;;18-20 °C;20 мин;промаркированный;1 раз в 12 месяцев;сотрудник внутреннего клининга;визуальный контроль/сотрудник отдела качества
160;Поверхности;потолок () п;потолок подвесной;потолок (высота _____м);П;10;369;бытовое;поддерживающая;;очистка (обеспыливание поверхностей);;;ручной (протирание);;;;;промаркированный;1 раз в 3 месяца;сотрудник внутреннего клининга;визуальный контроль/сотрудник отдела качества
160;Поверхности;потолок () п;потолок подвесной;потолок (высота _____м);П;10;370;производственное;генеральная;;мойка;;;ручной (протирание, обработка щеткой);;;не ниже 40°C;;промаркированный;1 раз в 12 месяцев;сотрудник внутреннего клининга;визуальный контроль/сотрудник отдела качества
160;Поверхности;потолок () п;потолок подвесной;потолок (высота _____м);П;10;371;производственное;генеральная;;дезинфекция;;;ручной (протирание);;;18-20 °C;20 мин;промаркированный;1 раз в 12 месяцев;сотрудник внутреннего клининга;визуальный контроль/сотрудник отдела качества
160;Поверхности;потолок () п;потолок подвесной;потолок (высота _____м);П;10;372;производственное;поддерживающая;;очистка (обеспыливание поверхностей);;;ручной (протирание);;;;;промаркированный;1 раз в 3 месяца;сотрудник внутреннего клининга;визуальный контроль/сотрудник отдела качества
109;Поверхности;резиновые коврики;резиновые коврики;резиновые коврики;;0;225;;;;мойка;;;;;;18-20 °C;;промаркированный;1 раз в месяц;сотрудник внутреннего клининга;визуальный контроль/сотрудник отдела качества
109;Поверхности;резиновые коврики;резиновые коврики;резиновые коврики;;0;226;;;;дезинфекция;;;;;;18-20 °C;20 мин;промаркированный;1 раз в месяц;сотрудник внутреннего клининга;визуальный контроль/сотрудник отдела качества
170;Поверхности;розетки;розетки;розетки;;30;419;бытовое;генеральная;;мойка;;;ручной (протирание, обработка щеткой);;;18-20 °C;;промаркированный;1 раз в месяц;сотрудник внутреннего клининга;визуальный контроль/сотрудник отдела качества
170;Поверхности;розетки;розетки;розетки;;30;420;бытовое;генеральная;;дезинфекция;;;ручной (протирание);;;18-20 °C;20 мин;промаркированный;1 раз в месяц;сотрудник внутреннего клининга;визуальный контроль/сотрудник отдела качества
170;Поверхности;розетки;розетки;розетки;;30;421;производственное;генеральная;;мойка;;;ручной (протирание, обработка щеткой);;;18-20 °C;;промаркированный;1 раз в месяц;сотрудник внутреннего клининга;визуальный контроль/сотрудник отдела качества
170;Поверхности;розетки;розетки;розетки;;30;422;производственное;генеральная;;дезинфекция;;;ручной (протирание);;;18-20 °C;20 мин;промаркированный;1 раз в месяц;сотрудник внутреннего клининга;визуальный контроль/сотрудник отдела качества
162;Поверхности;светильники;светильники (наружные поверхности);светильники (наружные поверхности);;20;379;бытовое;генеральная;;мойка;;;ручной (протирание, обработка щеткой);;;18-20 °C;;промаркированный;1 раз в 6 месяцев;сотрудник внутреннего клининга;визуальный контроль/сотрудник отдела качества
162;Поверхности;светильники;светильники (наружные поверхности);светильники (наружные поверхности);;20;380;бытовое;генеральная;;дезинфекция;;;ручной (протирание);;;18-20 °C;20 мин;промаркированный;1 раз в 6 месяцев;сотрудник внутреннего клининга;визуальный контроль/сотрудник отдела качества
162;Поверхности;светильники;светильники (наружные поверхности);светильники (наружные поверхности);;20;381;бытовое;поддерживающая;;очистка (обеспыливание поверхностей);;;ручной (протирание);;;;;промаркированный;1 раз в 3 месяца;сотрудник внутреннего клининга;визуальный контроль/сотрудник отдела качества
162;Поверхности;светильники;светильники (наружные поверхности);светильники (наружные поверхности);;20;382;производственное;генеральная;;мойка;;;ручной (протирание, обработка щеткой);;;18-20 °C;;промаркированный;1 раз в 6 месяцев;сотрудник внутреннего клининга;визуальный контроль/сотрудник отдела качества
162;Поверхности;светильники;светильники (наружные поверхности);светильники (наружные поверхности);;20;383;производственное;генеральная;;дезинфекция;;;ручной (протирание);;;18-20 °C;20 мин;промаркированный;1 раз в 6 месяцев;сотрудник внутреннего клининга;визуальный контроль/сотрудник отдела качества
162;Поверхности;светильники;светильники (наружные поверхности);светильники (наружные поверхности);;20;384;производственное;поддерживающая;;очистка (обеспыливание поверхностей);;;ручной (протирание);;;;;промаркированный;1 раз в 3 месяца;сотрудник внутреннего клининга;визуальный контроль/сотрудник отдела качества
120;Поверхности;сплит-системы;сплит-системы;сплит-системы;;0;253;;;;мойка;;;;;;18-20 °C;;промаркированный;1 раз в 6 месяцев;сотрудник внутреннего клининга;визуальный контроль/сотрудник отдела качества
120;Поверхности;сплит-системы;сплит-системы;сплит-системы;;0;254;;;;дезинфекция;;;;;;18-20 °C;20 мин;промаркированный;1 раз в 6 месяцев;сотрудник внутреннего клининга;визуальный контроль/сотрудник отдела качества
163;Поверхности;стены (выше 2 м);стены (выше 2 м);стены (выше 2 м);;20;385;бытовое;генеральная;;мойка;;;ручной (протирание, обработка щеткой);;;18-20 °C;;промаркированный;1 раз в 6 месяцев;сотрудник внутреннего клининга;визуальный контроль/сотрудник отдела качества
163;Поверхности;стены (выше 2 м);стены (выше 2 м);стены (выше 2 м);;20;386;бытовое;генеральная;;дезинфекция;;;ручной (протирание);;;18-20 °C;20 мин;промаркированный;1 раз в 6 месяцев;сотрудник внутреннего клининга;визуальный контроль/сотрудник отдела качества
163;Поверхности;стены (выше 2 м);стены (выше 2 м);стены (выше 2 м);;20;387;бытовое;поддерживающая;;очистка (обеспыливание поверхностей);;;ручной (протирание);;;;;промаркированный;1 раз в 3 месяца;сотрудник внутреннего клининга;визуальный контроль/сотрудник отдела качества
163;Поверхности;стены (выше 2 м);стены (выше 2 м);стены (выше 2 м);;20;388;производственное;генеральная;;мойка;;;ручной (протирание, обработка щеткой);;;18-20 °C;;промаркированный;1 раз в 6 месяцев;сотрудник внутреннего клининга;визуальный контроль/сотрудник отдела качества
163;Поверхности;стены (выше 2 м);стены (выше 2 м);стены (выше 2 м);;20;389;производственное;генеральная;;дезинфекция;;;ручной (протирание);;;18-20 °C;20 мин;промаркированный;1 раз в 6 месяцев;сотрудник внутреннего клининга;визуальный контроль/сотрудник отдела качества
163;Поверхности;стены (выше 2 м);стены (выше 2 м);стены (выше 2 м);;20;390;производственное;поддерживающая;;очистка (обеспыливание поверхностей);;;ручной (протирание);;;;;промаркированный;1 раз в 3 месяца;сотрудник внутреннего клининга;визуальный контроль/сотрудник отдела качества
171;Поверхности;стены (до 2 м);стены (до 2 м);стены (до 2 м);;30;423;бытовое;генеральная;;мойка;;;ручной (протирание, обработка щеткой);;;не ниже 40°C;;промаркированный;1 раз в месяц;сотрудник внутреннего клининга;визуальный контроль/сотрудник отдела качества
171;Поверхности;стены (до 2 м);стены (до 2 м);стены (до 2 м);;30;424;бытовое;генеральная;;дезинфекция;;;ручной (протирание);;;18-20 °C;20 мин;промаркированный;1 раз в месяц;сотрудник внутреннего клининга;визуальный контроль/сотрудник отдела качества
171;Поверхности;стены (до 2 м);стены (до 2 м);стены (до 2 м);;30;425;производственное;генеральная;;мойка;;;ручной (протирание, обработка щеткой);;;не ниже 40°C;;промаркированный;1 раз в месяц;сотрудник внутреннего клининга;визуальный контроль/сотрудник отдела качества
171;Поверхности;стены (до 2 м);стены (до 2 м);стены (до 2 м);;30;426;производственное;генеральная;;дезинфекция;;;ручной (протирание);;;18-20 °C;20 мин;промаркированный;1 раз в месяц;сотрудник внутреннего клининга;визуальный контроль/сотрудник отдела качества
172;Поверхности;стерилизатор;стерилизатор;стерилизатор;;30;427;;;;мойка;;;;;;18-20 °C;;промаркированный;1 раз в месяц;сотрудник внутреннего клининга;визуальный контроль/сотрудник отдела качества
172;Поверхности;стерилизатор;стерилизатор;стерилизатор;;30;428;;;;дезинфекция;;;;;;18-20 °C;20 мин;промаркированный;1 раз в месяц;сотрудник внутреннего клининга;визуальный контроль/сотрудник отдела качества
123;Поверхности;стоки;стоки;стоки;;0;261;;;;мойка;;;;;;18-20 °C;;промаркированный;1 раз в смену;сотрудник внутреннего клининга;визуальный контроль/сотрудник отдела качества
123;Поверхности;стоки;стоки;стоки;;0;262;;;;дезинфекция;;;;;;18-20 °C;20 мин;промаркированный;1 раз в смену;сотрудник внутреннего клининга;визуальный контроль/сотрудник отдела качества
187;Поверхности;трапы;трапы;трапы;;89;509;бытовое;основная;;мойка;;;ручной (протирание, обработка щеткой);;;18-20 °C;;промаркированный;1 раз в смену;сотрудник внутреннего клининга;визуальный контроль/сотрудник отдела качества
187;Поверхности;трапы;трапы;трапы;;89;510;бытовое;основная;;дезинфекция;;;ручной (протирание);;;18-20 °C;20 мин;промаркированный;1 раз в смену;сотрудник внутреннего клининга;визуальный контроль/сотрудник отдела качества
187;Поверхности;трапы;трапы;трапы;;89;511;бытовое;основная;;прочистка;;ХИМИТЕК ЧУДОДЕЙ®-CIP;ручной, обработка щёткой;100%;;не ниже 40°C;30 мин;промаркированный;1 раз в месяц;сотрудник внутреннего клининга;визуальный контроль/сотрудник отдела качества
187;Поверхности;трапы;трапы;трапы;;89;512;производственное;основная;;мойка;;;ручной (протирание, обработка щеткой);;;18-20 °C;;промаркированный;1 раз в смену;сотрудник внутреннего клининга;визуальный контроль/сотрудник отдела качества
187;Поверхности;трапы;трапы;трапы;;89;513;производственное;основная;;дезинфекция;;;ручной (протирание);;;18-20 °C;20 мин;промаркированный;1 раз в смену;сотрудник внутреннего клининга;визуальный контроль/сотрудник отдела качества
187;Поверхности;трапы;трапы;трапы;;89;514;производственное;основная;;прочистка;;ХИМИТЕК ЧУДОДЕЙ®-CIP;ручной, обработка щёткой;100%;;не ниже 40°C;30 мин;промаркированный;1 раз в месяц;сотрудник внутреннего клининга;визуальный контроль/сотрудник отдела качества
149;Поверхности;часы;часы;часы;;0;341;;;;мойка;;;;;;18-20 °C;;промаркированный;1 раз в 6 месяцев;сотрудник внутреннего клининга;визуальный контроль/сотрудник отдела качества
149;Поверхности;часы;часы;часы;;0;342;;;;дезинфекция;;;;;;18-20 °C;20 мин;промаркированный;1 раз в 6 месяцев;сотрудник внутреннего клининга;визуальный контроль/сотрудник отдела качества
153;Поверхности;штабелёры;штабелёр;штабелёр;;0;349;;;;мойка;;;;;;18-20 °C;;промаркированный;1 раз в смену;сотрудник внутреннего клининга;визуальный контроль/сотрудник отдела качества
153;Поверхности;штабелёры;штабелёр;штабелёр;;0;350;;;;дезинфекция;;;;;;18-20 °C;20 мин;промаркированный;1 раз в смену;сотрудник внутреннего клининга;визуальный контроль/сотрудник отдела качества
174;Поверхности;электрощиты;электрощит (наружные поверхности);электрощит (наружные поверхности);;35;435;производственное;основная;;мойка;;;;;;18-20 °C;;промаркированный;1 раз в неделю;сотрудник внутреннего клининга;визуальный контроль/сотрудник отдела качества
174;Поверхности;электрощиты;электрощит (наружные поверхности);электрощит (наружные поверхности);;35;436;производственное;основная;;дезинфекция;;;;;;18-20 °C;20 мин;промаркированный;1 раз в неделю;сотрудник внутреннего клининга;визуальный контроль/сотрудник отдела качества
156;Поверхности;ёлки для колец;ёлки для колец;ёлки для колец;;0;355;;;;мойка;;;;;;18-20 °C;;промаркированный;1 раз в смену;сотрудник внутреннего клининга;визуальный контроль/сотрудник отдела качества
156;Поверхности;ёлки для колец;ёлки для колец;ёлки для колец;;0;356;;;;дезинфекция;;;;;;18-20 °C;20 мин;промаркированный;1 раз в смену;сотрудник внутреннего клининга;визуальный контроль/сотрудник отдела качества
13;Тепловое оборудование;варочные котлы;варочные котлы;варочные котлы;;0;19;;;;мойка;;;;;;18-20 °C;;промаркированный;1 раз в смену;сотрудник производства;визуальный контроль, химический контроль, микробиологический контроль /сотрудник отдела качества
13;Тепловое оборудование;варочные котлы;варочные котлы;варочные котлы;;0;20;;;;дезинфекция;;;;;;18-20 °C;20 мин;промаркированный;1 раз в смену;сотрудник производства;визуальный контроль, химический контроль, микробиологический контроль /сотрудник отдела качества
14;Тепловое оборудование;вафельницы;вафельницы;вафельницы;;0;21;;;;мойка;;;;;;18-20 °C;;промаркированный;1 раз в смену;сотрудник производства;визуальный контроль, химический контроль, микробиологический контроль /сотрудник отдела качества
14;Тепловое оборудование;вафельницы;вафельницы;вафельницы;;0;22;;;;дезинфекция;;;;;;18-20 °C;20 мин;промаркированный;1 раз в смену;сотрудник производства;визуальный контроль, химический контроль, микробиологический контроль /сотрудник отдела качества
26;Тепловое оборудование;грили;грили;грили;;0;45;;;;мойка;;;;;;18-20 °C;;промаркированный;1 раз в смену;сотрудник производства;визуальный контроль, химический контроль, микробиологический контроль /сотрудник отдела качества
26;Тепловое оборудование;грили;грили;грили;;0;46;;;;дезинфекция;;;;;;18-20 °C;20 мин;промаркированный;1 раз в смену;сотрудник производства;визуальный контроль, химический контроль, микробиологический контроль /сотрудник отдела качества
81;Тепловое оборудование;пароконвектоматы;пароконвектоматы;пароконвектоматы;;0;167;;;;мойка;;;;;;18-20 °C;;промаркированный;1 раз в смену;сотрудник производства;визуальный контроль, химический контроль, микробиологический контроль /сотрудник отдела качества
81;Тепловое оборудование;пароконвектоматы;пароконвектоматы;пароконвектоматы;;0;168;;;;дезинфекция;;;;;;18-20 °C;20 мин;промаркированный;1 раз в смену;сотрудник производства;визуальный контроль, химический контроль, микробиологический контроль /сотрудник отдела качества
84;Тепловое оборудование;печи подовые;печи подовые;печи подовые;;0;173;;;;мойка;;;;;;18-20 °C;;промаркированный;1 раз в смену;сотрудник производства;визуальный контроль, химический контроль, микробиологический контроль /сотрудник отдела качества
84;Тепловое оборудование;печи подовые;печи подовые;печи подовые;;0;174;;;;дезинфекция;;;;;;18-20 °C;20 мин;промаркированный;1 раз в смену;сотрудник производства;визуальный контроль, химический контроль, микробиологический контроль /сотрудник отдела качества
85;Тепловое оборудование;печи ротационные;печи ротационные;печи ротационные;;0;175;;;;мойка;;;;;;18-20 °C;;промаркированный;1 раз в смену;сотрудник производства;визуальный контроль, химический контроль, микробиологический контроль /сотрудник отдела качества
85;Тепловое оборудование;печи ротационные;печи ротационные;печи ротационные;;0;176;;;;дезинфекция;;;;;;18-20 °C;20 мин;промаркированный;1 раз в смену;сотрудник производства;визуальный контроль, химический контроль, микробиологический контроль /сотрудник отдела качества
89;Тепловое оборудование;плиты газ;плиты газовые;плиты газовые;;0;183;;;;мойка;;;;;;18-20 °C;;промаркированный;1 раз в смену;сотрудник производства;визуальный контроль, химический контроль, микробиологический контроль /сотрудник отдела качества
89;Тепловое оборудование;плиты газ;плиты газовые;плиты газовые;;0;184;;;;дезинфекция;;;;;;18-20 °C;20 мин;промаркированный;1 раз в смену;сотрудник производства;визуальный контроль, химический контроль, микробиологический контроль /сотрудник отдела качества
90;Тепловое оборудование;плиты индук;плиты индукционные;плиты индукционные;;0;185;;;;мойка;;;;;;18-20 °C;;промаркированный;1 раз в смену;сотрудник производства;визуальный контроль, химический контроль, микробиологический контроль /сотрудник отдела качества
90;Тепловое оборудование;плиты индук;плиты индукционные;плиты индукционные;;0;186;;;;дезинфекция;;;;;;18-20 °C;20 мин;промаркированный;1 раз в смену;сотрудник производства;визуальный контроль, химический контроль, микробиологический контроль /сотрудник отдела качества
91;Тепловое оборудование;плиты элек;плиты электрические;плиты электрические;;0;187;;;;мойка;;;;;;18-20 °C;;промаркированный;1 раз в смену;сотрудник производства;визуальный контроль, химический контроль, микробиологический контроль /сотрудник отдела качества
91;Тепловое оборудование;плиты элек;плиты электрические;плиты электрические;;0;188;;;;дезинфекция;;;;;;18-20 °C;20 мин;промаркированный;1 раз в смену;сотрудник производства;визуальный контроль, химический контроль, микробиологический контроль /сотрудник отдела качества
108;Тепловое оборудование;расстоечные шкафы;расстоечные шкафы;расстоечные шкафы;;0;223;;;;мойка;;;;;;18-20 °C;;промаркированный;1 раз в смену;сотрудник производства;визуальный контроль, химический контроль, микробиологический контроль /сотрудник отдела качества
108;Тепловое оборудование;расстоечные шкафы;расстоечные шкафы;расстоечные шкафы;;0;224;;;;дезинфекция;;;;;;18-20 °C;20 мин;промаркированный;1 раз в смену;сотрудник производства;визуальный контроль, химический контроль, микробиологический контроль /сотрудник отдела качества
116;Тепловое оборудование;сковороды;сковороды;сковороды;;0;245;;;;мойка;;;;;;18-20 °C;;промаркированный;1 раз в смену;сотрудник производства;визуальный контроль, химический контроль, микробиологический контроль /сотрудник отдела качества
116;Тепловое оборудование;сковороды;сковороды;сковороды;;0;246;;;;дезинфекция;;;;;;18-20 °C;20 мин;промаркированный;1 раз в смену;сотрудник производства;визуальный контроль, химический контроль, микробиологический контроль /сотрудник отдела качества
146;Тепловое оборудование;фритюры;фритюры;фритюры;;0;323;;;;мойка;;;;;;18-20 °C;;промаркированный;1 раз в смену;сотрудник производства;визуальный контроль, химический контроль, микробиологический контроль /сотрудник отдела качества
146;Тепловое оборудование;фритюры;фритюры;фритюры;;0;324;;;;дезинфекция;;;;;;18-20 °C;20 мин;промаркированный;1 раз в смену;сотрудник производства;визуальный контроль, химический контроль, микробиологический контроль /сотрудник отдела качества
18;Инвентарь, посуда и т.д.;вешала;вешала;вешала;;0;29;;;;мойка;;;;;;18-20 °C;;промаркированный;после каждого использования;сотрудник внутреннего клининга;визуальный контроль, химический контроль, микробиологический контроль /сотрудник отдела качества
18;Инвентарь, посуда и т.д.;вешала;вешала;вешала;;0;30;;;;дезинфекция;;;;;;18-20 °C;20 мин;промаркированный;после каждого использования;сотрудник внутреннего клининга;визуальный контроль, химический контроль, микробиологический контроль /сотрудник отдела качества
19;Инвентарь, посуда и т.д.;внутрицеховая тара (вёдра ящики);внутрицеховая тара (вёдра, ящики);внутрицеховая тара (вёдра, ящики);;0;31;;;;мойка;;;;;;18-20 °C;;промаркированный;после каждого использования;сотрудник внутреннего клининга;визуальный контроль, химический контроль, микробиологический контроль /сотрудник отдела качества
19;Инвентарь, посуда и т.д.;внутрицеховая тара (вёдра ящики);внутрицеховая тара (вёдра, ящики);внутрицеховая тара (вёдра, ящики);;0;32;;;;дезинфекция;;;;;;18-20 °C;20 мин;промаркированный;после каждого использования;сотрудник внутреннего клининга;визуальный контроль, химический контроль, микробиологический контроль /сотрудник отдела качества
24;Инвентарь, посуда и т.д.;гастроёмкости;гастроёмкости;гастроёмкости;;0;41;;;;мойка;;;;;;18-20 °C;;промаркированный;после каждого использования;сотрудник внутреннего клининга;визуальный контроль, химический контроль, микробиологический контроль /сотрудник отдела качества
24;Инвентарь, посуда и т.д.;гастроёмкости;гастроёмкости;гастроёмкости;;0;42;;;;дезинфекция;;;;;;18-20 °C;20 мин;промаркированный;после каждого использования;сотрудник внутреннего клининга;визуальный контроль, химический контроль, микробиологический контроль /сотрудник отдела качества
27;Инвентарь, посуда и т.д.;дежи;дежи;дежи;;0;47;;;;мойка;;;;;;18-20 °C;;промаркированный;после каждого использования;сотрудник внутреннего клининга;визуальный контроль, химический контроль, микробиологический контроль /сотрудник отдела качества
27;Инвентарь, посуда и т.д.;дежи;дежи;дежи;;0;48;;;;дезинфекция;;;;;;18-20 °C;20 мин;промаркированный;после каждого использования;сотрудник внутреннего клининга;визуальный контроль, химический контроль, микробиологический контроль /сотрудник отдела качества
38;Инвентарь, посуда и т.д.;доски;доски;доски;;0;75;;;;мойка;;;;;;18-20 °C;;промаркированный;после каждого использования;сотрудник внутреннего клининга;визуальный контроль, химический контроль, микробиологический контроль /сотрудник отдела качества
38;Инвентарь, посуда и т.д.;доски;доски;доски;;0;76;;;;дезинфекция;;;;;;18-20 °C;20 мин;промаркированный;после каждого использования;сотрудник внутреннего клининга;визуальный контроль, химический контроль, микробиологический контроль /сотрудник отдела качества
45;Инвентарь, посуда и т.д.;изотермические контейнеры (bigbox);изотермические контейнеры (bigbox);изотермические контейнеры (bigbox);;0;89;;;;мойка;;;;;;18-20 °C;;промаркированный;после каждого использования;сотрудник внутреннего клининга;визуальный контроль, химический контроль, микробиологический контроль /сотрудник отдела качества
45;Инвентарь, посуда и т.д.;изотермические контейнеры (bigbox);изотермические контейнеры (bigbox);изотермические контейнеры (bigbox);;0;90;;;;дезинфекция;;;;;;18-20 °C;20 мин;промаркированный;после каждого использования;сотрудник внутреннего клининга;визуальный контроль, химический контроль, микробиологический контроль /сотрудник отдела качества
46;Инвентарь, посуда и т.д.;инвентарь;инвентарь;инвентарь;;0;91;;;;мойка;;;;;;18-20 °C;;промаркированный;после каждого использования;сотрудник внутреннего клининга;визуальный контроль, химический контроль, микробиологический контроль /сотрудник отдела качества
46;Инвентарь, посуда и т.д.;инвентарь;инвентарь;инвентарь;;0;92;;;;дезинфекция;;;;;;18-20 °C;20 мин;промаркированный;после каждого использования;сотрудник внутреннего клининга;визуальный контроль, химический контроль, микробиологический контроль /сотрудник отдела качества
54;Инвентарь, посуда и т.д.;корзины для расстойки теста;корзины для расстойки теста;корзины для расстойки теста;;0;107;;;;мойка;;;;;;18-20 °C;;промаркированный;после каждого использования;сотрудник внутреннего клининга;визуальный контроль, химический контроль, микробиологический контроль /сотрудник отдела качества
54;Инвентарь, посуда и т.д.;корзины для расстойки теста;корзины для расстойки теста;корзины для расстойки теста;;0;108;;;;дезинфекция;;;;;;18-20 °C;20 мин;промаркированный;после каждого использования;сотрудник внутреннего клининга;визуальный контроль, химический контроль, микробиологический контроль /сотрудник отдела качества
56;Инвентарь, посуда и т.д.;крючки;крючки;крючки;;0;111;;;;мойка;;;;;;18-20 °C;;промаркированный;после каждого использования;сотрудник внутреннего клининга;визуальный контроль, химический контроль, микробиологический контроль /сотрудник отдела качества
56;Инвентарь, посуда и т.д.;крючки;крючки;крючки;;0;112;;;;дезинфекция;;;;;;18-20 °C;20 мин;промаркированный;после каждого использования;сотрудник внутреннего клининга;визуальный контроль, химический контроль, микробиологический контроль /сотрудник отдела качества
60;Инвентарь, посуда и т.д.;листы для выпечки а;листы для выпечки алюминиевые;листы для выпечки;А;0;119;;;;мойка;;;;;;не ниже 40°C;;промаркированный;1 раз в неделю, по мере загрязнения;сотрудник внутреннего клининга;визуальный контроль/сотрудник отдела качества
60;Инвентарь, посуда и т.д.;листы для выпечки а;листы для выпечки алюминиевые;листы для выпечки;А;0;120;;;;дезинфекция;;;;;;18-20 °C;20 мин;промаркированный;1 раз в неделю, по мере загрязнения;сотрудник внутреннего клининга;визуальный контроль/сотрудник отдела качества
61;Инвентарь, посуда и т.д.;листы для выпечки н;листы для выпечки из нержавеющей стали;листы для выпечки;Н;0;121;;;;мойка;;;;;;не ниже 40°C;;промаркированный;1 раз в неделю, по мере загрязнения;сотрудник внутреннего клининга;визуальный контроль/сотрудник отдела качества
61;Инвентарь, посуда и т.д.;листы для выпечки н;листы для выпечки из нержавеющей стали;листы для выпечки;Н;0;122;;;;дезинфекция;;;;;;18-20 °C;20 мин;промаркированный;1 раз в неделю, по мере загрязнения;сотрудник внутреннего клининга;визуальный контроль/сотрудник отдела качества
62;Инвентарь, посуда и т.д.;листы от шпилек;листы от шпилек;листы от шпилек;;0;123;;;;мойка;;;;;;не ниже 40°C;;промаркированный;1 раз в неделю, по мере загрязнения;сотрудник внутреннего клининга;визуальный контроль/сотрудник отдела качества
62;Инвентарь, посуда и т.д.;листы от шпилек;листы от шпилек;листы от шпилек;;0;124;;;;дезинфекция;;;;;;18-20 °C;20 мин;промаркированный;1 раз в неделю, по мере загрязнения;сотрудник внутреннего клининга;визуальный контроль/сотрудник отдела качества
72;Инвентарь, посуда и т.д.;мусаты;мусаты;мусаты;;0;149;;;;мойка;;;;;;18-20 °C;;промаркированный;после каждого использования;сотрудник внутреннего клининга;визуальный контроль, химический контроль, микробиологический контроль /сотрудник отдела качества
72;Инвентарь, посуда и т.д.;мусаты;мусаты;мусаты;;0;150;;;;дезинфекция;;;;;;18-20 °C;20 мин;промаркированный;после каждого использования;сотрудник внутреннего клининга;визуальный контроль, химический контроль, микробиологический контроль /сотрудник отдела качества
74;Инвентарь, посуда и т.д.;ножи;ножи разделочные;ножи разделочные;;0;153;;;;мойка;;;;;;18-20 °C;15 мин;промаркированный;после каждого использования;сотрудник внутреннего клининга;визуальный контроль, химический контроль, микробиологический контроль /сотрудник отдела качества
74;Инвентарь, посуда и т.д.;ножи;ножи разделочные;ножи разделочные;;0;154;;;;дезинфекция;;;;;;18-20 °C;20 мин;промаркированный;после каждого использования;сотрудник внутреннего клининга;визуальный контроль, химический контроль, микробиологический контроль /сотрудник отдела качества
75;Инвентарь, посуда и т.д.;оборотная тара;оборотная тара;оборотная тара;;0;155;;;;мойка;;;;;;18-20 °C;;промаркированный;1 раз в смены;сотрудник внутреннего клининга;визуальный контроль, химический контроль, микробиологический контроль /сотрудник отдела качества
75;Инвентарь, посуда и т.д.;оборотная тара;оборотная тара;оборотная тара;;0;156;;;;дезинфекция;;;;;;18-20 °C;20 мин;промаркированный;1 раз в смены;сотрудник внутреннего клининга;визуальный контроль, химический контроль, микробиологический контроль /сотрудник отдела качества
80;Инвентарь, посуда и т.д.;отсадочные мешки;отсадочные мешки;отсадочные мешки;;0;165;;;;мойка;;;;;;18-20 °C;;промаркированный;после каждого использования;сотрудник внутреннего клининга;визуальный контроль, химический контроль, микробиологический контроль /сотрудник отдела качества
80;Инвентарь, посуда и т.д.;отсадочные мешки;отсадочные мешки;отсадочные мешки;;0;166;;;;дезинфекция;;;;;;18-20 °C;20 мин;промаркированный;после каждого использования;сотрудник внутреннего клининга;визуальный контроль, химический контроль, микробиологический контроль /сотрудник отдела качества
82;Инвентарь, посуда и т.д.;передвижные ёмкости;передвижные ёмкости;передвижные ёмкости;;0;169;;;;мойка;;;;;;18-20 °C;;промаркированный;1 раз в смены;сотрудник внутреннего клининга;визуальный контроль, химический контроль, микробиологический контроль /сотрудник отдела качества
82;Инвентарь, посуда и т.д.;передвижные ёмкости;передвижные ёмкости;передвижные ёмкости;;0;170;;;;дезинфекция;;;;;;18-20 °C;20 мин;промаркированный;1 раз в смены;сотрудник внутреннего клининга;визуальный контроль, химический контроль, микробиологический контроль /сотрудник отдела качества
97;Инвентарь, посуда и т.д.;посуда;посуда;посуда;;0;201;;;;мойка;;;;;;18-20 °C;;промаркированный;после каждого использования;сотрудник внутреннего клининга;визуальный контроль, химический контроль, микробиологический контроль /сотрудник отдела качества
97;Инвентарь, посуда и т.д.;посуда;посуда;посуда;;0;202;;;;дезинфекция;;;;;;18-20 °C;20 мин;промаркированный;после каждого использования;сотрудник внутреннего клининга;визуальный контроль, химический контроль, микробиологический контроль /сотрудник отдела качества
107;Инвентарь, посуда и т.д.;расстоечные термочехлы;расстоечные термочехлы;расстоечные термочехлы;;0;221;;;;мойка;;;;;;18-20 °C;;промаркированный;1 раз в смены;сотрудник внутреннего клининга;визуальный контроль, химический контроль, микробиологический контроль /сотрудник отдела качества
107;Инвентарь, посуда и т.д.;расстоечные термочехлы;расстоечные термочехлы;расстоечные термочехлы;;0;222;;;;дезинфекция;;;;;;18-20 °C;20 мин;промаркированный;1 раз в смены;сотрудник внутреннего клининга;визуальный контроль, химический контроль, микробиологический контроль /сотрудник отдела качества
114;Инвентарь, посуда и т.д.;секачи;секачи;секачи;;0;241;;;;мойка;;;;;;18-20 °C;15 мин;промаркированный;после каждого использования;сотрудник внутреннего клининга;визуальный контроль, химический контроль, микробиологический контроль /сотрудник отдела качества
114;Инвентарь, посуда и т.д.;секачи;секачи;секачи;;0;242;;;;дезинфекция;;;;;;18-20 °C;20 мин;промаркированный;после каждого использования;сотрудник внутреннего клининга;визуальный контроль, химический контроль, микробиологический контроль /сотрудник отдела качества
115;Инвентарь, посуда и т.д.;силапеновые коврики;силапеновые коврики;силапеновые коврики;;0;243;;;;мойка;;;;;;не ниже 40°C;;промаркированный;после каждого использования;сотрудник внутреннего клининга;визуальный контроль, химический контроль, микробиологический контроль /сотрудник отдела качества
115;Инвентарь, посуда и т.д.;силапеновые коврики;силапеновые коврики;силапеновые коврики;;0;244;;;;дезинфекция;;;;;;18-20 °C;20 мин;промаркированный;после каждого использования;сотрудник внутреннего клининга;визуальный контроль, химический контроль, микробиологический контроль /сотрудник отдела качества
128;Инвентарь, посуда и т.д.;съёмные детали оборудования а;съёмные детали оборудования алюминиевые;съёмные детали оборудования;А;0;281;;;;мойка;;;;;;не ниже 40°C;;промаркированный;после каждого использования;сотрудник внутреннего клининга;визуальный контроль, химический контроль, микробиологический контроль /сотрудник отдела качества
128;Инвентарь, посуда и т.д.;съёмные детали оборудования а;съёмные детали оборудования алюминиевые;съёмные детали оборудования;А;0;282;;;;дезинфекция;;;;;;18-20 °C;20 мин;промаркированный;после каждого использования;сотрудник внутреннего клининга;визуальный контроль, химический контроль, микробиологический контроль /сотрудник отдела качества
129;Инвентарь, посуда и т.д.;съёмные детали оборудования н;съёмные детали оборудования из нержавеющей стали;съёмные детали оборудования;Н;0;283;;;;мойка;;;;;;не ниже 40°C;;промаркированный;после каждого использования;сотрудник внутреннего клининга;визуальный контроль, химический контроль, микробиологический контроль /сотрудник отдела качества
129;Инвентарь, посуда и т.д.;съёмные детали оборудования н;съёмные детали оборудования из нержавеющей стали;съёмные детали оборудования;Н;0;284;;;;дезинфекция;;;;;;18-20 °C;20 мин;промаркированный;после каждого использования;сотрудник внутреннего клининга;визуальный контроль, химический контроль, микробиологический контроль /сотрудник отдела качества
132;Инвентарь, посуда и т.д.;тележки;тележки;тележки;;0;289;;;;мойка;;;;;;18-20 °C;;промаркированный;1 раз в неделю;сотрудник внутреннего клининга;визуальный контроль/сотрудник отдела качества
132;Инвентарь, посуда и т.д.;тележки;тележки;тележки;;0;290;;;;дезинфекция;;;;;;18-20 °C;20 мин;промаркированный;1 раз в неделю;сотрудник внутреннего клининга;визуальный контроль/сотрудник отдела качества
133;Инвентарь, посуда и т.д.;тележки подкатные;тележки подкатные;тележки подкатные;;0;291;;;;мойка;;;;;;18-20 °C;;промаркированный;1 раз в неделю;сотрудник внутреннего клининга;визуальный контроль/сотрудник отдела качества
133;Инвентарь, посуда и т.д.;тележки подкатные;тележки подкатные;тележки подкатные;;0;292;;;;дезинфекция;;;;;;18-20 °C;20 мин;промаркированный;1 раз в неделю;сотрудник внутреннего клининга;визуальный контроль/сотрудник отдела качества
143;Инвентарь, посуда и т.д.;формы для выпечки а;формы для выпечки алюминиевые;формы для выпечки;А;0;317;;;;мойка;;;;;;не ниже 40°C;;промаркированный;после каждого использования;сотрудник внутреннего клининга;визуальный контроль, химический контроль, микробиологический контроль /сотрудник отдела качества
143;Инвентарь, посуда и т.д.;формы для выпечки а;формы для выпечки алюминиевые;формы для выпечки;А;0;318;;;;дезинфекция;;;;;;18-20 °C;20 мин;промаркированный;после каждого использования;сотрудник внутреннего клининга;визуальный контроль, химический контроль, микробиологический контроль /сотрудник отдела качества
144;Инвентарь, посуда и т.д.;формы для выпечки н;формы для выпечки из нержавеющей стали;формы для выпечки;Н;0;319;;;;мойка;;;;;;не ниже 40°C;;промаркированный;после каждого использования;сотрудник внутреннего клининга;визуальный контроль, химический контроль, микробиологический контроль /сотрудник отдела качества
144;Инвентарь, посуда и т.д.;формы для выпечки н;формы для выпечки из нержавеющей стали;формы для выпечки;Н;0;320;;;;дезинфекция;;;;;;18-20 °C;20 мин;промаркированный;после каждого использования;сотрудник внутреннего клининга;визуальный контроль, химический контроль, микробиологический контроль /сотрудник отдела качества
145;Инвентарь, посуда и т.д.;формы для выпечки с;формы для выпечки силиконовые;формы для выпечки;С;0;321;;;;мойка;;;;;;не ниже 40°C;;промаркированный;после каждого использования;сотрудник внутреннего клининга;визуальный контроль, химический контроль, микробиологический контроль /сотрудник отдела качества
145;Инвентарь, посуда и т.д.;формы для выпечки с;формы для выпечки силиконовые;формы для выпечки;С;0;322;;;;дезинфекция;;;;;;18-20 °C;20 мин;промаркированный;после каждого использования;сотрудник внутреннего клининга;визуальный контроль, химический контроль, микробиологический контроль /сотрудник отдела качества
150;Инвентарь, посуда и т.д.;шампура;шампуры;шампуры;;0;343;;;;мойка;;;;;;не ниже 40°C;;промаркированный;после каждого использования;сотрудник внутреннего клининга;визуальный контроль, химический контроль, микробиологический контроль /сотрудник отдела качества
150;Инвентарь, посуда и т.д.;шампура;шампуры;шампуры;;0;344;;;;дезинфекция;;;;;;18-20 °C;20 мин;промаркированный;после каждого использования;сотрудник внутреннего клининга;визуальный контроль, химический контроль, микробиологический контроль /сотрудник отдела качества
151;Инвентарь, посуда и т.д.;шпильки;шпильки;шпильки;;0;345;;;;мойка;;;;;;18-20 °C;;промаркированный;1 раз в неделю;сотрудник внутреннего клининга;визуальный контроль/сотрудник отдела качества
151;Инвентарь, посуда и т.д.;шпильки;шпильки;шпильки;;0;346;;;;дезинфекция;;;;;;18-20 °C;20 мин;промаркированный;1 раз в неделю;сотрудник внутреннего клининга;визуальный контроль/сотрудник отдела качества
157;Инвентарь, посуда и т.д.;ёмкости для перетаривания;ёмкости для перетаривания;ёмкости для перетаривания;;0;357;;;;мойка;;;;;;18-20 °C;;промаркированный;1 раз в неделю;сотрудник внутреннего клининга;визуальный контроль/сотрудник отдела качества
157;Инвентарь, посуда и т.д.;ёмкости для перетаривания;ёмкости для перетаривания;ёмкости для перетаривания;;0;358;;;;дезинфекция;;;;;;18-20 °C;20 мин;промаркированный;1 раз в неделю;сотрудник внутреннего клининга;визуальный контроль/сотрудник отдела качества
158;Инвентарь, посуда и т.д.;ёмкости для сыпучих продуктов;ёмкости для сыпучих продуктов;ёмкости для сыпучих продуктов;;0;359;;;;мойка;;;;;;18-20 °C;;промаркированный;1 раз в неделю;сотрудник внутреннего клининга;визуальный контроль/сотрудник отдела качества
158;Инвентарь, посуда и т.д.;ёмкости для сыпучих продуктов;ёмкости для сыпучих продуктов;ёмкости для сыпучих продуктов;;0;360;;;;дезинфекция;;;;;;18-20 °C;20 мин;промаркированный;1 раз в неделю;сотрудник внутреннего клининга;визуальный контроль/сотрудник отдела качества
184;Санитарный пост;бак для грязной одежды;бак для грязной одежды;бак для грязной одежды;;75;487;бытовое;основная;;мойка;;;ручной (протирание, обработка щёткой);;;18-20 °C;;промаркированный;1 раз в смену;сотрудник внутреннего клининга;визуальный контроль/сотрудник отдела качества
184;Санитарный пост;бак для грязной одежды;бак для грязной одежды;бак для грязной одежды;;75;488;бытовое;основная;;дезинфекция;;;ручной (протирание);;;18-20 °C;20 мин;промаркированный;1 раз в смену;сотрудник внутреннего клининга;визуальный контроль/сотрудник отдела качества
184;Санитарный пост;бак для грязной одежды;бак для грязной одежды;бак для грязной одежды;;75;489;производственное;основная;;мойка;;;ручной (протирание, обработка щёткой);;;18-20 °C;;промаркированный;1 раз в смену;сотрудник внутреннего клининга;визуальный контроль/сотрудник отдела качества
184;Санитарный пост;бак для грязной одежды;бак для грязной одежды;бак для грязной одежды;;75;490;производственное;основная;;дезинфекция;;;ручной (протирание);;;18-20 °C;20 мин;промаркированный;1 раз в смену;сотрудник внутреннего клининга;визуальный контроль/сотрудник отдела качества
28;Санитарный пост;дезинфицирующие маты;дезинфицирующие маты;дезинфицирующие маты;;0;49;;;;мойка;;;;;;18-20 °C;;промаркированный;1 раз в смену;сотрудник внутреннего клининга;визуальный контроль/сотрудник отдела качества
28;Санитарный пост;дезинфицирующие маты;дезинфицирующие маты;дезинфицирующие маты;;0;50;;;;дезинфекция;;;;;;18-20 °C;20 мин;промаркированный;1 раз в смену;сотрудник внутреннего клининга;визуальный контроль/сотрудник отдела качества
34;Санитарный пост;диспенсер для тб;диспенсер для тулетной бумаги;диспенсер для тулетной бумаги;;0;61;;;;мойка;;;;;;не ниже 40°C;;промаркированный;1 раз в неделю;сотрудник внутреннего клининга;визуальный контроль/сотрудник отдела качества
34;Санитарный пост;диспенсер для тб;диспенсер для тулетной бумаги;диспенсер для тулетной бумаги;;0;62;;;;дезинфекция;;;;;;18-20 °C;20 мин;промаркированный;1 раз в неделю;сотрудник внутреннего клининга;визуальный контроль/сотрудник отдела качества
35;Санитарный пост;диспенсердержатель для полотенец;диспенсер/держатель для полотенец;диспенсер для полотенец;;0;63;бытовое;основная;;мойка;;;ручной (протирание, обработка щеткой);;;18-20 °C;;промаркированный;1 раз в неделю;сотрудник внутреннего клининга;визуальный контроль/сотрудник отдела качества
35;Санитарный пост;диспенсердержатель для полотенец;диспенсер/держатель для полотенец;диспенсер для полотенец;;0;64;бытовое;основная;;дезинфекция;;;ручной (протирание);;;18-20 °C;20 мин;промаркированный;1 раз в неделю;сотрудник внутреннего клининга;визуальный контроль/сотрудник отдела качества
35;Санитарный пост;диспенсердержатель для полотенец;диспенсер/держатель для полотенец;диспенсер для полотенец;;0;65;бытовое;генеральная;;мойка;;;ручной (протирание, обработка щеткой);;;18-20 °C;;промаркированный;1 раз в месяц;сотрудник внутреннего клининга;визуальный контроль/сотрудник отдела качества
35;Санитарный пост;диспенсердержатель для полотенец;диспенсер/держатель для полотенец;диспенсер для полотенец;;0;66;бытовое;генеральная;;дезинфекция;;;ручной (протирание);;;18-20 °C;20 мин;промаркированный;1 раз в месяц;сотрудник внутреннего клининга;визуальный контроль/сотрудник отдела качества
35;Санитарный пост;диспенсердержатель для полотенец;диспенсер/держатель для полотенец;диспенсер для полотенец;;0;67;производственное;основная;;мойка;;;ручной (протирание, обработка щеткой);;;18-20 °C;;промаркированный;1 раз в неделю;сотрудник внутреннего клининга;визуальный контроль/сотрудник отдела качества
35;Санитарный пост;диспенсердержатель для полотенец;диспенсер/держатель для полотенец;диспенсер для полотенец;;0;68;производственное;основная;;дезинфекция;;;ручной (протирание);;;18-20 °C;20 мин;промаркированный;1 раз в неделю;сотрудник внутреннего клининга;визуальный контроль/сотрудник отдела качества
35;Санитарный пост;диспенсердержатель для полотенец;диспенсер/держатель для полотенец;диспенсер для полотенец;;0;69;производственное;генеральная;;мойка;;;ручной (протирание, обработка щеткой);;;18-20 °C;;промаркированный;1 раз в месяц;сотрудник внутреннего клининга;визуальный контроль/сотрудник отдела качества
35;Санитарный пост;диспенсердержатель для полотенец;диспенсер/держатель для полотенец;диспенсер для полотенец;;0;70;производственное;генеральная;;дезинфекция;;;ручной (протирание);;;18-20 °C;20 мин;промаркированный;1 раз в месяц;сотрудник внутреннего клининга;визуальный контроль/сотрудник отдела качества
190;Санитарный пост;дозаторы для мылаантисептика;дозаторы для мыла и антисептика;дозаторы для мыла и антисептика;;100;529;бытовое;основная;;мойка;;;ручной (протирание, обработка щеткой);;;18-20 °C;;промаркированный;при замене продукта;сотрудник внутреннего клининга;визуальный контроль/сотрудник отдела качества
190;Санитарный пост;дозаторы для мылаантисептика;дозаторы для мыла и антисептика;дозаторы для мыла и антисептика;;100;530;бытовое;основная;;дезинфекция;;;ручной (протирание);;;18-20 °C;20 мин;промаркированный;при замене продукта;сотрудник внутреннего клининга;визуальный контроль/сотрудник отдела качества
190;Санитарный пост;дозаторы для мылаантисептика;дозаторы для мыла и антисептика;дозаторы для мыла и антисептика;;100;531;бытовое;поддерживающая;;дезинфекция;;;ручной (протирание);;;18-20 °C;20 мин;промаркированный;2 раза в смену;сотрудник внутреннего клининга;визуальный контроль/сотрудник отдела качества
190;Санитарный пост;дозаторы для мылаантисептика;дозаторы для мыла и антисептика;дозаторы для мыла и антисептика;;100;532;бытовое;генеральная;;мойка;;;ручной (протирание, обработка щеткой);;;18-20 °C;;промаркированный;1 раз в месяц;сотрудник внутреннего клининга;визуальный контроль/сотрудник отдела качества
190;Санитарный пост;дозаторы для мылаантисептика;дозаторы для мыла и антисептика;дозаторы для мыла и антисептика;;100;533;бытовое;генеральная;;дезинфекция;;;ручной (протирание);;;18-20 °C;20 мин;промаркированный;1 раз в месяц;сотрудник внутреннего клининга;визуальный контроль/сотрудник отдела качества
55;Санитарный пост;корзиныдиспенсеры для сиз;корзины/диспенсеры для СИЗ;корзины/диспенсеры для СИЗ;;0;109;;;;мойка;;;;;;18-20 °C;;промаркированный;при замене продукта;сотрудник внутреннего клининга;визуальный контроль/сотрудник отдела качества
55;Санитарный пост;корзиныдиспенсеры для сиз;корзины/диспенсеры для СИЗ;корзины/диспенсеры для СИЗ;;0;110;;;;дезинфекция;;;;;;18-20 °C;20 мин;промаркированный;при замене продукта;сотрудник внутреннего клининга;визуальный контроль/сотрудник отдела качества
68;Санитарный пост;модульный санпропускник;модульный санпропускник;модульный санпропускник;;0;141;;;;мойка;;;;;;18-20 °C;;промаркированный;при замене продукта;сотрудник внутреннего клининга;визуальный контроль/сотрудник отдела качества
68;Санитарный пост;модульный санпропускник;модульный санпропускник;модульный санпропускник;;0;142;;;;дезинфекция;;;;;;18-20 °C;20 мин;промаркированный;при замене продукта;сотрудник внутреннего клининга;визуальный контроль/сотрудник отдела качества
111;Санитарный пост;санитарный пост;санитарный пост;санитарный пост;;0;229;бытовое;основная;;мойка;;;ручной (протирание, обработка щеткой);;;18-20 °C;;промаркированный;1 раз в смену;сотрудник внутреннего клининга;визуальный контроль/сотрудник отдела качества
111;Санитарный пост;санитарный пост;санитарный пост;санитарный пост;;0;230;бытовое;основная;;дезинфекция;;;ручной (протирание);;;18-20 °C;20 мин;промаркированный;1 раз в смену;сотрудник внутреннего клининга;визуальный контроль/сотрудник отдела качества
111;Санитарный пост;санитарный пост;санитарный пост;санитарный пост;;0;231;бытовое;генеральная;;мойка;;;ручной (протирание, обработка щеткой);;;18-20 °C;;промаркированный;1 раз в месяц;сотрудник внутреннего клининга;визуальный контроль/сотрудник отдела качества
111;Санитарный пост;санитарный пост;санитарный пост;санитарный пост;;0;232;бытовое;генеральная;;дезинфекция;;;ручной (протирание);;;18-20 °C;20 мин;промаркированный;1 раз в месяц;сотрудник внутреннего клининга;визуальный контроль/сотрудник отдела качества
111;Санитарный пост;санитарный пост;санитарный пост;санитарный пост;;0;233;производственное;основная;;мойка;;;ручной (протирание, обработка щеткой);;;18-20 °C;;промаркированный;1 раз в смену;сотрудник внутреннего клининга;визуальный контроль/сотрудник отдела качества
111;Санитарный пост;санитарный пост;санитарный пост;санитарный пост;;0;234;производственное;основная;;дезинфекция;;;ручной (протирание);;;18-20 °C;20 мин;промаркированный;1 раз в смену;сотрудник внутреннего клининга;визуальный контроль/сотрудник отдела качества
111;Санитарный пост;санитарный пост;санитарный пост;санитарный пост;;0;235;производственное;генеральная;;мойка;;;ручной (протирание, обработка щеткой);;;18-20 °C;;промаркированный;1 раз в месяц;сотрудник внутреннего клининга;визуальный контроль/сотрудник отдела качества
111;Санитарный пост;санитарный пост;санитарный пост;санитарный пост;;0;236;производственное;генеральная;;дезинфекция;;;ручной (протирание);;;18-20 °C;20 мин;промаркированный;1 раз в месяц;сотрудник внутреннего клининга;визуальный контроль/сотрудник отдела качества
126;Санитарный пост;сушилка для рук;сушилка для рук;сушилка для рук;;0;271;бытовое;основная;;мойка;;;ручной (протирание, обработка щеткой);;;не ниже 40°C;;промаркированный;1 раз в неделю;сотрудник внутреннего клининга;визуальный контроль/сотрудник отдела качества
126;Санитарный пост;сушилка для рук;сушилка для рук;сушилка для рук;;0;272;бытовое;основная;;дезинфекция;;;ручной (протирание);;;18-20 °C;20 мин;промаркированный;1 раз в неделю;сотрудник внутреннего клининга;визуальный контроль/сотрудник отдела качества
126;Санитарный пост;сушилка для рук;сушилка для рук;сушилка для рук;;0;273;бытовое;генеральная;;мойка;;;ручной (протирание, обработка щеткой);;;не ниже 40°C;;промаркированный;1 раз в месяц;сотрудник внутреннего клининга;визуальный контроль/сотрудник отдела качества
126;Санитарный пост;сушилка для рук;сушилка для рук;сушилка для рук;;0;274;бытовое;генеральная;;дезинфекция;;;ручной (протирание);;;18-20 °C;20 мин;промаркированный;1 раз в месяц;сотрудник внутреннего клининга;визуальный контроль/сотрудник отдела качества
126;Санитарный пост;сушилка для рук;сушилка для рук;сушилка для рук;;0;275;производственное;основная;;мойка;;;ручной (протирание, обработка щеткой);;;не ниже 40°C;;промаркированный;1 раз в неделю;сотрудник внутреннего клининга;визуальный контроль/сотрудник отдела качества
126;Санитарный пост;сушилка для рук;сушилка для рук;сушилка для рук;;0;276;производственное;основная;;дезинфекция;;;ручной (протирание);;;18-20 °C;20 мин;промаркированный;1 раз в неделю;сотрудник внутреннего клининга;визуальный контроль/сотрудник отдела качества
126;Санитарный пост;сушилка для рук;сушилка для рук;сушилка для рук;;0;277;производственное;генеральная;;мойка;;;ручной (протирание, обработка щеткой);;;не ниже 40°C;;промаркированный;1 раз в месяц;сотрудник внутреннего клининга;визуальный контроль/сотрудник отдела качества
126;Санитарный пост;сушилка для рук;сушилка для рук;сушилка для рук;;0;278;производственное;генеральная;;дезинфекция;;;ручной (протирание);;;18-20 °C;20 мин;промаркированный;1 раз в месяц;сотрудник внутреннего клининга;визуальный контроль/сотрудник отдела качества
52;Офисная техника;компьютеры;компьютер;компьютер;;0;103;;;;мойка;;;;;;не ниже 40°C;;промаркированный;1 раз в неделю;сотрудник внутреннего клининга;визуальный контроль/сотрудник отдела качества
52;Офисная техника;компьютеры;компьютер;компьютер;;0;104;;;;дезинфекция;;;;;;18-20 °C;20 мин;промаркированный;1 раз в неделю;сотрудник внутреннего клининга;визуальный контроль/сотрудник отдела качества
69;Офисная техника;мониторы;монитор;монитор;;0;143;;;;мойка;;;;;;не ниже 40°C;;промаркированный;1 раз в неделю;сотрудник внутреннего клининга;визуальный контроль/сотрудник отдела качества
69;Офисная техника;мониторы;монитор;монитор;;0;144;;;;дезинфекция;;;;;;18-20 °C;20 мин;промаркированный;1 раз в неделю;сотрудник внутреннего клининга;визуальный контроль/сотрудник отдела качества
101;Офисная техника;принтера;принтер;принтер;;0;209;;;;мойка;;;;;;не ниже 40°C;;промаркированный;1 раз в неделю;сотрудник внутреннего клининга;визуальный контроль/сотрудник отдела качества
101;Офисная техника;принтера;принтер;принтер;;0;210;;;;дезинфекция;;;;;;18-20 °C;20 мин;промаркированный;1 раз в неделю;сотрудник внутреннего клининга;визуальный контроль/сотрудник отдела качества
135;Офисная техника;телефоны;телефон;телефон;;0;295;;;;мойка;;;;;;не ниже 40°C;;промаркированный;1 раз в неделю;сотрудник внутреннего клининга;визуальный контроль/сотрудник отдела качества
135;Офисная техника;телефоны;телефон;телефон;;0;296;;;;дезинфекция;;;;;;18-20 °C;20 мин;промаркированный;1 раз в неделю;сотрудник внутреннего клининга;визуальный контроль/сотрудник отдела качества
57;Бытовая техника;кулера;кулер;кулер;;0;113;;;;мойка;;;;;;не ниже 40°C;;промаркированный;1 раз в неделю;сотрудник внутреннего клининга;визуальный контроль/сотрудник отдела качества
57;Бытовая техника;кулера;кулер;кулер;;0;114;;;;дезинфекция;;;;;;18-20 °C;20 мин;промаркированный;1 раз в неделю;сотрудник внутреннего клининга;визуальный контроль/сотрудник отдела качества
65;Бытовая техника;микроволновки;микроволновая печь;микроволновая печь;;0;129;бытовое;основная;;мойка;;;ручной (протирание, обработка щеткой);;;не ниже 40°C;;промаркированный;1 раз в неделю;сотрудник внутреннего клининга;визуальный контроль/сотрудник отдела качества
65;Бытовая техника;микроволновки;микроволновая печь;микроволновая печь;;0;130;бытовое;основная;;дезинфекция;;;ручной (протирание);;;18-20 °C;20 мин;промаркированный;1 раз в неделю;сотрудник внутреннего клининга;визуальный контроль/сотрудник отдела качества
65;Бытовая техника;микроволновки;микроволновая печь;микроволновая печь;;0;131;бытовое;генеральная;;мойка;;;ручной (протирание, обработка щеткой);;;не ниже 40°C;;промаркированный;1 раз в месяц;сотрудник внутреннего клининга;визуальный контроль/сотрудник отдела качества
65;Бытовая техника;микроволновки;микроволновая печь;микроволновая печь;;0;132;бытовое;генеральная;;дезинфекция;;;ручной (протирание);;;18-20 °C;20 мин;промаркированный;1 раз в месяц;сотрудник внутреннего клининга;визуальный контроль/сотрудник отдела качества
65;Бытовая техника;микроволновки;микроволновая печь;микроволновая печь;;0;133;производственное;основная;;мойка;;;ручной (протирание, обработка щеткой);;;не ниже 40°C;;промаркированный;1 раз в неделю;сотрудник внутреннего клининга;визуальный контроль/сотрудник отдела качества
65;Бытовая техника;микроволновки;микроволновая печь;микроволновая печь;;0;134;производственное;основная;;дезинфекция;;;ручной (протирание);;;18-20 °C;20 мин;промаркированный;1 раз в неделю;сотрудник внутреннего клининга;визуальный контроль/сотрудник отдела качества
65;Бытовая техника;микроволновки;микроволновая печь;микроволновая печь;;0;135;производственное;генеральная;;мойка;;;ручной (протирание, обработка щеткой);;;не ниже 40°C;;промаркированный;1 раз в месяц;сотрудник внутреннего клининга;визуальный контроль/сотрудник отдела качества
65;Бытовая техника;микроволновки;микроволновая печь;микроволновая печь;;0;136;производственное;генеральная;;дезинфекция;;;ручной (протирание);;;18-20 °C;20 мин;промаркированный;1 раз в месяц;сотрудник внутреннего клининга;визуальный контроль/сотрудник отдела качества
122;Бытовая техника;стиральные машины;стиральная машина;стиральная машина;;0;259;;;;мойка;;;;;;не ниже 40°C;;промаркированный;1 раз в неделю;сотрудник внутреннего клининга;визуальный контроль/сотрудник отдела качества
122;Бытовая техника;стиральные машины;стиральная машина;стиральная машина;;0;260;;;;дезинфекция;;;;;;18-20 °C;20 мин;промаркированный;1 раз в неделю;сотрудник внутреннего клининга;визуальный контроль/сотрудник отдела качества
127;Бытовая техника;сушильные машины;сушильная машина;сушильная машина;;0;279;;;;мойка;;;;;;не ниже 40°C;;промаркированный;1 раз в неделю;сотрудник внутреннего клининга;визуальный контроль/сотрудник отдела качества
127;Бытовая техника;сушильные машины;сушильная машина;сушильная машина;;0;280;;;;дезинфекция;;;;;;18-20 °C;20 мин;промаркированный;1 раз в неделю;сотрудник внутреннего клининга;визуальный контроль/сотрудник отдела качества
136;Бытовая техника;термопоты;термопот;термопот;;0;297;бытовое;основная;;мойка;;;ручной (протирание, обработка щеткой);;;не ниже 40°C;;промаркированный;1 раз в неделю (внешние поверхности);сотрудник внутреннего клининга;визуальный контроль/сотрудник отдела качества
136;Бытовая техника;термопоты;термопот;термопот;;0;298;бытовое;основная;;дезинфекция;;;ручной (протирание);;;18-20 °C;20 мин;промаркированный;1 раз в неделю (внешние поверхности);сотрудник внутреннего клининга;визуальный контроль/сотрудник отдела качества
136;Бытовая техника;термопоты;термопот;термопот;;0;299;бытовое;генеральная;;мойка;;;ручной (протирание, обработка щеткой);;;не ниже 40°C;;промаркированный;1 раз в месяц (внешние и внутренние поверхности);сотрудник внутреннего клининга;визуальный контроль/сотрудник отдела качества
136;Бытовая техника;термопоты;термопот;термопот;;0;300;бытовое;генеральная;;дезинфекция;;;ручной (протирание);;;18-20 °C;20 мин;промаркированный;1 раз в месяц (внешние и внутренние поверхности);сотрудник внутреннего клининга;визуальный контроль/сотрудник отдела качества
136;Бытовая техника;термопоты;термопот;термопот;;0;301;производственное;основная;;мойка;;;ручной (протирание, обработка щеткой);;;не ниже 40°C;;промаркированный;1 раз в неделю (внешние поверхности);сотрудник внутреннего клининга;визуальный контроль/сотрудник отдела качества
136;Бытовая техника;термопоты;термопот;термопот;;0;302;производственное;основная;;дезинфекция;;;ручной (протирание);;;18-20 °C;20 мин;промаркированный;1 раз в неделю (внешние поверхности);сотрудник внутреннего клининга;визуальный контроль/сотрудник отдела качества
136;Бытовая техника;термопоты;термопот;термопот;;0;303;производственное;генеральная;;мойка;;;ручной (протирание, обработка щеткой);;;не ниже 40°C;;промаркированный;1 раз в месяц (внешние и внутренние поверхности);сотрудник внутреннего клининга;визуальный контроль/сотрудник отдела качества
136;Бытовая техника;термопоты;термопот;термопот;;0;304;производственное;генеральная;;дезинфекция;;;ручной (протирание);;;18-20 °C;20 мин;промаркированный;1 раз в месяц (внешние и внутренние поверхности);сотрудник внутреннего клининга;визуальный контроль/сотрудник отдела качества
147;Бытовая техника;холодильники;холодильник бытовой;холодильник бытовой;;0;325;бытовое;основная;;мойка;;;ручной (протирание, обработка щеткой);;;не ниже 40°C;;промаркированный;1 раз в неделю (внешние поверхности);сотрудник внутреннего клининга;визуальный контроль/сотрудник отдела качества
147;Бытовая техника;холодильники;холодильник бытовой;холодильник бытовой;;0;326;бытовое;основная;;дезинфекция;;;ручной (протирание);;;18-20 °C;20 мин;промаркированный;1 раз в неделю (внешние поверхности);сотрудник внутреннего клининга;визуальный контроль/сотрудник отдела качества
147;Бытовая техника;холодильники;холодильник бытовой;холодильник бытовой;;0;327;бытовое;генеральная;;мойка;;;ручной (протирание, обработка щеткой);;;не ниже 40°C;;промаркированный;1 раз в месяц (внешние и внутренние поверхности);сотрудник внутреннего клининга;визуальный контроль/сотрудник отдела качества
147;Бытовая техника;холодильники;холодильник бытовой;холодильник бытовой;;0;328;бытовое;генеральная;;дезинфекция;;;ручной (протирание);;;18-20 °C;20 мин;промаркированный;1 раз в месяц (внешние и внутренние поверхности);сотрудник внутреннего клининга;визуальный контроль/сотрудник отдела качества
147;Бытовая техника;холодильники;холодильник бытовой;холодильник бытовой;;0;329;производственное;основная;;мойка;;;ручной (протирание, обработка щеткой);;;не ниже 40°C;;промаркированный;1 раз в неделю (внешние поверхности);сотрудник внутреннего клининга;визуальный контроль/сотрудник отдела качества
147;Бытовая техника;холодильники;холодильник бытовой;холодильник бытовой;;0;330;производственное;основная;;дезинфекция;;;ручной (протирание);;;18-20 °C;20 мин;промаркированный;1 раз в неделю (внешние поверхности);сотрудник внутреннего клининга;визуальный контроль/сотрудник отдела качества
147;Бытовая техника;холодильники;холодильник бытовой;холодильник бытовой;;0;331;производственное;генеральная;;мойка;;;ручной (протирание, обработка щеткой);;;не ниже 40°C;;промаркированный;1 раз в месяц (внешние и внутренние поверхности);сотрудник внутреннего клининга;визуальный контроль/сотрудник отдела качества
147;Бытовая техника;холодильники;холодильник бытовой;холодильник бытовой;;0;332;производственное;генеральная;;дезинфекция;;;ручной (протирание);;;18-20 °C;20 мин;промаркированный;1 раз в месяц (внешние и внутренние поверхности);сотрудник внутреннего клининга;визуальный контроль/сотрудник отдела качества
148;Бытовая техника;чайники;чайник электрический;чайник электрический;;0;333;бытовое;основная;;мойка;;;ручной (протирание, обработка щеткой);;;не ниже 40°C;;промаркированный;1 раз в неделю (внешние поверхности);сотрудник внутреннего клининга;визуальный контроль/сотрудник отдела качества
148;Бытовая техника;чайники;чайник электрический;чайник электрический;;0;334;бытовое;генеральная;;дезинфекция;;;ручной (протирание);;;18-20 °C;20 мин;промаркированный;1 раз в месяц (внешние и внутренние поверхности);сотрудник внутреннего клининга;визуальный контроль/сотрудник отдела качества
148;Бытовая техника;чайники;чайник электрический;чайник электрический;;0;335;бытовое;генеральная;;мойка;;;ручной (протирание, обработка щеткой);;;не ниже 40°C;;промаркированный;1 раз в месяц (внешние и внутренние поверхности);сотрудник внутреннего клининга;визуальный контроль/сотрудник отдела качества
148;Бытовая техника;чайники;чайник электрический;чайник электрический;;0;336;бытовое;основная;;дезинфекция;;;;;;18-20 °C;20 мин;промаркированный;1 раз в неделю (внешние поверхности);сотрудник внутреннего клининга;визуальный контроль/сотрудник отдела качества
148;Бытовая техника;чайники;чайник электрический;чайник электрический;;0;337;производственное;основная;;мойка;;;ручной (протирание, обработка щеткой);;;не ниже 40°C;;промаркированный;1 раз в неделю (внешние поверхности);сотрудник внутреннего клининга;визуальный контроль/сотрудник отдела качества
148;Бытовая техника;чайники;чайник электрический;чайник электрический;;0;338;производственное;генеральная;;дезинфекция;;;ручной (протирание);;;18-20 °C;20 мин;промаркированный;1 раз в месяц (внешние и внутренние поверхности);сотрудник внутреннего клининга;визуальный контроль/сотрудник отдела качества
148;Бытовая техника;чайники;чайник электрический;чайник электрический;;0;339;производственное;генеральная;;мойка;;;ручной (протирание, обработка щеткой);;;не ниже 40°C;;промаркированный;1 раз в месяц (внешние и внутренние поверхности);сотрудник внутреннего клининга;визуальный контроль/сотрудник отдела качества
148;Бытовая техника;чайники;чайник электрический;чайник электрический;;0;340;производственное;основная;;дезинфекция;;;;;;18-20 °C;20 мин;промаркированный;1 раз в неделю (внешние поверхности);сотрудник внутреннего клининга;визуальный контроль/сотрудник отдела качества
73;Многоразовые резиновые СИЗ;нарукавники;нарукавники;нарукавники;;0;151;;;;мойка;;;;;;18-20 °C;;промаркированный;1 раз в смену;сотрудник внутреннего клининга;визуальный контроль/сотрудник отдела качества
73;Многоразовые резиновые СИЗ;нарукавники;нарукавники;нарукавники;;0;152;;;;дезинфекция;;;;;;18-20 °C;20 мин;промаркированный;1 раз в смену;сотрудник внутреннего клининга;визуальный контроль/сотрудник отдела качества
83;Многоразовые резиновые СИЗ;перчатки;перчатки;перчатки;;0;171;;;;мойка;;;;;;18-20 °C;;промаркированный;1 раз в смену;сотрудник внутреннего клининга;визуальный контроль/сотрудник отдела качества
83;Многоразовые резиновые СИЗ;перчатки;перчатки;перчатки;;0;172;;;;дезинфекция;;;;;;18-20 °C;20 мин;промаркированный;1 раз в смену;сотрудник внутреннего клининга;визуальный контроль/сотрудник отдела качества
112;Многоразовые резиновые СИЗ;сапоги;сапоги;сапоги;;0;237;;;;мойка;;;;;;18-20 °C;;промаркированный;1 раз в смену;сотрудник внутреннего клининга;визуальный контроль/сотрудник отдела качества
112;Многоразовые резиновые СИЗ;сапоги;сапоги;сапоги;;0;238;;;;дезинфекция;;;;;;18-20 °C;20 мин;промаркированный;1 раз в смену;сотрудник внутреннего клининга;визуальный контроль/сотрудник отдела качества
141;Многоразовые резиновые СИЗ;фартуки;фартуки;фартуки;;0;313;;;;мойка;;;;;;18-20 °C;;промаркированный;1 раз в смену;сотрудник внутреннего клининга;визуальный контроль/сотрудник отдела качества
141;Многоразовые резиновые СИЗ;фартуки;фартуки;фартуки;;0;314;;;;дезинфекция;;;;;;18-20 °C;20 мин;промаркированный;1 раз в смену;сотрудник внутреннего клининга;визуальный контроль/сотрудник отдела качества
180;Мебель;вешалки;вешалки;вешалки;;70;463;бытовое;основная;;мойка;;;ручной (протирание, обработка щеткой);;;не ниже 40°C;;промаркированный;1 раз в неделю;сотрудник внутреннего клининга;визуальный контроль/сотрудник отдела качества
180;Мебель;вешалки;вешалки;вешалки;;70;464;бытовое;основная;;дезинфекция;;;ручной (протирание);;;18-20 °C;20 мин;промаркированный;1 раз в неделю;сотрудник внутреннего клининга;визуальный контроль/сотрудник отдела качества
180;Мебель;вешалки;вешалки;вешалки;;70;465;производственное;основная;;мойка;;;ручной (протирание, обработка щеткой);;;не ниже 40°C;;промаркированный;1 раз в неделю;сотрудник внутреннего клининга;визуальный контроль/сотрудник отдела качества
180;Мебель;вешалки;вешалки;вешалки;;70;466;производственное;основная;;дезинфекция;;;ручной (протирание);;;18-20 °C;20 мин;промаркированный;1 раз в неделю;сотрудник внутреннего клининга;визуальный контроль/сотрудник отдела качества
179;Мебель;зеркала;зеркала;зеркала;;60;459;бытовое;основная;;мойка;;;ручной (протирание, обработка щеткой);;;;;промаркированный;1 раз в неделю;сотрудник внутреннего клининга;визуальный контроль/сотрудник отдела качества
179;Мебель;зеркала;зеркала;зеркала;;60;460;бытовое;генеральная;;мойка;;;ручной (протирание, обработка щеткой);;;;;промаркированный;1 раз в месяц;сотрудник внутреннего клининга;визуальный контроль/сотрудник отдела качества
179;Мебель;зеркала;зеркала;зеркала;;60;461;производственное;основная;;мойка;;;ручной (протирание, обработка щеткой);;;;;промаркированный;1 раз в неделю;сотрудник внутреннего клининга;визуальный контроль/сотрудник отдела качества
179;Мебель;зеркала;зеркала;зеркала;;60;462;производственное;генеральная;;мойка;;;ручной (протирание, обработка щеткой);;;;;промаркированный;1 раз в месяц;сотрудник внутреннего клининга;визуальный контроль/сотрудник отдела качества
181;Мебель;обувницы;обувницы;обувницы;;70;467;бытовое;основная;;мойка;;;ручной (протирание, обработка щеткой);;;не ниже 40°C;;промаркированный;1 раз в неделю;сотрудник внутреннего клининга;визуальный контроль/сотрудник отдела качества
181;Мебель;обувницы;обувницы;обувницы;;70;468;бытовое;основная;;дезинфекция;;;ручной (протирание);;;18-20 °C;20 мин;промаркированный;1 раз в неделю;сотрудник внутреннего клининга;визуальный контроль/сотрудник отдела качества
181;Мебель;обувницы;обувницы;обувницы;;70;469;производственное;основная;;мойка;;;ручной (протирание, обработка щеткой);;;не ниже 40°C;;промаркированный;1 раз в неделю;сотрудник внутреннего клининга;визуальный контроль/сотрудник отдела качества
181;Мебель;обувницы;обувницы;обувницы;;70;470;производственное;основная;;дезинфекция;;;ручной (протирание);;;18-20 °C;20 мин;промаркированный;1 раз в неделю;сотрудник внутреннего клининга;визуальный контроль/сотрудник отдела качества
95;Мебель;полки;полки;полки;;0;195;бытовое;основная;;мойка;;;ручной (протирание, обработка щеткой);;;18-20 °C;;промаркированный;1 раз в неделю;сотрудник внутреннего клининга;визуальный контроль/сотрудник отдела качества
95;Мебель;полки;полки;полки;;0;196;бытовое;основная;;дезинфекция;;;ручной (протирание);;;18-20 °C;20 мин;промаркированный;1 раз в неделю;сотрудник внутреннего клининга;визуальный контроль/сотрудник отдела качества
95;Мебель;полки;полки;полки;;0;197;производственное;основная;;мойка;;;ручной (протирание, обработка щеткой);;;18-20 °C;;промаркированный;1 раз в неделю;сотрудник внутреннего клининга;визуальный контроль/сотрудник отдела качества
95;Мебель;полки;полки;полки;;0;198;производственное;основная;;дезинфекция;;;ручной (протирание);;;18-20 °C;20 мин;промаркированный;1 раз в неделю;сотрудник внутреннего клининга;визуальный контроль/сотрудник отдела качества
182;Мебель;скамейки;скамейки;скамейки;;70;471;бытовое;основная;;мойка;;;ручной (протирание, обработка щеткой);;;не ниже 40°C;;промаркированный;1 раз в неделю;сотрудник внутреннего клининга;визуальный контроль/сотрудник отдела качества
182;Мебель;скамейки;скамейки;скамейки;;70;472;бытовое;основная;;дезинфекция;;;ручной (протирание);;;18-20 °C;20 мин;промаркированный;1 раз в неделю;сотрудник внутреннего клининга;визуальный контроль/сотрудник отдела качества
182;Мебель;скамейки;скамейки;скамейки;;70;473;бытовое;генеральная;;мойка;;;ручной (протирание, обработка щеткой);;;не ниже 40°C;;промаркированный;1 раз в месяц;сотрудник внутреннего клининга;визуальный контроль/сотрудник отдела качества
182;Мебель;скамейки;скамейки;скамейки;;70;474;бытовое;генеральная;;дезинфекция;;;ручной (протирание);;;18-20 °C;20 мин;промаркированный;1 раз в месяц;сотрудник внутреннего клининга;визуальный контроль/сотрудник отдела качества
182;Мебель;скамейки;скамейки;скамейки;;70;475;производственное;основная;;мойка;;;ручной (протирание, обработка щеткой);;;не ниже 40°C;;промаркированный;1 раз в неделю;сотрудник внутреннего клининга;визуальный контроль/сотрудник отдела качества
182;Мебель;скамейки;скамейки;скамейки;;70;476;производственное;основная;;дезинфекция;;;ручной (протирание);;;18-20 °C;20 мин;промаркированный;1 раз в неделю;сотрудник внутреннего клининга;визуальный контроль/сотрудник отдела качества
182;Мебель;скамейки;скамейки;скамейки;;70;477;производственное;генеральная;;мойка;;;ручной (протирание, обработка щеткой);;;не ниже 40°C;;промаркированный;1 раз в месяц;сотрудник внутреннего клининга;визуальный контроль/сотрудник отдела качества
182;Мебель;скамейки;скамейки;скамейки;;70;478;производственное;генеральная;;дезинфекция;;;ручной (протирание);;;18-20 °C;20 мин;промаркированный;1 раз в месяц;сотрудник внутреннего клининга;визуальный контроль/сотрудник отдела качества
121;Мебель;стеллажи;стеллажи;стеллажи;;0;255;бытовое;основная;;мойка;;;ручной (протирание, обработка щеткой);;;18-20 °C;;промаркированный;1 раз в неделю;сотрудник внутреннего клининга;визуальный контроль/сотрудник отдела качества
121;Мебель;стеллажи;стеллажи;стеллажи;;0;256;бытовое;основная;;дезинфекция;;;ручной (протирание);;;18-20 °C;20 мин;промаркированный;1 раз в неделю;сотрудник внутреннего клининга;визуальный контроль/сотрудник отдела качества
121;Мебель;стеллажи;стеллажи;стеллажи;;0;257;производственное;основная;;мойка;;;ручной (протирание, обработка щеткой);;;18-20 °C;;промаркированный;1 раз в неделю;сотрудник внутреннего клининга;визуальный контроль/сотрудник отдела качества
121;Мебель;стеллажи;стеллажи;стеллажи;;0;258;производственное;основная;;дезинфекция;;;ручной (протирание);;;18-20 °C;20 мин;промаркированный;1 раз в неделю;сотрудник внутреннего клининга;визуальный контроль/сотрудник отдела качества
194;Мебель;столы;столы;столы;;102;549;бытовое;основная;;мойка;;;ручной (протирание, обработка щеткой);;;не ниже 40°C;;промаркированный;1 раз в неделю;сотрудник внутреннего клининга;визуальный контроль/сотрудник отдела качества
194;Мебель;столы;столы;столы;;102;550;бытовое;основная;;дезинфекция;;;ручной (протирание);;;18-20 °C;20 мин;промаркированный;1 раз в неделю;сотрудник внутреннего клининга;визуальный контроль/сотрудник отдела качества
194;Мебель;столы;столы;столы;;102;551;производственное;основная;;мойка;;;ручной (протирание, обработка щеткой);;;не ниже 40°C;;промаркированный;1 раз в неделю;сотрудник внутреннего клининга;визуальный контроль/сотрудник отдела качества
194;Мебель;столы;столы;столы;;102;552;производственное;основная;;дезинфекция;;;ручной (протирание);;;18-20 °C;20 мин;промаркированный;1 раз в неделю;сотрудник внутреннего клининга;визуальный контроль/сотрудник отдела качества
124;Мебель;стулья;стулья;стулья;;0;263;бытовое;основная;;мойка;;;ручной (протирание, обработка щеткой);;;не ниже 40°C;;промаркированный;1 раз в неделю;сотрудник внутреннего клининга;визуальный контроль/сотрудник отдела качества
124;Мебель;стулья;стулья;стулья;;0;264;бытовое;основная;;дезинфекция;;;ручной (протирание);;;18-20 °C;20 мин;промаркированный;1 раз в неделю;сотрудник внутреннего клининга;визуальный контроль/сотрудник отдела качества
124;Мебель;стулья;стулья;стулья;;0;265;производственное;основная;;мойка;;;ручной (протирание, обработка щеткой);;;не ниже 40°C;;промаркированный;1 раз в неделю;сотрудник внутреннего клининга;визуальный контроль/сотрудник отдела качества
124;Мебель;стулья;стулья;стулья;;0;266;производственное;основная;;дезинфекция;;;ручной (протирание);;;18-20 °C;20 мин;промаркированный;1 раз в неделю;сотрудник внутреннего клининга;визуальный контроль/сотрудник отдела качества
125;Мебель;сушилка для обуви;сушилка для обуви;сушилка для обуви;;0;267;бытовое;основная;;мойка;;;ручной (протирание, обработка щеткой);;;не ниже 40°C;;промаркированный;1 раз в неделю;сотрудник внутреннего клининга;визуальный контроль/сотрудник отдела качества
125;Мебель;сушилка для обуви;сушилка для обуви;сушилка для обуви;;0;268;бытовое;основная;;дезинфекция;;;ручной (протирание);;;18-20 °C;20 мин;промаркированный;1 раз в неделю;сотрудник внутреннего клининга;визуальный контроль/сотрудник отдела качества
125;Мебель;сушилка для обуви;сушилка для обуви;сушилка для обуви;;0;269;производственное;основная;;мойка;;;ручной (протирание, обработка щеткой);;;не ниже 40°C;;промаркированный;1 раз в неделю;сотрудник внутреннего клининга;визуальный контроль/сотрудник отдела качества
125;Мебель;сушилка для обуви;сушилка для обуви;сушилка для обуви;;0;270;производственное;основная;;дезинфекция;;;ручной (протирание);;;18-20 °C;20 мин;промаркированный;1 раз в неделю;сотрудник внутреннего клининга;визуальный контроль/сотрудник отдела качества
183;Мебель;шкафы;шкафы;шкафы;;71;479;бытовое;основная;;мойка;;;ручной (протирание, обработка щеткой);;;18-20 °C;;промаркированный;1 раз в неделю;сотрудник внутреннего клининга;визуальный контроль/сотрудник отдела качества
183;Мебель;шкафы;шкафы;шкафы;;71;480;бытовое;основная;;дезинфекция;;;ручной (протирание);;;18-20 °C;20 мин;промаркированный;1 раз в неделю;сотрудник внутреннего клининга;визуальный контроль/сотрудник отдела качества
183;Мебель;шкафы;шкафы;шкафы;;71;481;бытовое;генеральная;;мойка;;;ручной (протирание, обработка щеткой);;;18-20 °C;;промаркированный;1 раз в месяц;сотрудник внутреннего клининга;визуальный контроль/сотрудник отдела качества
183;Мебель;шкафы;шкафы;шкафы;;71;482;бытовое;генеральная;;дезинфекция;;;ручной (протирание);;;18-20 °C;20 мин;промаркированный;1 раз в месяц;сотрудник внутреннего клининга;визуальный контроль/сотрудник отдела качества
183;Мебель;шкафы;шкафы;шкафы;;71;483;производственное;основная;;мойка;;;ручной (протирание, обработка щеткой);;;18-20 °C;;промаркированный;1 раз в неделю;сотрудник внутреннего клининга;визуальный контроль/сотрудник отдела качества
183;Мебель;шкафы;шкафы;шкафы;;71;484;производственное;основная;;дезинфекция;;;ручной (протирание);;;18-20 °C;20 мин;промаркированный;1 раз в неделю;сотрудник внутреннего клининга;визуальный контроль/сотрудник отдела качества
183;Мебель;шкафы;шкафы;шкафы;;71;485;производственное;генеральная;;мойка;;;ручной (протирание, обработка щеткой);;;18-20 °C;;промаркированный;1 раз в месяц;сотрудник внутреннего клининга;визуальный контроль/сотрудник отдела качества
183;Мебель;шкафы;шкафы;шкафы;;71;486;производственное;генеральная;;дезинфекция;;;ручной (протирание);;;18-20 °C;20 мин;промаркированный;1 раз в месяц;сотрудник внутреннего клининга;визуальный контроль/сотрудник отдела качества
98;Посудомоечное оборудование;пмм купольная;посудомоечная машина купольная;посудомоечная машина;купольная;0;203;;;;мойка;;;;;;не ниже 40°C;;промаркированный;1 раз в смену;сотрудник внутреннего клининга;визуальный контроль/сотрудник отдела качества
98;Посудомоечное оборудование;пмм купольная;посудомоечная машина купольная;посудомоечная машина;купольная;0;204;;;;дезинфекция;;;;;;18-20 ºС;30 мин;промаркированный;1 раз в смену;сотрудник внутреннего клининга;визуальный контроль/сотрудник отдела качества
99;Посудомоечное оборудование;пмм туннельная;посудомоечная машина туннельная;посудомоечная машина;туннельная;0;205;;;;мойка;;;;;;не ниже 40°C;;промаркированный;1 раз в смену;сотрудник внутреннего клининга;визуальный контроль/сотрудник отдела качества
99;Посудомоечное оборудование;пмм туннельная;посудомоечная машина туннельная;посудомоечная машина;туннельная;0;206;;;;дезинфекция;;;;;;18-20 ºС;30 мин;промаркированный;1 раз в смену;сотрудник внутреннего клининга;визуальный контроль/сотрудник отдела качества
130;Посудомоечное оборудование;таромоечная машина;таромоечная машина;таромоечная машина;;0;285;;;;мойка;;;;;;не ниже 40°C;;промаркированный;1 раз в смену;сотрудник внутреннего клининга;визуальный контроль/сотрудник отдела качества
130;Посудомоечное оборудование;таромоечная машина;таромоечная машина;таромоечная машина;;0;286;;;;дезинфекция;;;;;;18-20 ºС;30 мин;промаркированный;1 раз в смену;сотрудник внутреннего клининга;визуальный контроль/сотрудник отдела качества
