object_id;category_name;normalized_name;display_name;base_name;modifier;sort_priority;instruction_id;room_category_name;maintenance_type;cleaning_method;instruction_number;product_name;cleaning_technique;concentration;temperature;exposure_time;inventory;frequency;executor;control_method
1;Поверхности;бактерицидные лампы;бактерицидные лампы;бактерицидные лампы;;0;1;Бытовое;генеральная;мойка;;;;;не ниже 40°C;;промаркированный;1 раз в месяц;сотрудник внутреннего клининга;визуальный контроль/технолог
2;Поверхности;бойлера;бойлер;бойлер;;0;2;;;мойка;;;;;18-20 °C;;промаркированный;1 раз в месяц;сотрудник внутреннего клининга;визуальный контроль/сотрудник отдела качества
2;Поверхности;бойлера;бойлер;бойлер;;0;3;;;дезинфекция;;;;;18-20 °C;20 мин;промаркированный;1 раз в месяц;сотрудник внутреннего клининга;визуальный контроль/сотрудник отдела качества
3;Поверхности;вентиляторы;вентилятор;вентилятор;;0;4;;;мойка;;;;;18-20 °C;;промаркированный;1 раз в месяц;сотрудник внутреннего клининга;визуальный контроль/сотрудник отдела качества
3;Поверхности;вентиляторы;вентилятор;вентилятор;;0;5;;;дезинфекция;;;;;18-20 °C;20 мин;промаркированный;1 раз в месяц;сотрудник внутреннего клининга;визуальный контроль/сотрудник отдела качества
4;Поверхности;вентиляционные трубы;вентиляционные трубы;вентиляционные трубы;;0;6;Бытовое;генеральная;мойка;;;;;18-20 °C;;промаркированный;1 раз в 6 месяцев;сотрудник внутреннего клининга;визуальный контроль/сотрудник отдела качества
4;Поверхности;вентиляционные трубы;вентиляционные трубы;вентиляционные трубы;;0;7;Бытовое;генеральная;дезинфекция;;;;;18-20 °C;20 мин;промаркированный;1 раз в 6 месяцев;сотрудник внутреннего клининга;визуальный контроль/сотрудник отдела качества
4;Поверхности;вентиляционные трубы;вентиляционные трубы;вентиляционные трубы;;0;8;Бытовое;поддерживающая;обеспыливание;;;;;;;промаркированный;1 раз в 3 месяца;сотрудник внутреннего клининга;визуальный контроль/сотрудник отдела качества
5;Поверхности;водопроводные трубы;водопроводные трубы;водопроводные трубы;;30;9;Бытовое;генеральная;мойка;;;;;18-20 °C;;промаркированный;1 раз в месяц;сотрудник внутреннего клининга;визуальный контроль/сотрудник отдела качества
5;Поверхности;водопроводные трубы;водопроводные трубы;водопроводные трубы;;30;10;Бытовое;генеральная;дезинфекция;;;;;18-20 °C;20 мин;промаркированный;1 раз в месяц;сотрудник внутреннего клининга;визуальный контроль/сотрудник отдела качества
6;Поверхности;воротароллета;ворота/роллета;ворота/роллета;;0;11;;;мойка;;;;;18-20 °C;;промаркированный;1 раз в месяц;сотрудник внутреннего клининга;визуальный контроль/сотрудник отдела качества
6;Поверхности;воротароллета;ворота/роллета;ворота/роллета;;0;12;;;дезинфекция;;;;;18-20 °C;20 мин;промаркированный;1 раз в месяц;сотрудник внутреннего клининга;визуальный контроль/сотрудник отдела качества
7;Поверхности;выключатели;выключатели;выключатели;;30;13;Бытовое;генеральная;мойка;;;;;не ниже 40°C;;промаркированный;1 раз в месяц;сотрудник внутреннего клининга;визуальный контроль/сотрудник отдела качества
7;Поверхности;выключатели;выключатели;выключатели;;30;14;Бытовое;генеральная;дезинфекция;;;;;18-20 °C;20 мин;промаркированный;1 раз в месяц;сотрудник внутреннего клининга;визуальный контроль/сотрудник отдела качества
7;Поверхности;выключатели;выключатели;выключатели;;30;15;Бытовое;поддерживающая;дезинфекция;;;;;18-20 °C;20 мин;промаркированный;2 раза в смену;сотрудник внутреннего клининга;визуальный контроль/сотрудник отдела качества
8;Поверхности;вытяжные зонты а;вытяжные зонты алюминиевые;вытяжные зонты;А;0;16;;;мойка;;;;;не ниже 40°C;;промаркированный;1 раз в месяц;сотрудник внутреннего клининга;визуальный контроль/сотрудник отдела качества
8;Поверхности;вытяжные зонты а;вытяжные зонты алюминиевые;вытяжные зонты;А;0;17;;;дезинфекция;;;;;18-20 °C;20 мин;промаркированный;1 раз в месяц;сотрудник внутреннего клининга;визуальный контроль/сотрудник отдела качества
9;Поверхности;вытяжные зонты н;вытяжные зонты из нержавеющей стали;вытяжные зонты;Н;0;18;;;мойка;;;;;не ниже 40°C;;промаркированный;1 раз в месяц;сотрудник внутреннего клининга;визуальный контроль/сотрудник отдела качества
9;Поверхности;вытяжные зонты н;вытяжные зонты из нержавеющей стали;вытяжные зонты;Н;0;19;;;дезинфекция;;;;;18-20 °C;20 мин;промаркированный;1 раз в месяц;сотрудник внутреннего клининга;визуальный контроль/сотрудник отдела качества
10;Поверхности;гидравлические тележки;гидравлические тележки;гидравлические тележки;;0;20;;;мойка;;;;;18-20 °C;;промаркированный;1 раз в неделю;сотрудник внутреннего клининга;визуальный контроль/сотрудник отдела качества
10;Поверхности;гидравлические тележки;гидравлические тележки;гидравлические тележки;;0;21;;;дезинфекция;;;;;18-20 °C;20 мин;промаркированный;1 раз в неделю;сотрудник внутреннего клининга;визуальный контроль/сотрудник отдела качества
11;Поверхности;двери;двери;двери;;30;22;Бытовое;генеральная;мойка;;;;;18-20 °C;;промаркированный;1 раз в месяц;сотрудник внутреннего клининга;визуальный контроль/сотрудник отдела качества
11;Поверхности;двери;двери;двери;;30;23;Бытовое;генеральная;дезинфекция;;;;;18-20 °C;20 мин;промаркированный;1 раз в месяц;сотрудник внутреннего клининга;визуальный контроль/сотрудник отдела качества
12;Поверхности;дверные ручки;дверные ручки;дверные ручки;;30;24;Бытовое;генеральная;мойка;;;;;18-20 °C;;промаркированный;1 раз в месяц;сотрудник внутреннего клининга;визуальный контроль/сотрудник отдела качества
12;Поверхности;дверные ручки;дверные ручки;дверные ручки;;30;25;Бытовое;генеральная;дезинфекция;;;;;18-20 °C;20 мин;промаркированный;1 раз в месяц;сотрудник внутреннего клининга;визуальный контроль/сотрудник отдела качества
12;Поверхности;дверные ручки;дверные ручки;дверные ручки;;30;26;Бытовое;поддерживающая;дезинфекция;;;;;18-20 °C;20 мин;промаркированный;2 раза в смену;сотрудник внутреннего клининга;визуальный контроль/сотрудник отдела качества
13;Поверхности;демосистема (контактная поверхность);демосистема (контактная поверхность);демосистема (контактная поверхность);;0;27;;;мойка;;;;;18-20 °C;;промаркированный;1 раз в месяц;сотрудник внутреннего клининга;визуальный контроль/сотрудник отдела качества
13;Поверхности;демосистема (контактная поверхность);демосистема (контактная поверхность);демосистема (контактная поверхность);;0;28;;;дезинфекция;;;;;18-20 °C;20 мин;промаркированный;1 раз в месяц;сотрудник внутреннего клининга;визуальный контроль/сотрудник отдела качества
14;Поверхности;держатели для досок;держатели для досок;держатели для досок;;0;29;;;мойка;;;;;18-20 °C;;промаркированный;1 раз в смену;сотрудник внутреннего клининга;визуальный контроль/сотрудник отдела качества
14;Поверхности;держатели для досок;держатели для досок;держатели для досок;;0;30;;;дезинфекция;;;;;18-20 °C;20 мин;промаркированный;1 раз в смену;сотрудник внутреннего клининга;визуальный контроль/сотрудник отдела качества
15;Поверхности;держатели для инвентаря;держатели для инвентаря;держатели для инвентаря;;0;31;;;мойка;;;;;18-20 °C;;промаркированный;1 раз в смену;сотрудник внутреннего клининга;визуальный контроль/сотрудник отдела качества
15;Поверхности;держатели для инвентаря;держатели для инвентаря;держатели для инвентаря;;0;32;;;дезинфекция;;;;;18-20 °C;20 мин;промаркированный;1 раз в смену;сотрудник внутреннего клининга;визуальный контроль/сотрудник отдела качества
16;Поверхности;держатели для ножей;держатели для ножей;держатели для ножей;;0;33;;;мойка;;;;;18-20 °C;;промаркированный;1 раз в смену;сотрудник внутреннего клининга;визуальный контроль/сотрудник отдела качества
16;Поверхности;держатели для ножей;держатели для ножей;держатели для ножей;;0;34;;;дезинфекция;;;;;18-20 °C;20 мин;промаркированный;1 раз в смену;сотрудник внутреннего клининга;визуальный контроль/сотрудник отдела качества
17;Поверхности;диффузоры;диффузоры;диффузоры;;20;35;Бытовое;генеральная;мойка;;;;;18-20 °C;;промаркированный;1 раз в 6 месяцев;сотрудник внутреннего клининга;визуальный контроль/сотрудник отдела качества
17;Поверхности;диффузоры;диффузоры;диффузоры;;20;36;Бытовое;генеральная;дезинфекция;;;;;18-20 °C;20 мин;промаркированный;1 раз в 6 месяцев;сотрудник внутреннего клининга;визуальный контроль/сотрудник отдела качества
17;Поверхности;диффузоры;диффузоры;диффузоры;;20;37;Бытовое;поддерживающая;обеспыливание;;;;;;;промаркированный;1 раз в 3 месяца;сотрудник внутреннего клининга;визуальный контроль/сотрудник отдела качества
18;Поверхности;завесы пвх;завесы ПВХ;завесы ПВХ;;0;38;;;мойка;;;;;18-20 °C;;промаркированный;1 раз в неделю;сотрудник внутреннего клининга;визуальный контроль/сотрудник отдела качества
18;Поверхности;завесы пвх;завесы ПВХ;завесы ПВХ;;0;39;;;дезинфекция;;;;;18-20 °C;20 мин;промаркированный;1 раз в неделю;сотрудник внутреннего клининга;визуальный контроль/сотрудник отдела качества
19;Поверхности;завесы тепловые;завесы тепловые;завесы тепловые;;0;40;;;мойка;;;;;18-20 °C;;промаркированный;1 раз в месяц;сотрудник внутреннего клининга;визуальный контроль/сотрудник отдела качества
19;Поверхности;завесы тепловые;завесы тепловые;завесы тепловые;;0;41;;;дезинфекция;;;;;18-20 °C;20 мин;промаркированный;1 раз в месяц;сотрудник внутреннего клининга;визуальный контроль/сотрудник отдела качества
20;Поверхности;инсектицидные лампы;инсектицидные лампы;инсектицидные лампы;;0;42;Бытовое;генеральная;мойка;;;;;не ниже 40°C;;промаркированный;1 раз в месяц;сотрудник инженерной службы;визуальный контроль/технолог
21;Поверхности;кабель-каналы;кабель-каналы;кабель-каналы;;30;43;Бытовое;генеральная;мойка;;;;;18-20 °C;;промаркированный;1 раз в месяц;сотрудник внутреннего клининга;визуальный контроль/сотрудник отдела качества
21;Поверхности;кабель-каналы;кабель-каналы;кабель-каналы;;30;44;Бытовое;генеральная;дезинфекция;;;;;18-20 °C;20 мин;промаркированный;1 раз в месяц;сотрудник внутреннего клининга;визуальный контроль/сотрудник отдела качества
22;Поверхности;кондиционер;кондиционер;кондиционер;;0;45;;;мойка;;;;;18-20 °C;;промаркированный;1 раз в 6 месяцев;сотрудник внутреннего клининга;визуальный контроль/сотрудник отдела качества
22;Поверхности;кондиционер;кондиционер;кондиционер;;0;46;;;дезинфекция;;;;;18-20 °C;20 мин;промаркированный;1 раз в 6 месяцев;сотрудник внутреннего клининга;визуальный контроль/сотрудник отдела качества
23;Поверхности;контейнеры для отходов;контейнеры для отходов;контейнеры для отходов;;0;47;;;мойка;;;;;18-20 °C;;промаркированный;после каждого удаления отходов;сотрудник внутреннего клининга;визуальный контроль/сотрудник отдела качества
23;Поверхности;контейнеры для отходов;контейнеры для отходов;контейнеры для отходов;;0;48;;;дезинфекция;;;;;18-20 °C;20 мин;промаркированный;после каждого удаления отходов;сотрудник внутреннего клининга;визуальный контроль/сотрудник отдела качества
24;Поверхности;лестницы;лестницы;лестницы;;0;49;;;мойка;;;;;18-20 °C;;промаркированный;1 раз в месяц;сотрудник внутреннего клининга;визуальный контроль/сотрудник отдела качества
24;Поверхности;лестницы;лестницы;лестницы;;0;50;;;дезинфекция;;;;;18-20 °C;20 мин;промаркированный;1 раз в месяц;сотрудник внутреннего клининга;визуальный контроль/сотрудник отдела качества
25;Поверхности;металлоконструкции;металлоконструкции;металлоконструкции;;0;51;;;мойка;;;;;18-20 °C;;промаркированный;1 раз в неделю;сотрудник внутреннего клининга;визуальный контроль/сотрудник отдела качества
25;Поверхности;металлоконструкции;металлоконструкции;металлоконструкции;;0;52;;;дезинфекция;;;;;18-20 °C;20 мин;промаркированный;1 раз в неделю;сотрудник внутреннего клининга;визуальный контроль/сотрудник отдела качества
26;Поверхности;мусорные корзины;мусорные корзины;мусорные корзины;;80;53;;;мойка;;;;;18-20 °C;;промаркированный;1 раз в неделю;сотрудник внутреннего клининга;визуальный контроль/сотрудник отдела качества
26;Поверхности;мусорные корзины;мусорные корзины;мусорные корзины;;80;54;;;дезинфекция;;;;;18-20 °C;20 мин;промаркированный;1 раз в неделю;сотрудник внутреннего клининга;визуальный контроль/сотрудник отдела качества
27;Поверхности;окна внешние;окна внешние;окна внешние;;50;55;Бытовое;генеральная;мойка;;;;;;;промаркированный;1 раз в месяц (летний период);сотрудник внутреннего клининга;визуальный контроль/сотрудник отдела качества
27;Поверхности;окна внешние;окна внешние;окна внешние;;50;56;Бытовое;основная;мойка;;;;;;;промаркированный;1 раз в неделю;сотрудник внутреннего клининга;визуальный контроль/сотрудник отдела качества
27;Поверхности;окна внешние;окна внешние;окна внешние;;50;57;Бытовое;генеральная;мойка;;;;;;;промаркированный;;сотрудник внутреннего клининга;визуальный контроль/сотрудник отдела качества
28;Поверхности;окна внутрицеховые;окна внутрицеховые;окна внутрицеховые;;0;58;;;мойка;;;;;;;промаркированный;1 раз в месяц (летний период);сотрудник внутреннего клининга;визуальный контроль/сотрудник отдела качества
28;Поверхности;окна внутрицеховые;окна внутрицеховые;окна внутрицеховые;;0;59;;;дезинфекция;;;;;18-20 °C;20 мин;промаркированный;1 раз в месяц (летний период);сотрудник внутреннего клининга;визуальный контроль/сотрудник отдела качества
29;Поверхности;отопительные приборы;отопительные приборы;отопительные приборы;;40;60;Бытовое;генеральная;мойка;;;;;не ниже 40°C;;промаркированный;1 раз в 6 месяцев;сотрудник внутреннего клининга;визуальный контроль/сотрудник отдела качества
29;Поверхности;отопительные приборы;отопительные приборы;отопительные приборы;;40;61;Бытовое;генеральная;дезинфекция;;;;;18-20 °C;20 мин;промаркированный;1 раз в 6 месяцев;сотрудник внутреннего клининга;визуальный контроль/сотрудник отдела качества
29;Поверхности;отопительные приборы;отопительные приборы;отопительные приборы;;40;62;Бытовое;поддерживающая;обеспыливание;;;;;;;промаркированный;1 раз в месяц;сотрудник внутреннего клининга;визуальный контроль/сотрудник отдела качества
30;Поверхности;пластиковые паллеты;пластиковые паллеты;пластиковые паллеты;;0;63;;;мойка;;;;;18-20 °C;;промаркированный;по мере освобождения;сотрудник внутреннего клининга;визуальный контроль/сотрудник отдела качества
30;Поверхности;пластиковые паллеты;пластиковые паллеты;пластиковые паллеты;;0;64;;;дезинфекция;;;;;18-20 °C;20 мин;промаркированный;по мере освобождения;сотрудник внутреннего клининга;визуальный контроль/сотрудник отдела качества
31;Поверхности;пластиковые подкаты;пластиковые подкаты;пластиковые подкаты;;0;65;;;мойка;;;;;18-20 °C;;промаркированный;1 раз в неделю;сотрудник внутреннего клининга;визуальный контроль/сотрудник отдела качества
31;Поверхности;пластиковые подкаты;пластиковые подкаты;пластиковые подкаты;;0;66;;;дезинфекция;;;;;18-20 °C;20 мин;промаркированный;1 раз в неделю;сотрудник внутреннего клининга;визуальный контроль/сотрудник отдела качества
32;Поверхности;погрузчики;погрузчики;погрузчики;;0;67;;;мойка;;;;;18-20 °C;;промаркированный;1 раз в неделю;сотрудник внутреннего клининга;визуальный контроль/сотрудник отдела качества
32;Поверхности;погрузчики;погрузчики;погрузчики;;0;68;;;дезинфекция;;;;;18-20 °C;20 мин;промаркированный;1 раз в неделю;сотрудник внутреннего клининга;визуальный контроль/сотрудник отдела качества
33;Поверхности;пожарный щит;пожарный щит;пожарный щит;;0;69;;;мойка;;;;;18-20 °C;;промаркированный;1 раз в неделю;сотрудник внутреннего клининга;визуальный контроль/сотрудник отдела качества
33;Поверхности;пожарный щит;пожарный щит;пожарный щит;;0;70;;;дезинфекция;;;;;18-20 °C;20 мин;промаркированный;1 раз в неделю;сотрудник внутреннего клининга;визуальный контроль/сотрудник отдела качества
34;Поверхности;пол;пол;пол;;90;71;Бытовое;основная;мойка;;;;;не ниже 40 °C;;промаркированный;2 раза в смену;сотрудник внутреннего клининга;визуальный контроль/сотрудник отдела качества
34;Поверхности;пол;пол;пол;;90;72;Бытовое;основная;дезинфекция;;;;;18-20 °C;20 мин;промаркированный;2 раза в смену;сотрудник внутреннего клининга;визуальный контроль/сотрудник отдела качества
34;Поверхности;пол;пол;пол;;90;73;Бытовое;поддерживающая;мойка;;;;;не ниже 40 °C;;промаркированный;по мере необходимости;сотрудник внутреннего клининга;визуальный контроль/сотрудник отдела качества
34;Поверхности;пол;пол;пол;;90;74;Бытовое;генеральная;мойка;;;;;не ниже 40 °C;;промаркированный;1 раз в месяц;сотрудник внутреннего клининга;визуальный контроль/сотрудник отдела качества
34;Поверхности;пол;пол;пол;;90;75;Бытовое;генеральная;дезинфекция;;;;;18-20 °C;20 мин;промаркированный;1 раз в месяц;сотрудник внутреннего клининга;визуальный контроль/сотрудник отдела качества
35;Поверхности;потолок () ок;потолок окрашенный;потолок (высота _____м);ОК;10;76;Бытовое;генеральная;мойка;;;;;не ниже 40°C;;промаркированный;1 раз в 6 месяцев;сотрудник внутреннего клининга;визуальный контроль/сотрудник отдела качества
35;Поверхности;потолок () ок;потолок окрашенный;потолок (высота _____м);ОК;10;77;Бытовое;генеральная;дезинфекция;;;;;18-20 °C;20 мин;промаркированный;1 раз в 6 месяцев;сотрудник внутреннего клининга;визуальный контроль/сотрудник отдела качества
35;Поверхности;потолок () ок;потолок окрашенный;потолок (высота _____м);ОК;10;78;Бытовое;поддерживающая;обеспыливание;;;;;;;промаркированный;1 раз в 3 месяца;сотрудник внутреннего клининга;визуальный контроль/сотрудник отдела качества
36;Поверхности;потолок () п;потолок подвесной;потолок (высота _____м);П;10;79;Бытовое;генеральная;мойка;;;;;не ниже 40°C;;промаркированный;1 раз в 12 месяцев;сотрудник внутреннего клининга;визуальный контроль/сотрудник отдела качества
36;Поверхности;потолок () п;потолок подвесной;потолок (высота _____м);П;10;80;Бытовое;генеральная;дезинфекция;;;;;18-20 °C;20 мин;промаркированный;1 раз в 12 месяцев;сотрудник внутреннего клининга;визуальный контроль/сотрудник отдела качества
36;Поверхности;потолок () п;потолок подвесной;потолок (высота _____м);П;10;81;Бытовое;поддерживающая;обеспыливание;;;;;;;промаркированный;1 раз в 3 месяца;сотрудник внутреннего клининга;визуальный контроль/сотрудник отдела качества
37;Поверхности;резиновые коврики;резиновые коврики;резиновые коврики;;0;82;;;мойка;;;;;18-20 °C;;промаркированный;1 раз в месяц;сотрудник внутреннего клининга;визуальный контроль/сотрудник отдела качества
37;Поверхности;резиновые коврики;резиновые коврики;резиновые коврики;;0;83;;;дезинфекция;;;;;18-20 °C;20 мин;промаркированный;1 раз в месяц;сотрудник внутреннего клининга;визуальный контроль/сотрудник отдела качества
38;Поверхности;розетки;розетки;розетки;;30;84;Бытовое;генеральная;мойка;;;;;18-20 °C;;промаркированный;1 раз в месяц;сотрудник внутреннего клининга;визуальный контроль/сотрудник отдела качества
38;Поверхности;розетки;розетки;розетки;;30;85;Бытовое;генеральная;дезинфекция;;;;;18-20 °C;20 мин;промаркированный;1 раз в месяц;сотрудник внутреннего клининга;визуальный контроль/сотрудник отдела качества
39;Поверхности;светильники;светильники;светильники;;20;86;Бытовое;генеральная;мойка;;;;;18-20 °C;;промаркированный;1 раз в 6 месяцев;сотрудник внутреннего клининга;визуальный контроль/сотрудник отдела качества
39;Поверхности;светильники;светильники;светильники;;20;87;Бытовое;генеральная;дезинфекция;;;;;18-20 °C;20 мин;промаркированный;1 раз в 6 месяцев;сотрудник внутреннего клининга;визуальный контроль/сотрудник отдела качества
39;Поверхности;светильники;светильники;светильники;;20;88;Бытовое;поддерживающая;обеспыливание;;;;;;;промаркированный;1 раз в 3 месяца;сотрудник внутреннего клининга;визуальный контроль/сотрудник отдела качества
40;Поверхности;сплит-системы;сплит-системы;сплит-системы;;0;89;;;мойка;;;;;18-20 °C;;промаркированный;1 раз в 6 месяцев;сотрудник внутреннего клининга;визуальный контроль/сотрудник отдела качества
40;Поверхности;сплит-системы;сплит-системы;сплит-системы;;0;90;;;дезинфекция;;;;;18-20 °C;20 мин;промаркированный;1 раз в 6 месяцев;сотрудник внутреннего клининга;визуальный контроль/сотрудник отдела качества
41;Поверхности;стены (выше 2 м);стены (выше 2 м);стены (выше 2 м);;20;91;Бытовое;генеральная;мойка;;;;;18-20 °C;;промаркированный;1 раз в 6 месяцев;сотрудник внутреннего клининга;визуальный контроль/сотрудник отдела качества
41;Поверхности;стены (выше 2 м);стены (выше 2 м);стены (выше 2 м);;20;92;Бытовое;генеральная;дезинфекция;;;;;18-20 °C;20 мин;промаркированный;1 раз в 6 месяцев;сотрудник внутреннего клининга;визуальный контроль/сотрудник отдела качества
41;Поверхности;стены (выше 2 м);стены (выше 2 м);стены (выше 2 м);;20;93;Бытовое;поддерживающая;обеспыливание;;;;;;;промаркированный;1 раз в 3 месяца;сотрудник внутреннего клининга;визуальный контроль/сотрудник отдела качества
42;Поверхности;стены (до 2 м);стены (до 2 м);стены (до 2 м);;30;94;Бытовое;генеральная;мойка;;;;;не ниже 40°C;;промаркированный;1 раз в месяц;сотрудник внутреннего клининга;визуальный контроль/сотрудник отдела качества
42;Поверхности;стены (до 2 м);стены (до 2 м);стены (до 2 м);;30;95;Бытовое;генеральная;дезинфекция;;;;;18-20 °C;20 мин;промаркированный;1 раз в месяц;сотрудник внутреннего клининга;визуальный контроль/сотрудник отдела качества
43;Поверхности;стерилизатор;стерилизатор;стерилизатор;;30;96;;;мойка;;;;;18-20 °C;;промаркированный;1 раз в месяц;сотрудник внутреннего клининга;визуальный контроль/сотрудник отдела качества
43;Поверхности;стерилизатор;стерилизатор;стерилизатор;;30;97;;;дезинфекция;;;;;18-20 °C;20 мин;промаркированный;1 раз в месяц;сотрудник внутреннего клининга;визуальный контроль/сотрудник отдела качества
44;Поверхности;стоки;стоки;стоки;;0;98;;;мойка;;;;;18-20 °C;;промаркированный;1 раз в смену;сотрудник внутреннего клининга;визуальный контроль/сотрудник отдела качества
44;Поверхности;стоки;стоки;стоки;;0;99;;;дезинфекция;;;;;18-20 °C;20 мин;промаркированный;1 раз в смену;сотрудник внутреннего клининга;визуальный контроль/сотрудник отдела качества
45;Поверхности;трапы;трапы;трапы;;0;100;;;мойка;;;;;18-20 °C;;промаркированный;1 раз в смену;сотрудник внутреннего клининга;визуальный контроль/сотрудник отдела качества
45;Поверхности;трапы;трапы;трапы;;0;101;;;дезинфекция;;;;;18-20 °C;20 мин;промаркированный;1 раз в смену;сотрудник внутреннего клининга;визуальный контроль/сотрудник отдела качества
46;Поверхности;часы;часы;часы;;0;102;;;мойка;;;;;18-20 °C;;промаркированный;1 раз в 6 месяцев;сотрудник внутреннего клининга;визуальный контроль/сотрудник отдела качества
46;Поверхности;часы;часы;часы;;0;103;;;дезинфекция;;;;;18-20 °C;20 мин;промаркированный;1 раз в 6 месяцев;сотрудник внутреннего клининга;визуальный контроль/сотрудник отдела качества
47;Поверхности;штабелёры;штабелёр;штабелёр;;0;104;;;мойка;;;;;18-20 °C;;промаркированный;1 раз в смену;сотрудник внутреннего клининга;визуальный контроль/сотрудник отдела качества
47;Поверхности;штабелёры;штабелёр;штабелёр;;0;105;;;дезинфекция;;;;;18-20 °C;20 мин;промаркированный;1 раз в смену;сотрудник внутреннего клининга;визуальный контроль/сотрудник отдела качества
48;Поверхности;электрощиты;электрощит;электрощит;;0;106;;;мойка;;;;;18-20 °C;;промаркированный;1 раз в неделю;сотрудник внутреннего клининга;визуальный контроль/сотрудник отдела качества
48;Поверхности;электрощиты;электрощит;электрощит;;0;107;;;дезинфекция;;;;;18-20 °C;20 мин;промаркированный;1 раз в неделю;сотрудник внутреннего клининга;визуальный контроль/сотрудник отдела качества
49;Поверхности;ёлки для колец;ёлки для колец;ёлки для колец;;0;108;;;мойка;;;;;18-20 °C;;промаркированный;1 раз в смену;сотрудник внутреннего клининга;визуальный контроль/сотрудник отдела качества
49;Поверхности;ёлки для колец;ёлки для колец;ёлки для колец;;0;109;;;дезинфекция;;;;;18-20 °C;20 мин;промаркированный;1 раз в смену;сотрудник внутреннего клининга;визуальный контроль/сотрудник отдела качества
50;Сантехническое оборудование;диспенсердозатор;Диспенсер / дозатор для спецжидкостей;Диспенсер / дозатор для спецжидкостей;;0;;;;;;;;;;;;;;
51;Сантехническое оборудование;душевая кабина;душевая кабина;душевая кабина;;0;110;;;мойка;;;;;не ниже 40°C;;промаркированный;1 раз в неделю;сотрудник внутреннего клининга;визуальный контроль/сотрудник отдела качества
51;Сантехническое оборудование;душевая кабина;душевая кабина;душевая кабина;;0;111;;;дезинфекция;;;;;18-20 °C;20 мин;промаркированный;1 раз в неделю;сотрудник внутреннего клининга;визуальный контроль/сотрудник отдела качества
52;Сантехническое оборудование;душевые секции;душевые секции;душевые секции;;0;112;;;мойка;;;;;;;промаркированный;по мере необходимости;сотрудник внутреннего клининга;визуальный контроль/сотрудник отдела качества
52;Сантехническое оборудование;душевые секции;душевые секции;душевые секции;;0;113;;;дезинфекция;;;;;18-20 °C;20 мин;промаркированный;2 раза в смену;сотрудник внутреннего клининга;визуальный контроль/сотрудник отдела качества
53;Сантехническое оборудование;писсуар;писсуар;писсуар;;0;114;;;мойка;;;;;;;промаркированный;по мере необходимости;сотрудник внутреннего клининга;визуальный контроль/сотрудник отдела качества
53;Сантехническое оборудование;писсуар;писсуар;писсуар;;0;115;;;дезинфекция;;;;;18-20 °C;20 мин;промаркированный;2 раза в смену;сотрудник внутреннего клининга;визуальный контроль/сотрудник отдела качества
54;Сантехническое оборудование;раковина;раковина;раковина;;0;116;;;мойка;;;;;;;промаркированный;по мере необходимости;сотрудник внутреннего клининга;визуальный контроль/сотрудник отдела качества
54;Сантехническое оборудование;раковина;раковина;раковина;;0;117;;;дезинфекция;;;;;18-20 °C;20 мин;промаркированный;2 раза в смену;сотрудник внутреннего клининга;визуальный контроль/сотрудник отдела качества
55;Сантехническое оборудование;смеситель;смеситель;смеситель;;0;118;;;мойка;;;;;18-20 °C;;промаркированный;1 раз в смену;сотрудник внутреннего клининга;визуальный контроль/сотрудник отдела качества
55;Сантехническое оборудование;смеситель;смеситель;смеситель;;0;119;;;дезинфекция;;;;;18-20 °C;20 мин;промаркированный;1 раз в смену;сотрудник внутреннего клининга;визуальный контроль/сотрудник отдела качества
56;Сантехническое оборудование;технологическая мойка;технологическая мойка;технологическая мойка;;0;120;Бытовое;основная;мойка;;;;;18-20 °C;;промаркированный;1 раз в смену;сотрудник внутреннего клининга;визуальный контроль/сотрудник отдела качества
56;Сантехническое оборудование;технологическая мойка;технологическая мойка;технологическая мойка;;0;121;Бытовое;основная;дезинфекция;;;;;18-20 °C;20 мин;промаркированный;1 раз в смену;сотрудник внутреннего клининга;визуальный контроль/сотрудник отдела качества
56;Сантехническое оборудование;технологическая мойка;технологическая мойка;технологическая мойка;;0;122;Бытовое;генеральная;мойка;;;;;18-20 °C;;промаркированный;1 раз в месяц;сотрудник внутреннего клининга;визуальный контроль/сотрудник отдела качества
56;Сантехническое оборудование;технологическая мойка;технологическая мойка;технологическая мойка;;0;123;Бытовое;генеральная;дезинфекция;;;;;18-20 °C;20 мин;промаркированный;1 раз в месяц;сотрудник внутреннего клининга;визуальный контроль/сотрудник отдела качества
57;Сантехническое оборудование;унитаз;унитаз;унитаз;;0;124;;;мойка;;;;;;;промаркированный;по мере необходимости;сотрудник внутреннего клининга;визуальный контроль/сотрудник отдела качества
57;Сантехническое оборудование;унитаз;унитаз;унитаз;;0;125;;;дезинфекция;;;;;18-20 °C;20 мин;промаркированный;2 раза в смену;сотрудник внутреннего клининга;визуальный контроль/сотрудник отдела качества
58;Санитарный пост;бак для грязной одежды;бак для грязной одежды;бак для грязной одежды;;0;126;;;мойка;;;;;18-20 °C;;промаркированный;1 раз в смену;сотрудник внутреннего клининга;визуальный контроль/сотрудник отдела качества
58;Санитарный пост;бак для грязной одежды;бак для грязной одежды;бак для грязной одежды;;0;127;;;дезинфекция;;;;;18-20 °C;20 мин;промаркированный;1 раз в смену;сотрудник внутреннего клининга;визуальный контроль/сотрудник отдела качества
59;Санитарный пост;дезинфицирующие маты;дезинфицирующие маты;дезинфицирующие маты;;0;128;;;мойка;;;;;18-20 °C;;промаркированный;1 раз в смену;сотрудник внутреннего клининга;визуальный контроль/сотрудник отдела качества
59;Санитарный пост;дезинфицирующие маты;дезинфицирующие маты;дезинфицирующие маты;;0;129;;;дезинфекция;;;;;18-20 °C;20 мин;промаркированный;1 раз в смену;сотрудник внутреннего клининга;визуальный контроль/сотрудник отдела качества
60;Санитарный пост;диспенсер для тб;диспенсер для тулетной бумаги;диспенсер для тулетной бумаги;;0;130;;;мойка;;;;;не ниже 40°C;;промаркированный;1 раз в неделю;сотрудник внутреннего клининга;визуальный контроль/сотрудник отдела качества
60;Санитарный пост;диспенсер для тб;диспенсер для тулетной бумаги;диспенсер для тулетной бумаги;;0;131;;;дезинфекция;;;;;18-20 °C;20 мин;промаркированный;1 раз в неделю;сотрудник внутреннего клининга;визуальный контроль/сотрудник отдела качества
61;Санитарный пост;диспенсердержатель для полотенец;диспенсер/держатель для полотенец;диспенсер для полотенец;;0;132;Бытовое;основная;мойка;;;;;18-20 °C;;промаркированный;1 раз в неделю;сотрудник внутреннего клининга;визуальный контроль/сотрудник отдела качества
61;Санитарный пост;диспенсердержатель для полотенец;диспенсер/держатель для полотенец;диспенсер для полотенец;;0;133;Бытовое;основная;дезинфекция;;;;;18-20 °C;20 мин;промаркированный;1 раз в неделю;сотрудник внутреннего клининга;визуальный контроль/сотрудник отдела качества
61;Санитарный пост;диспенсердержатель для полотенец;диспенсер/держатель для полотенец;диспенсер для полотенец;;0;134;Бытовое;генеральная;мойка;;;;;18-20 °C;;промаркированный;1 раз в месяц;сотрудник внутреннего клининга;визуальный контроль/сотрудник отдела качества
61;Санитарный пост;диспенсердержатель для полотенец;диспенсер/держатель для полотенец;диспенсер для полотенец;;0;135;Бытовое;генеральная;дезинфекция;;;;;18-20 °C;20 мин;промаркированный;1 раз в месяц;сотрудник внутреннего клининга;визуальный контроль/сотрудник отдела качества
62;Санитарный пост;дозаторы для мылаантисептика;дозаторы для мыла и антисептика;дозаторы для мыла и антисептика;;100;136;Бытовое;основная;мойка;;;;;18-20 °C;;промаркированный;при замене продукта;сотрудник внутреннего клининга;визуальный контроль/сотрудник отдела качества
62;Санитарный пост;дозаторы для мылаантисептика;дозаторы для мыла и антисептика;дозаторы для мыла и антисептика;;100;137;Бытовое;основная;дезинфекция;;;;;18-20 °C;20 мин;промаркированный;при замене продукта;сотрудник внутреннего клининга;визуальный контроль/сотрудник отдела качества
62;Санитарный пост;дозаторы для мылаантисептика;дозаторы для мыла и антисептика;дозаторы для мыла и антисептика;;100;138;Бытовое;поддерживающая;дезинфекция;;;;;18-20 °C;20 мин;промаркированный;2 раза в смену;сотрудник внутреннего клининга;визуальный контроль/сотрудник отдела качества
62;Санитарный пост;дозаторы для мылаантисептика;дозаторы для мыла и антисептика;дозаторы для мыла и антисептика;;100;139;Бытовое;генеральная;мойка;;;;;18-20 °C;;промаркированный;1 раз в месяц;сотрудник внутреннего клининга;визуальный контроль/сотрудник отдела качества
62;Санитарный пост;дозаторы для мылаантисептика;дозаторы для мыла и антисептика;дозаторы для мыла и антисептика;;100;140;Бытовое;генеральная;дезинфекция;;;;;18-20 °C;20 мин;промаркированный;1 раз в месяц;сотрудник внутреннего клининга;визуальный контроль/сотрудник отдела качества
63;Санитарный пост;корзиныдиспенсеры для сиз;корзины/диспенсеры для СИЗ;корзины/диспенсеры для СИЗ;;0;141;;;мойка;;;;;18-20 °C;;промаркированный;при замене продукта;сотрудник внутреннего клининга;визуальный контроль/сотрудник отдела качества
63;Санитарный пост;корзиныдиспенсеры для сиз;корзины/диспенсеры для СИЗ;корзины/диспенсеры для СИЗ;;0;142;;;дезинфекция;;;;;18-20 °C;20 мин;промаркированный;при замене продукта;сотрудник внутреннего клининга;визуальный контроль/сотрудник отдела качества
64;Санитарный пост;модульный санпропускник;модульный санпропускник;модульный санпропускник;;0;143;;;мойка;;;;;18-20 °C;;промаркированный;при замене продукта;сотрудник внутреннего клининга;визуальный контроль/сотрудник отдела качества
64;Санитарный пост;модульный санпропускник;модульный санпропускник;модульный санпропускник;;0;144;;;дезинфекция;;;;;18-20 °C;20 мин;промаркированный;при замене продукта;сотрудник внутреннего клининга;визуальный контроль/сотрудник отдела качества
65;Санитарный пост;санитарный пост;санитарный пост;санитарный пост;;0;145;Бытовое;основная;мойка;;;;;18-20 °C;;промаркированный;1 раз в смену;сотрудник внутреннего клининга;визуальный контроль/сотрудник отдела качества
65;Санитарный пост;санитарный пост;санитарный пост;санитарный пост;;0;146;Бытовое;основная;дезинфекция;;;;;18-20 °C;20 мин;промаркированный;1 раз в смену;сотрудник внутреннего клининга;визуальный контроль/сотрудник отдела качества
65;Санитарный пост;санитарный пост;санитарный пост;санитарный пост;;0;147;Бытовое;генеральная;мойка;;;;;18-20 °C;;промаркированный;1 раз в месяц;сотрудник внутреннего клининга;визуальный контроль/сотрудник отдела качества
65;Санитарный пост;санитарный пост;санитарный пост;санитарный пост;;0;148;Бытовое;генеральная;дезинфекция;;;;;18-20 °C;20 мин;промаркированный;1 раз в месяц;сотрудник внутреннего клининга;визуальный контроль/сотрудник отдела качества
66;Санитарный пост;сушилка для рук;сушилка для рук;сушилка для рук;;0;149;Бытовое;основная;мойка;;;;;не ниже 40°C;;промаркированный;1 раз в неделю;сотрудник внутреннего клининга;визуальный контроль/сотрудник отдела качества
66;Санитарный пост;сушилка для рук;сушилка для рук;сушилка для рук;;0;150;Бытовое;основная;дезинфекция;;;;;18-20 °C;20 мин;промаркированный;1 раз в неделю;сотрудник внутреннего клининга;визуальный контроль/сотрудник отдела качества
66;Санитарный пост;сушилка для рук;сушилка для рук;сушилка для рук;;0;151;Бытовое;генеральная;мойка;;;;;не ниже 40°C;;промаркированный;1 раз в месяц;сотрудник внутреннего клининга;визуальный контроль/сотрудник отдела качества
66;Санитарный пост;сушилка для рук;сушилка для рук;сушилка для рук;;0;152;Бытовое;генеральная;дезинфекция;;;;;18-20 °C;20 мин;промаркированный;1 раз в месяц;сотрудник внутреннего клининга;визуальный контроль/сотрудник отдела качества
67;Мебель;вешалки;вешалки;вешалки;;70;153;Бытовое;основная;мойка;;;;;не ниже 40°C;;промаркированный;1 раз в неделю;сотрудник внутреннего клининга;визуальный контроль/сотрудник отдела качества
67;Мебель;вешалки;вешалки;вешалки;;70;154;Бытовое;основная;дезинфекция;;;;;18-20 °C;20 мин;промаркированный;1 раз в неделю;сотрудник внутреннего клининга;визуальный контроль/сотрудник отдела качества
68;Мебель;зеркала;зеркала;зеркала;;60;155;Бытовое;основная;мойка;;;;;;;промаркированный;1 раз в неделю;сотрудник внутреннего клининга;визуальный контроль/сотрудник отдела качества
68;Мебель;зеркала;зеркала;зеркала;;60;156;Бытовое;генеральная;мойка;;;;;;;промаркированный;1 раз в месяц;сотрудник внутреннего клининга;визуальный контроль/сотрудник отдела качества
69;Мебель;обувницы;обувницы;обувницы;;70;157;Бытовое;основная;мойка;;;;;не ниже 40°C;;промаркированный;1 раз в неделю;сотрудник внутреннего клининга;визуальный контроль/сотрудник отдела качества
69;Мебель;обувницы;обувницы;обувницы;;70;158;Бытовое;основная;дезинфекция;;;;;18-20 °C;20 мин;промаркированный;1 раз в неделю;сотрудник внутреннего клининга;визуальный контроль/сотрудник отдела качества
70;Мебель;полки;полки;полки;;0;159;Бытовое;основная;мойка;;;;;18-20 °C;;промаркированный;1 раз в неделю;сотрудник внутреннего клининга;визуальный контроль/сотрудник отдела качества
70;Мебель;полки;полки;полки;;0;160;;основная;дезинфекция;;;;;18-20 °C;20 мин;промаркированный;1 раз в неделю;сотрудник внутреннего клининга;визуальный контроль/сотрудник отдела качества
71;Мебель;скамейки;скамейки;скамейки;;70;161;Бытовое;основная;мойка;;;;;не ниже 40°C;;промаркированный;1 раз в неделю;сотрудник внутреннего клининга;визуальный контроль/сотрудник отдела качества
71;Мебель;скамейки;скамейки;скамейки;;70;162;Бытовое;основная;дезинфекция;;;;;18-20 °C;20 мин;промаркированный;1 раз в неделю;сотрудник внутреннего клининга;визуальный контроль/сотрудник отдела качества
71;Мебель;скамейки;скамейки;скамейки;;70;163;Бытовое;генеральная;мойка;;;;;не ниже 40°C;;промаркированный;1 раз в месяц;сотрудник внутреннего клининга;визуальный контроль/сотрудник отдела качества
71;Мебель;скамейки;скамейки;скамейки;;70;164;Бытовое;генеральная;дезинфекция;;;;;18-20 °C;20 мин;промаркированный;1 раз в месяц;сотрудник внутреннего клининга;визуальный контроль/сотрудник отдела качества
72;Мебель;стеллажи;стеллажи;стеллажи;;0;165;Бытовое;основная;мойка;;;;;18-20 °C;;промаркированный;1 раз в неделю;сотрудник внутреннего клининга;визуальный контроль/сотрудник отдела качества
72;Мебель;стеллажи;стеллажи;стеллажи;;0;166;Бытовое;основная;дезинфекция;;;;;18-20 °C;20 мин;промаркированный;1 раз в неделю;сотрудник внутреннего клининга;визуальный контроль/сотрудник отдела качества
73;Мебель;столы;столы;столы;;0;167;Бытовое;основная;мойка;;;;;не ниже 40°C;;промаркированный;1 раз в неделю;сотрудник внутреннего клининга;визуальный контроль/сотрудник отдела качества
73;Мебель;столы;столы;столы;;0;168;Бытовое;основная;дезинфекция;;;;;18-20 °C;20 мин;промаркированный;1 раз в неделю;сотрудник внутреннего клининга;визуальный контроль/сотрудник отдела качества
74;Мебель;стулья;стулья;стулья;;0;169;Бытовое;основная;мойка;;;;;не ниже 40°C;;промаркированный;1 раз в неделю;сотрудник внутреннего клининга;визуальный контроль/сотрудник отдела качества
74;Мебель;стулья;стулья;стулья;;0;170;Бытовое;основная;дезинфекция;;;;;18-20 °C;20 мин;промаркированный;1 раз в неделю;сотрудник внутреннего клининга;визуальный контроль/сотрудник отдела качества
75;Мебель;сушилка для обуви;сушилка для обуви;сушилка для обуви;;0;171;Бытовое;основная;мойка;;;;;не ниже 40°C;;промаркированный;1 раз в неделю;сотрудник внутреннего клининга;визуальный контроль/сотрудник отдела качества
75;Мебель;сушилка для обуви;сушилка для обуви;сушилка для обуви;;0;172;Бытовое;основная;дезинфекция;;;;;18-20 °C;20 мин;промаркированный;1 раз в неделю;сотрудник внутреннего клининга;визуальный контроль/сотрудник отдела качества
76;Мебель;шкафы;шкафы;шкафы;;70;173;Бытовое;основная;мойка;;;;;18-20 °C;;промаркированный;1 раз в неделю;сотрудник внутреннего клининга;визуальный контроль/сотрудник отдела качества
76;Мебель;шкафы;шкафы;шкафы;;70;174;Бытовое;основная;дезинфекция;;;;;18-20 °C;20 мин;промаркированный;1 раз в неделю;сотрудник внутреннего клининга;визуальный контроль/сотрудник отдела качества
76;Мебель;шкафы;шкафы;шкафы;;70;175;Бытовое;генеральная;мойка;;;;;18-20 °C;;промаркированный;1 раз в месяц;сотрудник внутреннего клининга;визуальный контроль/сотрудник отдела качества
76;Мебель;шкафы;шкафы;шкафы;;70;176;Бытовое;генеральная;дезинфекция;;;;;18-20 °C;20 мин;промаркированный;1 раз в месяц;сотрудник внутреннего клининга;визуальный контроль/сотрудник отдела качества
77;Офисная техника;компьютеры;компьютер;компьютер;;0;177;;;мойка;;;;;не ниже 40°C;;промаркированный;1 раз в неделю;сотрудник внутреннего клининга;визуальный контроль/сотрудник отдела качества
77;Офисная техника;компьютеры;компьютер;компьютер;;0;178;;;дезинфекция;;;;;18-20 °C;20 мин;промаркированный;1 раз в неделю;сотрудник внутреннего клининга;визуальный контроль/сотрудник отдела качества
78;Офисная техника;мониторы;монитор;монитор;;0;179;;;мойка;;;;;не ниже 40°C;;промаркированный;1 раз в неделю;сотрудник внутреннего клининга;визуальный контроль/сотрудник отдела качества
78;Офисная техника;мониторы;монитор;монитор;;0;180;;;дезинфекция;;;;;18-20 °C;20 мин;промаркированный;1 раз в неделю;сотрудник внутреннего клининга;визуальный контроль/сотрудник отдела качества
79;Офисная техника;принтера;принтер;принтер;;0;181;;;мойка;;;;;не ниже 40°C;;промаркированный;1 раз в неделю;сотрудник внутреннего клининга;визуальный контроль/сотрудник отдела качества
79;Офисная техника;принтера;принтер;принтер;;0;182;;;дезинфекция;;;;;18-20 °C;20 мин;промаркированный;1 раз в неделю;сотрудник внутреннего клининга;визуальный контроль/сотрудник отдела качества
80;Офисная техника;телефоны;телефон;телефон;;0;183;;;мойка;;;;;не ниже 40°C;;промаркированный;1 раз в неделю;сотрудник внутреннего клининга;визуальный контроль/сотрудник отдела качества
80;Офисная техника;телефоны;телефон;телефон;;0;184;;;дезинфекция;;;;;18-20 °C;20 мин;промаркированный;1 раз в неделю;сотрудник внутреннего клининга;визуальный контроль/сотрудник отдела качества
81;Многоразовые резиновые СИЗ;нарукавники;нарукавники;нарукавники;;0;185;;;мойка;;;;;18-20 °C;;промаркированный;1 раз в смену;сотрудник внутреннего клининга;визуальный контроль/сотрудник отдела качества
81;Многоразовые резиновые СИЗ;нарукавники;нарукавники;нарукавники;;0;186;;;дезинфекция;;;;;18-20 °C;20 мин;промаркированный;1 раз в смену;сотрудник внутреннего клининга;визуальный контроль/сотрудник отдела качества
82;Многоразовые резиновые СИЗ;перчатки;перчатки;перчатки;;0;187;;;мойка;;;;;18-20 °C;;промаркированный;1 раз в смену;сотрудник внутреннего клининга;визуальный контроль/сотрудник отдела качества
82;Многоразовые резиновые СИЗ;перчатки;перчатки;перчатки;;0;188;;;дезинфекция;;;;;18-20 °C;20 мин;промаркированный;1 раз в смену;сотрудник внутреннего клининга;визуальный контроль/сотрудник отдела качества
83;Многоразовые резиновые СИЗ;сапоги;сапоги;сапоги;;0;189;;;мойка;;;;;18-20 °C;;промаркированный;1 раз в смену;сотрудник внутреннего клининга;визуальный контроль/сотрудник отдела качества
83;Многоразовые резиновые СИЗ;сапоги;сапоги;сапоги;;0;190;;;дезинфекция;;;;;18-20 °C;20 мин;промаркированный;1 раз в смену;сотрудник внутреннего клининга;визуальный контроль/сотрудник отдела качества
84;Многоразовые резиновые СИЗ;фартуки;фартуки;фартуки;;0;191;;;мойка;;;;;18-20 °C;;промаркированный;1 раз в смену;сотрудник внутреннего клининга;визуальный контроль/сотрудник отдела качества
84;Многоразовые резиновые СИЗ;фартуки;фартуки;фартуки;;0;192;;;дезинфекция;;;;;18-20 °C;20 мин;промаркированный;1 раз в смену;сотрудник внутреннего клининга;визуальный контроль/сотрудник отдела качества
85;Бытовая техника;кулера;кулер;кулер;;0;193;;;мойка;;;;;не ниже 40°C;;промаркированный;1 раз в неделю;сотрудник внутреннего клининга;визуальный контроль/сотрудник отдела качества
85;Бытовая техника;кулера;кулер;кулер;;0;194;;;дезинфекция;;;;;18-20 °C;20 мин;промаркированный;1 раз в неделю;сотрудник внутреннего клининга;визуальный контроль/сотрудник отдела качества
86;Бытовая техника;микроволновки;микроволновая печь;микроволновая печь;;0;195;Бытовое;основная;мойка;;;;;не ниже 40°C;;промаркированный;1 раз в неделю;сотрудник внутреннего клининга;визуальный контроль/сотрудник отдела качества
86;Бытовая техника;микроволновки;микроволновая печь;микроволновая печь;;0;196;Бытовое;основная;дезинфекция;;;;;18-20 °C;20 мин;промаркированный;1 раз в неделю;сотрудник внутреннего клининга;визуальный контроль/сотрудник отдела качества
86;Бытовая техника;микроволновки;микроволновая печь;микроволновая печь;;0;197;Бытовое;генеральная;мойка;;;;;не ниже 40°C;;промаркированный;1 раз в месяц;сотрудник внутреннего клининга;визуальный контроль/сотрудник отдела качества
86;Бытовая техника;микроволновки;микроволновая печь;микроволновая печь;;0;198;Бытовое;генеральная;дезинфекция;;;;;18-20 °C;20 мин;промаркированный;1 раз в месяц;сотрудник внутреннего клининга;визуальный контроль/сотрудник отдела качества
87;Бытовая техника;стиральные машины;стиральная машина;стиральная машина;;0;199;;;мойка;;;;;не ниже 40°C;;промаркированный;1 раз в неделю;сотрудник внутреннего клининга;визуальный контроль/сотрудник отдела качества
87;Бытовая техника;стиральные машины;стиральная машина;стиральная машина;;0;200;;;дезинфекция;;;;;18-20 °C;20 мин;промаркированный;1 раз в неделю;сотрудник внутреннего клининга;визуальный контроль/сотрудник отдела качества
88;Бытовая техника;сушильные машины;сушильная машина;сушильная машина;;0;201;;;мойка;;;;;не ниже 40°C;;промаркированный;1 раз в неделю;сотрудник внутреннего клининга;визуальный контроль/сотрудник отдела качества
88;Бытовая техника;сушильные машины;сушильная машина;сушильная машина;;0;202;;;дезинфекция;;;;;18-20 °C;20 мин;промаркированный;1 раз в неделю;сотрудник внутреннего клининга;визуальный контроль/сотрудник отдела качества
89;Бытовая техника;термопоты;термопот;термопот;;0;203;Бытовое;основная;мойка;;;;;не ниже 40°C;;промаркированный;1 раз в неделю (внешние поверхности);сотрудник внутреннего клининга;визуальный контроль/сотрудник отдела качества
89;Бытовая техника;термопоты;термопот;термопот;;0;204;Бытовое;основная;дезинфекция;;;;;18-20 °C;20 мин;промаркированный;1 раз в неделю (внешние поверхности);сотрудник внутреннего клининга;визуальный контроль/сотрудник отдела качества
89;Бытовая техника;термопоты;термопот;термопот;;0;205;Бытовое;генеральная;мойка;;;;;не ниже 40°C;;промаркированный;1 раз в месяц (внешние и внутренние поверхности);сотрудник внутреннего клининга;визуальный контроль/сотрудник отдела качества
89;Бытовая техника;термопоты;термопот;термопот;;0;206;Бытовое;генеральная;дезинфекция;;;;;18-20 °C;20 мин;промаркированный;1 раз в месяц (внешние и внутренние поверхности);сотрудник внутреннего клининга;визуальный контроль/сотрудник отдела качества
90;Бытовая техника;холодильники;холодильник бытовой;холодильник бытовой;;0;207;Бытовое;основная;мойка;;;;;не ниже 40°C;;промаркированный;1 раз в неделю (внешние поверхности);сотрудник внутреннего клининга;визуальный контроль/сотрудник отдела качества
90;Бытовая техника;холодильники;холодильник бытовой;холодильник бытовой;;0;208;Бытовое;основная;дезинфекция;;;;;18-20 °C;20 мин;промаркированный;1 раз в неделю (внешние поверхности);сотрудник внутреннего клининга;визуальный контроль/сотрудник отдела качества
90;Бытовая техника;холодильники;холодильник бытовой;холодильник бытовой;;0;209;Бытовое;генеральная;мойка;;;;;не ниже 40°C;;промаркированный;1 раз в месяц (внешние и внутренние поверхности);сотрудник внутреннего клининга;визуальный контроль/сотрудник отдела качества
90;Бытовая техника;холодильники;холодильник бытовой;холодильник бытовой;;0;210;Бытовое;генеральная;дезинфекция;;;;;18-20 °C;20 мин;промаркированный;1 раз в месяц (внешние и внутренние поверхности);сотрудник внутреннего клининга;визуальный контроль/сотрудник отдела качества
91;Бытовая техника;чайники;чайник электрический;чайник электрический;;0;211;Бытовое;основная;мойка;;;;;не ниже 40°C;;промаркированный;1 раз в неделю (внешние поверхности);сотрудник внутреннего клининга;визуальный контроль/сотрудник отдела качества
91;Бытовая техника;чайники;чайник электрический;чайник электрический;;0;212;Бытовое;генеральная;дезинфекция;;;;;18-20 °C;20 мин;промаркированный;1 раз в месяц (внешние и внутренние поверхности);сотрудник внутреннего клининга;визуальный контроль/сотрудник отдела качества
91;Бытовая техника;чайники;чайник электрический;чайник электрический;;0;213;Бытовое;генеральная;мойка;;;;;не ниже 40°C;;промаркированный;1 раз в месяц (внешние и внутренние поверхности);сотрудник внутреннего клининга;визуальный контроль/сотрудник отдела качества
91;Бытовая техника;чайники;чайник электрический;чайник электрический;;0;214;Бытовое;основная;дезинфекция;;;;;18-20 °C;20 мин;промаркированный;1 раз в неделю (внешние поверхности);сотрудник внутреннего клининга;визуальный контроль/сотрудник отдела качества
92;Инвентарь, посуда и т.д.;вешала;вешала;вешала;;0;215;;;мойка;;;;;18-20 °C;;промаркированный;после каждого использования;сотрудник внутреннего клининга;визуальный контроль, химический контроль, микробиологический контроль /сотрудник отдела качества
92;Инвентарь, посуда и т.д.;вешала;вешала;вешала;;0;216;;;дезинфекция;;;;;18-20 °C;20 мин;промаркированный;после каждого использования;сотрудник внутреннего клининга;визуальный контроль, химический контроль, микробиологический контроль /сотрудник отдела качества
93;Инвентарь, посуда и т.д.;внутрицеховая тара (вёдра ящики);внутрицеховая тара (вёдра, ящики);внутрицеховая тара (вёдра, ящики);;0;217;;;мойка;;;;;18-20 °C;;промаркированный;после каждого использования;сотрудник внутреннего клининга;визуальный контроль, химический контроль, микробиологический контроль /сотрудник отдела качества
93;Инвентарь, посуда и т.д.;внутрицеховая тара (вёдра ящики);внутрицеховая тара (вёдра, ящики);внутрицеховая тара (вёдра, ящики);;0;218;;;дезинфекция;;;;;18-20 °C;20 мин;промаркированный;после каждого использования;сотрудник внутреннего клининга;визуальный контроль, химический контроль, микробиологический контроль /сотрудник отдела качества
94;Инвентарь, посуда и т.д.;гастроёмкости;гастроёмкости;гастроёмкости;;0;219;;;мойка;;;;;18-20 °C;;промаркированный;после каждого использования;сотрудник внутреннего клининга;визуальный контроль, химический контроль, микробиологический контроль /сотрудник отдела качества
94;Инвентарь, посуда и т.д.;гастроёмкости;гастроёмкости;гастроёмкости;;0;220;;;дезинфекция;;;;;18-20 °C;20 мин;промаркированный;после каждого использования;сотрудник внутреннего клининга;визуальный контроль, химический контроль, микробиологический контроль /сотрудник отдела качества
95;Инвентарь, посуда и т.д.;дежи;дежи;дежи;;0;221;;;мойка;;;;;18-20 °C;;промаркированный;после каждого использования;сотрудник внутреннего клининга;визуальный контроль, химический контроль, микробиологический контроль /сотрудник отдела качества
95;Инвентарь, посуда и т.д.;дежи;дежи;дежи;;0;222;;;дезинфекция;;;;;18-20 °C;20 мин;промаркированный;после каждого использования;сотрудник внутреннего клининга;визуальный контроль, химический контроль, микробиологический контроль /сотрудник отдела качества
96;Инвентарь, посуда и т.д.;доски;доски;доски;;0;223;;;мойка;;;;;18-20 °C;;промаркированный;после каждого использования;сотрудник внутреннего клининга;визуальный контроль, химический контроль, микробиологический контроль /сотрудник отдела качества
96;Инвентарь, посуда и т.д.;доски;доски;доски;;0;224;;;дезинфекция;;;;;18-20 °C;20 мин;промаркированный;после каждого использования;сотрудник внутреннего клининга;визуальный контроль, химический контроль, микробиологический контроль /сотрудник отдела качества
97;Инвентарь, посуда и т.д.;изотермические контейнеры (bigbox);изотермические контейнеры (bigbox);изотермические контейнеры (bigbox);;0;225;;;мойка;;;;;18-20 °C;;промаркированный;после каждого использования;сотрудник внутреннего клининга;визуальный контроль, химический контроль, микробиологический контроль /сотрудник отдела качества
97;Инвентарь, посуда и т.д.;изотермические контейнеры (bigbox);изотермические контейнеры (bigbox);изотермические контейнеры (bigbox);;0;226;;;дезинфекция;;;;;18-20 °C;20 мин;промаркированный;после каждого использования;сотрудник внутреннего клининга;визуальный контроль, химический контроль, микробиологический контроль /сотрудник отдела качества
98;Инвентарь, посуда и т.д.;инвентарь;инвентарь;инвентарь;;0;227;;;мойка;;;;;18-20 °C;;промаркированный;после каждого использования;сотрудник внутреннего клининга;визуальный контроль, химический контроль, микробиологический контроль /сотрудник отдела качества
98;Инвентарь, посуда и т.д.;инвентарь;инвентарь;инвентарь;;0;228;;;дезинфекция;;;;;18-20 °C;20 мин;промаркированный;после каждого использования;сотрудник внутреннего клининга;визуальный контроль, химический контроль, микробиологический контроль /сотрудник отдела качества
99;Инвентарь, посуда и т.д.;корзины для расстойки теста;корзины для расстойки теста;корзины для расстойки теста;;0;229;;;мойка;;;;;18-20 °C;;промаркированный;после каждого использования;сотрудник внутреннего клининга;визуальный контроль, химический контроль, микробиологический контроль /сотрудник отдела качества
99;Инвентарь, посуда и т.д.;корзины для расстойки теста;корзины для расстойки теста;корзины для расстойки теста;;0;230;;;дезинфекция;;;;;18-20 °C;20 мин;промаркированный;после каждого использования;сотрудник внутреннего клининга;визуальный контроль, химический контроль, микробиологический контроль /сотрудник отдела качества
100;Инвентарь, посуда и т.д.;крючки;крючки;крючки;;0;231;;;мойка;;;;;18-20 °C;;промаркированный;после каждого использования;сотрудник внутреннего клининга;визуальный контроль, химический контроль, микробиологический контроль /сотрудник отдела качества
100;Инвентарь, посуда и т.д.;крючки;крючки;крючки;;0;232;;;дезинфекция;;;;;18-20 °C;20 мин;промаркированный;после каждого использования;сотрудник внутреннего клининга;визуальный контроль, химический контроль, микробиологический контроль /сотрудник отдела качества
101;Инвентарь, посуда и т.д.;листы для выпечки а;листы для выпечки алюминиевые;листы для выпечки;А;0;233;;;мойка;;;;;не ниже 40°C;;промаркированный;1 раз в неделю, по мере загрязнения;сотрудник внутреннего клининга;визуальный контроль/сотрудник отдела качества
101;Инвентарь, посуда и т.д.;листы для выпечки а;листы для выпечки алюминиевые;листы для выпечки;А;0;234;;;дезинфекция;;;;;18-20 °C;20 мин;промаркированный;1 раз в неделю, по мере загрязнения;сотрудник внутреннего клининга;визуальный контроль/сотрудник отдела качества
102;Инвентарь, посуда и т.д.;листы для выпечки н;листы для выпечки из нержавеющей стали;листы для выпечки;Н;0;235;;;мойка;;;;;не ниже 40°C;;промаркированный;1 раз в неделю, по мере загрязнения;сотрудник внутреннего клининга;визуальный контроль/сотрудник отдела качества
102;Инвентарь, посуда и т.д.;листы для выпечки н;листы для выпечки из нержавеющей стали;листы для выпечки;Н;0;236;;;дезинфекция;;;;;18-20 °C;20 мин;промаркированный;1 раз в неделю, по мере загрязнения;сотрудник внутреннего клининга;визуальный контроль/сотрудник отдела качества
103;Инвентарь, посуда и т.д.;листы от шпилек;листы от шпилек;листы от шпилек;;0;237;;;мойка;;;;;не ниже 40°C;;промаркированный;1 раз в неделю, по мере загрязнения;сотрудник внутреннего клининга;визуальный контроль/сотрудник отдела качества
103;Инвентарь, посуда и т.д.;листы от шпилек;листы от шпилек;листы от шпилек;;0;238;;;дезинфекция;;;;;18-20 °C;20 мин;промаркированный;1 раз в неделю, по мере загрязнения;сотрудник внутреннего клининга;визуальный контроль/сотрудник отдела качества
104;Инвентарь, посуда и т.д.;мусаты;мусаты;мусаты;;0;239;;;мойка;;;;;18-20 °C;;промаркированный;после каждого использования;сотрудник внутреннего клининга;визуальный контроль, химический контроль, микробиологический контроль /сотрудник отдела качества
104;Инвентарь, посуда и т.д.;мусаты;мусаты;мусаты;;0;240;;;дезинфекция;;;;;18-20 °C;20 мин;промаркированный;после каждого использования;сотрудник внутреннего клининга;визуальный контроль, химический контроль, микробиологический контроль /сотрудник отдела качества
105;Инвентарь, посуда и т.д.;ножи;ножи разделочные;ножи разделочные;;0;241;;;мойка;;;;;18-20 °C;15 мин;промаркированный;после каждого использования;сотрудник внутреннего клининга;визуальный контроль, химический контроль, микробиологический контроль /сотрудник отдела качества
105;Инвентарь, посуда и т.д.;ножи;ножи разделочные;ножи разделочные;;0;242;;;дезинфекция;;;;;18-20 °C;20 мин;промаркированный;после каждого использования;сотрудник внутреннего клининга;визуальный контроль, химический контроль, микробиологический контроль /сотрудник отдела качества
106;Инвентарь, посуда и т.д.;оборотная тара;оборотная тара;оборотная тара;;0;243;;;мойка;;;;;18-20 °C;;промаркированный;1 раз в смены;сотрудник внутреннего клининга;визуальный контроль, химический контроль, микробиологический контроль /сотрудник отдела качества
106;Инвентарь, посуда и т.д.;оборотная тара;оборотная тара;оборотная тара;;0;244;;;дезинфекция;;;;;18-20 °C;20 мин;промаркированный;1 раз в смены;сотрудник внутреннего клининга;визуальный контроль, химический контроль, микробиологический контроль /сотрудник отдела качества
107;Инвентарь, посуда и т.д.;отсадочные мешки;отсадочные мешки;отсадочные мешки;;0;245;;;мойка;;;;;18-20 °C;;промаркированный;после каждого использования;сотрудник внутреннего клининга;визуальный контроль, химический контроль, микробиологический контроль /сотрудник отдела качества
107;Инвентарь, посуда и т.д.;отсадочные мешки;отсадочные мешки;отсадочные мешки;;0;246;;;дезинфекция;;;;;18-20 °C;20 мин;промаркированный;после каждого использования;сотрудник внутреннего клининга;визуальный контроль, химический контроль, микробиологический контроль /сотрудник отдела качества
108;Инвентарь, посуда и т.д.;передвижные ёмкости;передвижные ёмкости;передвижные ёмкости;;0;247;;;мойка;;;;;18-20 °C;;промаркированный;1 раз в смены;сотрудник внутреннего клининга;визуальный контроль, химический контроль, микробиологический контроль /сотрудник отдела качества
108;Инвентарь, посуда и т.д.;передвижные ёмкости;передвижные ёмкости;передвижные ёмкости;;0;248;;;дезинфекция;;;;;18-20 °C;20 мин;промаркированный;1 раз в смены;сотрудник внутреннего клининга;визуальный контроль, химический контроль, микробиологический контроль /сотрудник отдела качества
109;Инвентарь, посуда и т.д.;посуда;посуда;посуда;;0;249;;;мойка;;;;;18-20 °C;;промаркированный;после каждого использования;сотрудник внутреннего клининга;визуальный контроль, химический контроль, микробиологический контроль /сотрудник отдела качества
109;Инвентарь, посуда и т.д.;посуда;посуда;посуда;;0;250;;;дезинфекция;;;;;18-20 °C;20 мин;промаркированный;после каждого использования;сотрудник внутреннего клининга;визуальный контроль, химический контроль, микробиологический контроль /сотрудник отдела качества
110;Инвентарь, посуда и т.д.;расстоечные термочехлы;расстоечные термочехлы;расстоечные термочехлы;;0;251;;;мойка;;;;;18-20 °C;;промаркированный;1 раз в смены;сотрудник внутреннего клининга;визуальный контроль, химический контроль, микробиологический контроль /сотрудник отдела качества
110;Инвентарь, посуда и т.д.;расстоечные термочехлы;расстоечные термочехлы;расстоечные термочехлы;;0;252;;;дезинфекция;;;;;18-20 °C;20 мин;промаркированный;1 раз в смены;сотрудник внутреннего клининга;визуальный контроль, химический контроль, микробиологический контроль /сотрудник отдела качества
111;Инвентарь, посуда и т.д.;секачи;секачи;секачи;;0;253;;;мойка;;;;;18-20 °C;15 мин;промаркированный;после каждого использования;сотрудник внутреннего клининга;визуальный контроль, химический контроль, микробиологический контроль /сотрудник отдела качества
111;Инвентарь, посуда и т.д.;секачи;секачи;секачи;;0;254;;;дезинфекция;;;;;18-20 °C;20 мин;промаркированный;после каждого использования;сотрудник внутреннего клининга;визуальный контроль, химический контроль, микробиологический контроль /сотрудник отдела качества
112;Инвентарь, посуда и т.д.;силапеновые коврики;силапеновые коврики;силапеновые коврики;;0;255;;;мойка;;;;;не ниже 40°C;;промаркированный;после каждого использования;сотрудник внутреннего клининга;визуальный контроль, химический контроль, микробиологический контроль /сотрудник отдела качества
112;Инвентарь, посуда и т.д.;силапеновые коврики;силапеновые коврики;силапеновые коврики;;0;256;;;дезинфекция;;;;;18-20 °C;20 мин;промаркированный;после каждого использования;сотрудник внутреннего клининга;визуальный контроль, химический контроль, микробиологический контроль /сотрудник отдела качества
113;Инвентарь, посуда и т.д.;съёмные детали оборудования а;съёмные детали оборудования алюминиевые;съёмные детали оборудования;А;0;257;;;мойка;;;;;не ниже 40°C;;промаркированный;после каждого использования;сотрудник внутреннего клининга;визуальный контроль, химический контроль, микробиологический контроль /сотрудник отдела качества
113;Инвентарь, посуда и т.д.;съёмные детали оборудования а;съёмные детали оборудования алюминиевые;съёмные детали оборудования;А;0;258;;;дезинфекция;;;;;18-20 °C;20 мин;промаркированный;после каждого использования;сотрудник внутреннего клининга;визуальный контроль, химический контроль, микробиологический контроль /сотрудник отдела качества
114;Инвентарь, посуда и т.д.;съёмные детали оборудования н;съёмные детали оборудования из нержавеющей стали;съёмные детали оборудования;Н;0;259;;;мойка;;;;;не ниже 40°C;;промаркированный;после каждого использования;сотрудник внутреннего клининга;визуальный контроль, химический контроль, микробиологический контроль /сотрудник отдела качества
114;Инвентарь, посуда и т.д.;съёмные детали оборудования н;съёмные детали оборудования из нержавеющей стали;съёмные детали оборудования;Н;0;260;;;дезинфекция;;;;;18-20 °C;20 мин;промаркированный;после каждого использования;сотрудник внутреннего клининга;визуальный контроль, химический контроль, микробиологический контроль /сотрудник отдела качества
115;Инвентарь, посуда и т.д.;тележки;тележки;тележки;;0;261;;;мойка;;;;;18-20 °C;;промаркированный;1 раз в неделю;сотрудник внутреннего клининга;визуальный контроль/сотрудник отдела качества
115;Инвентарь, посуда и т.д.;тележки;тележки;тележки;;0;262;;;дезинфекция;;;;;18-20 °C;20 мин;промаркированный;1 раз в неделю;сотрудник внутреннего клининга;визуальный контроль/сотрудник отдела качества
116;Инвентарь, посуда и т.д.;тележки подкатные;тележки подкатные;тележки подкатные;;0;263;;;мойка;;;;;18-20 °C;;промаркированный;1 раз в неделю;сотрудник внутреннего клининга;визуальный контроль/сотрудник отдела качества
116;Инвентарь, посуда и т.д.;тележки подкатные;тележки подкатные;тележки подкатные;;0;264;;;дезинфекция;;;;;18-20 °C;20 мин;промаркированный;1 раз в неделю;сотрудник внутреннего клининга;визуальный контроль/сотрудник отдела качества
117;Инвентарь, посуда и т.д.;формы для выпечки а;формы для выпечки алюминиевые;формы для выпечки;А;0;265;;;мойка;;;;;не ниже 40°C;;промаркированный;после каждого использования;сотрудник внутреннего клининга;визуальный контроль, химический контроль, микробиологический контроль /сотрудник отдела качества
117;Инвентарь, посуда и т.д.;формы для выпечки а;формы для выпечки алюминиевые;формы для выпечки;А;0;266;;;дезинфекция;;;;;18-20 °C;20 мин;промаркированный;после каждого использования;сотрудник внутреннего клининга;визуальный контроль, химический контроль, микробиологический контроль /сотрудник отдела качества
118;Инвентарь, посуда и т.д.;формы для выпечки н;формы для выпечки из нержавеющей стали;формы для выпечки;Н;0;267;;;мойка;;;;;не ниже 40°C;;промаркированный;после каждого использования;сотрудник внутреннего клининга;визуальный контроль, химический контроль, микробиологический контроль /сотрудник отдела качества
118;Инвентарь, посуда и т.д.;формы для выпечки н;формы для выпечки из нержавеющей стали;формы для выпечки;Н;0;268;;;дезинфекция;;;;;18-20 °C;20 мин;промаркированный;после каждого использования;сотрудник внутреннего клининга;визуальный контроль, химический контроль, микробиологический контроль /сотрудник отдела качества
119;Инвентарь, посуда и т.д.;формы для выпечки с;формы для выпечки силиконовые;формы для выпечки;С;0;269;;;мойка;;;;;не ниже 40°C;;промаркированный;после каждого использования;сотрудник внутреннего клининга;визуальный контроль, химический контроль, микробиологический контроль /сотрудник отдела качества
119;Инвентарь, посуда и т.д.;формы для выпечки с;формы для выпечки силиконовые;формы для выпечки;С;0;270;;;дезинфекция;;;;;18-20 °C;20 мин;промаркированный;после каждого использования;сотрудник внутреннего клининга;визуальный контроль, химический контроль, микробиологический контроль /сотрудник отдела качества
120;Инвентарь, посуда и т.д.;шампура;шампуры;шампуры;;0;271;;;мойка;;;;;не ниже 40°C;;промаркированный;после каждого использования;сотрудник внутреннего клининга;визуальный контроль, химический контроль, микробиологический контроль /сотрудник отдела качества
120;Инвентарь, посуда и т.д.;шампура;шампуры;шампуры;;0;272;;;дезинфекция;;;;;18-20 °C;20 мин;промаркированный;после каждого использования;сотрудник внутреннего клининга;визуальный контроль, химический контроль, микробиологический контроль /сотрудник отдела качества
121;Инвентарь, посуда и т.д.;шпильки;шпильки;шпильки;;0;273;;;мойка;;;;;18-20 °C;;промаркированный;1 раз в неделю;сотрудник внутреннего клининга;визуальный контроль/сотрудник отдела качества
121;Инвентарь, посуда и т.д.;шпильки;шпильки;шпильки;;0;274;;;дезинфекция;;;;;18-20 °C;20 мин;промаркированный;1 раз в неделю;сотрудник внутреннего клининга;визуальный контроль/сотрудник отдела качества
122;Инвентарь, посуда и т.д.;ёмкости для перетаривания;ёмкости для перетаривания;ёмкости для перетаривания;;0;275;;;мойка;;;;;18-20 °C;;промаркированный;1 раз в неделю;сотрудник внутреннего клининга;визуальный контроль/сотрудник отдела качества
122;Инвентарь, посуда и т.д.;ёмкости для перетаривания;ёмкости для перетаривания;ёмкости для перетаривания;;0;276;;;дезинфекция;;;;;18-20 °C;20 мин;промаркированный;1 раз в неделю;сотрудник внутреннего клининга;визуальный контроль/сотрудник отдела качества
123;Инвентарь, посуда и т.д.;ёмкости для сыпучих продуктов;ёмкости для сыпучих продуктов;ёмкости для сыпучих продуктов;;0;277;;;мойка;;;;;18-20 °C;;промаркированный;1 раз в неделю;сотрудник внутреннего клининга;визуальный контроль/сотрудник отдела качества
123;Инвентарь, посуда и т.д.;ёмкости для сыпучих продуктов;ёмкости для сыпучих продуктов;ёмкости для сыпучих продуктов;;0;278;;;дезинфекция;;;;;18-20 °C;20 мин;промаркированный;1 раз в неделю;сотрудник внутреннего клининга;визуальный контроль/сотрудник отдела качества
124;Моечный, уборочный инвентарь и оборудование;авд;АВД;АВД;;0;279;;;мойка;;;;;не ниже 40°C;;промаркированный;1 раз в смену;сотрудник внутреннего клининга;визуальный контроль/сотрудник отдела качества
124;Моечный, уборочный инвентарь и оборудование;авд;АВД;АВД;;0;280;;;дезинфекция;;;;;18-20 ºС;30 мин;промаркированный;1 раз в смену;сотрудник внутреннего клининга;визуальный контроль/сотрудник отдела качества
125;Моечный, уборочный инвентарь и оборудование;ведра;ведра;ведра;;0;281;;;мойка;;;;;не ниже 40°C;;промаркированный;1 раз в смену;сотрудник внутреннего клининга;визуальный контроль/сотрудник отдела качества
125;Моечный, уборочный инвентарь и оборудование;ведра;ведра;ведра;;0;282;;;дезинфекция;;;;;18-20 ºС;30 мин;промаркированный;1 раз в смену;сотрудник внутреннего клининга;визуальный контроль/сотрудник отдела качества
126;Моечный, уборочный инвентарь и оборудование;ветошь;ветошь;ветошь;;0;283;;;мойка;;;;;не ниже 40 °C;1 минута;промаркированный;после каждого использования;сотрудник внутреннего клининга;визуальный контроль/сотрудник отдела качества
126;Моечный, уборочный инвентарь и оборудование;ветошь;ветошь;ветошь;;0;284;;;дезинфекция;;;;;18-20 ºС;30 мин;промаркированный;после каждого использования;сотрудник внутреннего клининга;визуальный контроль/сотрудник отдела качества
127;Моечный, уборочный инвентарь и оборудование;мопы;мопы;мопы;;0;285;;;мойка;;;;;не ниже 40 °C;1 минута;промаркированный;после каждого использования;сотрудник внутреннего клининга;визуальный контроль/сотрудник отдела качества
127;Моечный, уборочный инвентарь и оборудование;мопы;мопы;мопы;;0;286;;;дезинфекция;;;;;18-20 ºС;30 мин;промаркированный;после каждого использования;сотрудник внутреннего клининга;визуальный контроль/сотрудник отдела качества
128;Моечный, уборочный инвентарь и оборудование;поломоечная машина;поломоечная машина;поломоечная машина;;0;287;;;мойка;;;;;не ниже 40°C;;промаркированный;1 раз в смену;сотрудник внутреннего клининга;визуальный контроль/сотрудник отдела качества
128;Моечный, уборочный инвентарь и оборудование;поломоечная машина;поломоечная машина;поломоечная машина;;0;288;;;дезинфекция;;;;;18-20 ºС;30 мин;промаркированный;1 раз в смену;сотрудник внутреннего клининга;визуальный контроль/сотрудник отдела качества
129;Моечный, уборочный инвентарь и оборудование;пылесосы;пылесос;пылесос;;0;289;;;мойка;;;;;не ниже 40°C;;промаркированный;1 раз в смену;сотрудник внутреннего клининга;визуальный контроль/сотрудник отдела качества
129;Моечный, уборочный инвентарь и оборудование;пылесосы;пылесос;пылесос;;0;290;;;дезинфекция;;;;;18-20 ºС;30 мин;промаркированный;1 раз в смену;сотрудник внутреннего клининга;визуальный контроль/сотрудник отдела качества
130;Моечный, уборочный инвентарь и оборудование;сгоны;сгоны для воды;сгоны для воды;;0;291;;;мойка;;;;;не ниже 40°C;;промаркированный;1 раз в смену;сотрудник внутреннего клининга;визуальный контроль/сотрудник отдела качества
130;Моечный, уборочный инвентарь и оборудование;сгоны;сгоны для воды;сгоны для воды;;0;292;;;дезинфекция;;;;;18-20 ºС;30 мин;промаркированный;1 раз в смену;сотрудник внутреннего клининга;визуальный контроль/сотрудник отдела качества
131;Моечный, уборочный инвентарь и оборудование;тележки уборочные;тележки уборочные;тележки уборочные;;0;293;;;мойка;;;;;не ниже 40°C;;промаркированный;1 раз в смену;сотрудник внутреннего клининга;визуальный контроль/сотрудник отдела качества
131;Моечный, уборочный инвентарь и оборудование;тележки уборочные;тележки уборочные;тележки уборочные;;0;294;;;дезинфекция;;;;;18-20 ºС;30 мин;промаркированный;1 раз в смену;сотрудник внутреннего клининга;визуальный контроль/сотрудник отдела качества
132;Моечный, уборочный инвентарь и оборудование;щётки;щётки;щётки;;0;295;;;мойка;;;;;не ниже 40°C;;промаркированный;1 раз в смену;сотрудник внутреннего клининга;визуальный контроль/сотрудник отдела качества
132;Моечный, уборочный инвентарь и оборудование;щётки;щётки;щётки;;0;296;;;дезинфекция;;;;;18-20 ºС;30 мин;промаркированный;1 раз в смену;сотрудник внутреннего клининга;визуальный контроль/сотрудник отдела качества
133;Посудомоечное оборудование;пмм купольная;посудомоечная машина купольная;посудомоечная машина;купольная;0;297;;;мойка;;;;;не ниже 40°C;;промаркированный;1 раз в смену;сотрудник внутреннего клининга;визуальный контроль/сотрудник отдела качества
133;Посудомоечное оборудование;пмм купольная;посудомоечная машина купольная;посудомоечная машина;купольная;0;298;;;дезинфекция;;;;;18-20 ºС;30 мин;промаркированный;1 раз в смену;сотрудник внутреннего клининга;визуальный контроль/сотрудник отдела качества
134;Посудомоечное оборудование;пмм туннельная;посудомоечная машина туннельная;посудомоечная машина;туннельная;0;299;;;мойка;;;;;не ниже 40°C;;промаркированный;1 раз в смену;сотрудник внутреннего клининга;визуальный контроль/сотрудник отдела качества
134;Посудомоечное оборудование;пмм туннельная;посудомоечная машина туннельная;посудомоечная машина;туннельная;0;300;;;дезинфекция;;;;;18-20 ºС;30 мин;промаркированный;1 раз в смену;сотрудник внутреннего клининга;визуальный контроль/сотрудник отдела качества
135;Посудомоечное оборудование;таромоечная машина;таромоечная машина;таромоечная машина;;0;301;;;мойка;;;;;не ниже 40°C;;промаркированный;1 раз в смену;сотрудник внутреннего клининга;визуальный контроль/сотрудник отдела качества
135;Посудомоечное оборудование;таромоечная машина;таромоечная машина;таромоечная машина;;0;302;;;дезинфекция;;;;;18-20 ºС;30 мин;промаркированный;1 раз в смену;сотрудник внутреннего клининга;визуальный контроль/сотрудник отдела качества
136;Холодильное оборудование;холодильная витрина;Холодильная витрина;Холодильная витрина;;0;;;;;;;;;;;;;;
137;Холодильное оборудование;камеры мороз;камеры морозильные;камеры морозильные;;0;303;;;мойка;;;;;18-20 °C;;промаркированный;1 раз в 3 месяца;сотрудник внутреннего клининга;визуальный контроль/сотрудник отдела качества
137;Холодильное оборудование;камеры мороз;камеры морозильные;камеры морозильные;;0;304;;;дезинфекция;;;;;18-20 °C;20 мин;промаркированный;1 раз в 3 месяца;сотрудник внутреннего клининга;визуальный контроль/сотрудник отдела качества
138;Холодильное оборудование;камеры холод;камеры холодильные;камеры холодильные;;0;305;;;мойка;;;;;18-20 °C;;промаркированный;1 раз в 3 месяца;сотрудник внутреннего клининга;визуальный контроль/сотрудник отдела качества
138;Холодильное оборудование;камеры холод;камеры холодильные;камеры холодильные;;0;306;;;дезинфекция;;;;;18-20 °C;20 мин;промаркированный;1 раз в 3 месяца;сотрудник внутреннего клининга;визуальный контроль/сотрудник отдела качества
139;Холодильное оборудование;камеры шок замор;камеры шоковой заморозки;камеры шоковой заморозки;;0;307;;;мойка;;;;;18-20 °C;;промаркированный;1 раз в 3 месяца;сотрудник внутреннего клининга;визуальный контроль/сотрудник отдела качества
139;Холодильное оборудование;камеры шок замор;камеры шоковой заморозки;камеры шоковой заморозки;;0;308;;;дезинфекция;;;;;18-20 °C;20 мин;промаркированный;1 раз в 3 месяца;сотрудник внутреннего клининга;визуальный контроль/сотрудник отдела качества
140;Холодильное оборудование;ледогенератор;ледогенератор;ледогенератор;;0;309;;;мойка;;;;;18-20 °C;;промаркированный;1 раз в 3 месяца;сотрудник внутреннего клининга;визуальный контроль/сотрудник отдела качества
140;Холодильное оборудование;ледогенератор;ледогенератор;ледогенератор;;0;310;;;дезинфекция;;;;;18-20 °C;20 мин;промаркированный;1 раз в 3 месяца;сотрудник внутреннего клининга;визуальный контроль/сотрудник отдела качества
141;Холодильное оборудование;морозильный ларь;морозильный ларь;морозильный ларь;;0;311;;;мойка;;;;;18-20 °C;;промаркированный;1 раз в 3 месяца;сотрудник внутреннего клининга;визуальный контроль/сотрудник отдела качества
141;Холодильное оборудование;морозильный ларь;морозильный ларь;морозильный ларь;;0;312;;;дезинфекция;;;;;18-20 °C;20 мин;промаркированный;1 раз в 3 месяца;сотрудник внутреннего клининга;визуальный контроль/сотрудник отдела качества
142;Холодильное оборудование;холод столы;холодильные столы;холодильные столы;;0;313;;;мойка;;;;;18-20 °C;;промаркированный;1 раз в неделю;сотрудник внутреннего клининга;визуальный контроль/сотрудник отдела качества
142;Холодильное оборудование;холод столы;холодильные столы;холодильные столы;;0;314;;;дезинфекция;;;;;18-20 °C;20 мин;промаркированный;1 раз в неделю;сотрудник внутреннего клининга;визуальный контроль/сотрудник отдела качества
143;Холодильное оборудование;холод шкафы;холодильные шкафы;холодильные шкафы;;0;315;;;мойка;;;;;18-20 °C;;промаркированный;1 раз в неделю;сотрудник внутреннего клининга;визуальный контроль/сотрудник отдела качества
143;Холодильное оборудование;холод шкафы;холодильные шкафы;холодильные шкафы;;0;316;;;дезинфекция;;;;;18-20 °C;20 мин;промаркированный;1 раз в неделю;сотрудник внутреннего клининга;визуальный контроль/сотрудник отдела качества
144;Тепловое оборудование;варочные котлы;варочные котлы;варочные котлы;;0;317;;;мойка;;;;;18-20 °C;;промаркированный;1 раз в смену;сотрудник производства;визуальный контроль, химический контроль, микробиологический контроль /сотрудник отдела качества
144;Тепловое оборудование;варочные котлы;варочные котлы;варочные котлы;;0;318;;;дезинфекция;;;;;18-20 °C;20 мин;промаркированный;1 раз в смену;сотрудник производства;визуальный контроль, химический контроль, микробиологический контроль /сотрудник отдела качества
145;Тепловое оборудование;вафельницы;вафельницы;вафельницы;;0;319;;;мойка;;;;;18-20 °C;;промаркированный;1 раз в смену;сотрудник производства;визуальный контроль, химический контроль, микробиологический контроль /сотрудник отдела качества
145;Тепловое оборудование;вафельницы;вафельницы;вафельницы;;0;320;;;дезинфекция;;;;;18-20 °C;20 мин;промаркированный;1 раз в смену;сотрудник производства;визуальный контроль, химический контроль, микробиологический контроль /сотрудник отдела качества
146;Тепловое оборудование;грили;грили;грили;;0;321;;;мойка;;;;;18-20 °C;;промаркированный;1 раз в смену;сотрудник производства;визуальный контроль, химический контроль, микробиологический контроль /сотрудник отдела качества
146;Тепловое оборудование;грили;грили;грили;;0;322;;;дезинфекция;;;;;18-20 °C;20 мин;промаркированный;1 раз в смену;сотрудник производства;визуальный контроль, химический контроль, микробиологический контроль /сотрудник отдела качества
147;Тепловое оборудование;пароконвектоматы;пароконвектоматы;пароконвектоматы;;0;323;;;мойка;;;;;18-20 °C;;промаркированный;1 раз в смену;сотрудник производства;визуальный контроль, химический контроль, микробиологический контроль /сотрудник отдела качества
147;Тепловое оборудование;пароконвектоматы;пароконвектоматы;пароконвектоматы;;0;324;;;дезинфекция;;;;;18-20 °C;20 мин;промаркированный;1 раз в смену;сотрудник производства;визуальный контроль, химический контроль, микробиологический контроль /сотрудник отдела качества
148;Тепловое оборудование;печи подовые;печи подовые;печи подовые;;0;325;;;мойка;;;;;18-20 °C;;промаркированный;1 раз в смену;сотрудник производства;визуальный контроль, химический контроль, микробиологический контроль /сотрудник отдела качества
148;Тепловое оборудование;печи подовые;печи подовые;печи подовые;;0;326;;;дезинфекция;;;;;18-20 °C;20 мин;промаркированный;1 раз в смену;сотрудник производства;визуальный контроль, химический контроль, микробиологический контроль /сотрудник отдела качества
149;Тепловое оборудование;печи ротационные;печи ротационные;печи ротационные;;0;327;;;мойка;;;;;18-20 °C;;промаркированный;1 раз в смену;сотрудник производства;визуальный контроль, химический контроль, микробиологический контроль /сотрудник отдела качества
149;Тепловое оборудование;печи ротационные;печи ротационные;печи ротационные;;0;328;;;дезинфекция;;;;;18-20 °C;20 мин;промаркированный;1 раз в смену;сотрудник производства;визуальный контроль, химический контроль, микробиологический контроль /сотрудник отдела качества
150;Тепловое оборудование;плиты газ;плиты газовые;плиты газовые;;0;329;;;мойка;;;;;18-20 °C;;промаркированный;1 раз в смену;сотрудник производства;визуальный контроль, химический контроль, микробиологический контроль /сотрудник отдела качества
150;Тепловое оборудование;плиты газ;плиты газовые;плиты газовые;;0;330;;;дезинфекция;;;;;18-20 °C;20 мин;промаркированный;1 раз в смену;сотрудник производства;визуальный контроль, химический контроль, микробиологический контроль /сотрудник отдела качества
151;Тепловое оборудование;плиты индук;плиты индукционные;плиты индукционные;;0;331;;;мойка;;;;;18-20 °C;;промаркированный;1 раз в смену;сотрудник производства;визуальный контроль, химический контроль, микробиологический контроль /сотрудник отдела качества
151;Тепловое оборудование;плиты индук;плиты индукционные;плиты индукционные;;0;332;;;дезинфекция;;;;;18-20 °C;20 мин;промаркированный;1 раз в смену;сотрудник производства;визуальный контроль, химический контроль, микробиологический контроль /сотрудник отдела качества
152;Тепловое оборудование;плиты элек;плиты электрические;плиты электрические;;0;333;;;мойка;;;;;18-20 °C;;промаркированный;1 раз в смену;сотрудник производства;визуальный контроль, химический контроль, микробиологический контроль /сотрудник отдела качества
152;Тепловое оборудование;плиты элек;плиты электрические;плиты электрические;;0;334;;;дезинфекция;;;;;18-20 °C;20 мин;промаркированный;1 раз в смену;сотрудник производства;визуальный контроль, химический контроль, микробиологический контроль /сотрудник отдела качества
153;Тепловое оборудование;расстоечные шкафы;расстоечные шкафы;расстоечные шкафы;;0;335;;;мойка;;;;;18-20 °C;;промаркированный;1 раз в смену;сотрудник производства;визуальный контроль, химический контроль, микробиологический контроль /сотрудник отдела качества
153;Тепловое оборудование;расстоечные шкафы;расстоечные шкафы;расстоечные шкафы;;0;336;;;дезинфекция;;;;;18-20 °C;20 мин;промаркированный;1 раз в смену;сотрудник производства;визуальный контроль, химический контроль, микробиологический контроль /сотрудник отдела качества
154;Тепловое оборудование;сковороды;сковороды;сковороды;;0;337;;;мойка;;;;;18-20 °C;;промаркированный;1 раз в смену;сотрудник производства;визуальный контроль, химический контроль, микробиологический контроль /сотрудник отдела качества
154;Тепловое оборудование;сковороды;сковороды;сковороды;;0;338;;;дезинфекция;;;;;18-20 °C;20 мин;промаркированный;1 раз в смену;сотрудник производства;визуальный контроль, химический контроль, микробиологический контроль /сотрудник отдела качества
155;Тепловое оборудование;фритюры;фритюры;фритюры;;0;339;;;мойка;;;;;18-20 °C;;промаркированный;1 раз в смену;сотрудник производства;визуальный контроль, химический контроль, микробиологический контроль /сотрудник отдела качества
155;Тепловое оборудование;фритюры;фритюры;фритюры;;0;340;;;дезинфекция;;;;;18-20 °C;20 мин;промаркированный;1 раз в смену;сотрудник производства;визуальный контроль, химический контроль, микробиологический контроль /сотрудник отдела качества
156;Технологическое оборудование;прибор кисл теста;Прибор для определения кислотности теста;Прибор для определения кислотности теста;;0;;;;;;;;;;;;;;
157;Технологическое оборудование;бисквиторезки;бисквиторезки;бисквиторезки;;0;341;;;мойка;;;;;18-20 °C;;промаркированный;1 раз в смену;сотрудник производства;визуальный контроль, химический контроль, микробиологический контроль /сотрудник отдела качества
157;Технологическое оборудование;бисквиторезки;бисквиторезки;бисквиторезки;;0;342;;;дезинфекция;;;;;18-20 °C;20 мин;промаркированный;1 раз в смену;сотрудник производства;визуальный контроль, химический контроль, микробиологический контроль /сотрудник отдела качества
158;Технологическое оборудование;блендеры;блендеры;блендеры;;0;343;;;мойка;;;;;18-20 °C;;промаркированный;1 раз в смену;сотрудник производства;визуальный контроль, химический контроль, микробиологический контроль /сотрудник отдела качества
158;Технологическое оборудование;блендеры;блендеры;блендеры;;0;344;;;дезинфекция;;;;;18-20 °C;20 мин;промаркированный;1 раз в смену;сотрудник производства;визуальный контроль, химический контроль, микробиологический контроль /сотрудник отдела качества
159;Технологическое оборудование;вакуумные роторные шприцы;вакуумные роторные шприцы;вакуумные роторные шприцы;;0;345;;;мойка;;;;;18-20 °C;;промаркированный;1 раз в смену;сотрудник производства;визуальный контроль, химический контроль, микробиологический контроль /сотрудник отдела качества
159;Технологическое оборудование;вакуумные роторные шприцы;вакуумные роторные шприцы;вакуумные роторные шприцы;;0;346;;;дезинфекция;;;;;18-20 °C;20 мин;промаркированный;1 раз в смену;сотрудник производства;визуальный контроль, химический контроль, микробиологический контроль /сотрудник отдела качества
160;Технологическое оборудование;весы напольные;весы напольные;весы напольные;;0;347;;;мойка;;;;;18-20 °C;;промаркированный;1 раз в смену;сотрудник производства;визуальный контроль, химический контроль, микробиологический контроль /сотрудник отдела качества
160;Технологическое оборудование;весы напольные;весы напольные;весы напольные;;0;348;;;дезинфекция;;;;;18-20 °C;20 мин;промаркированный;1 раз в смену;сотрудник производства;визуальный контроль, химический контроль, микробиологический контроль /сотрудник отдела качества
161;Технологическое оборудование;весы настольные;весы настольные;весы настольные;;0;349;;;мойка;;;;;18-20 °C;;промаркированный;1 раз в смену;сотрудник производства;визуальный контроль, химический контроль, микробиологический контроль /сотрудник отдела качества
161;Технологическое оборудование;весы настольные;весы настольные;весы настольные;;0;350;;;дезинфекция;;;;;18-20 °C;20 мин;промаркированный;1 раз в смену;сотрудник производства;визуальный контроль, химический контроль, микробиологический контроль /сотрудник отдела качества
162;Технологическое оборудование;водяные бани;водяные бани;водяные бани;;0;351;;;мойка;;;;;18-20 °C;;промаркированный;1 раз в смену;сотрудник производства;визуальный контроль, химический контроль, микробиологический контроль /сотрудник отдела качества
162;Технологическое оборудование;водяные бани;водяные бани;водяные бани;;0;352;;;дезинфекция;;;;;18-20 °C;20 мин;промаркированный;1 раз в смену;сотрудник производства;визуальный контроль, химический контроль, микробиологический контроль /сотрудник отдела качества
163;Технологическое оборудование;депозитор волюметрический;депозитор волюметрический;депозитор волюметрический;;0;353;;;мойка;;;;;18-20 °C;;промаркированный;1 раз в смену;сотрудник производства;визуальный контроль, химический контроль, микробиологический контроль /сотрудник отдела качества
163;Технологическое оборудование;депозитор волюметрический;депозитор волюметрический;депозитор волюметрический;;0;354;;;дезинфекция;;;;;18-20 °C;20 мин;промаркированный;1 раз в смену;сотрудник производства;визуальный контроль, химический контроль, микробиологический контроль /сотрудник отдела качества
164;Технологическое оборудование;дозатор для геля (пульверизатор);дозатор для геля (пульверизатор);дозатор для геля (пульверизатор);;0;355;;;мойка;;;;;18-20 °C;;промаркированный;1 раз в смену;сотрудник производства;визуальный контроль, химический контроль, микробиологический контроль /сотрудник отдела качества
164;Технологическое оборудование;дозатор для геля (пульверизатор);дозатор для геля (пульверизатор);дозатор для геля (пульверизатор);;0;356;;;дезинфекция;;;;;18-20 °C;20 мин;промаркированный;1 раз в смену;сотрудник производства;визуальный контроль, химический контроль, микробиологический контроль /сотрудник отдела качества
165;Технологическое оборудование;дозаторы для жидкостей;дозаторы для жидкостей;дозаторы для жидкостей;;0;357;;;мойка;;;;;18-20 °C;;промаркированный;1 раз в смену;сотрудник производства;визуальный контроль, химический контроль, микробиологический контроль /сотрудник отдела качества
165;Технологическое оборудование;дозаторы для жидкостей;дозаторы для жидкостей;дозаторы для жидкостей;;0;358;;;дезинфекция;;;;;18-20 °C;20 мин;промаркированный;1 раз в смену;сотрудник производства;визуальный контроль, химический контроль, микробиологический контроль /сотрудник отдела качества
166;Технологическое оборудование;дробилки;дробилки;дробилки;;0;359;;;мойка;;;;;18-20 °C;;промаркированный;1 раз в смену;сотрудник производства;визуальный контроль, химический контроль, микробиологический контроль /сотрудник отдела качества
166;Технологическое оборудование;дробилки;дробилки;дробилки;;0;360;;;дезинфекция;;;;;18-20 °C;20 мин;промаркированный;1 раз в смену;сотрудник производства;визуальный контроль, химический контроль, микробиологический контроль /сотрудник отдела качества
167;Технологическое оборудование;измельчители;измельчители;измельчители;;0;361;;;мойка;;;;;18-20 °C;;промаркированный;1 раз в смену;сотрудник производства;визуальный контроль, химический контроль, микробиологический контроль /сотрудник отдела качества
167;Технологическое оборудование;измельчители;измельчители;измельчители;;0;362;;;дезинфекция;;;;;18-20 °C;20 мин;промаркированный;1 раз в смену;сотрудник производства;визуальный контроль, химический контроль, микробиологический контроль /сотрудник отдела качества
168;Технологическое оборудование;картофелечистки;картофелечистки;картофелечистки;;0;363;;;мойка;;;;;18-20 °C;;промаркированный;1 раз в смену;сотрудник производства;визуальный контроль, химический контроль, микробиологический контроль /сотрудник отдела качества
168;Технологическое оборудование;картофелечистки;картофелечистки;картофелечистки;;0;364;;;дезинфекция;;;;;18-20 °C;20 мин;промаркированный;1 раз в смену;сотрудник производства;визуальный контроль, химический контроль, микробиологический контроль /сотрудник отдела качества
169;Технологическое оборудование;машина для резки конд изделий;машина для резки кондитерских изделий;машина для резки кондитерских изделий;;0;365;;;мойка;;;;;18-20 °C;;промаркированный;1 раз в смену;сотрудник производства;визуальный контроль, химический контроль, микробиологический контроль /сотрудник отдела качества
169;Технологическое оборудование;машина для резки конд изделий;машина для резки кондитерских изделий;машина для резки кондитерских изделий;;0;366;;;дезинфекция;;;;;18-20 °C;20 мин;промаркированный;1 раз в смену;сотрудник производства;визуальный контроль, химический контроль, микробиологический контроль /сотрудник отдела качества
170;Технологическое оборудование;металлодетектор;металлодетектор;металлодетектор;;0;367;;;мойка;;;;;18-20 °C;;промаркированный;1 раз в смену;сотрудник производства;визуальный контроль, химический контроль, микробиологический контроль /сотрудник отдела качества
170;Технологическое оборудование;металлодетектор;металлодетектор;металлодетектор;;0;368;;;дезинфекция;;;;;18-20 °C;20 мин;промаркированный;1 раз в смену;сотрудник производства;визуальный контроль, химический контроль, микробиологический контроль /сотрудник отдела качества
171;Технологическое оборудование;миксеры планетарные;миксеры планетарные;миксеры планетарные;;0;369;;;мойка;;;;;18-20 °C;;промаркированный;1 раз в смену;сотрудник производства;визуальный контроль, химический контроль, микробиологический контроль /сотрудник отдела качества
171;Технологическое оборудование;миксеры планетарные;миксеры планетарные;миксеры планетарные;;0;370;;;дезинфекция;;;;;18-20 °C;20 мин;промаркированный;1 раз в смену;сотрудник производства;визуальный контроль, химический контроль, микробиологический контроль /сотрудник отдела качества
172;Технологическое оборудование;минифилы (дозаторы крема);минифилы (дозаторы крема);минифилы (дозаторы крема);;0;371;;;мойка;;;;;18-20 °C;;промаркированный;1 раз в смену;сотрудник производства;визуальный контроль, химический контроль, микробиологический контроль /сотрудник отдела качества
172;Технологическое оборудование;минифилы (дозаторы крема);минифилы (дозаторы крема);минифилы (дозаторы крема);;0;372;;;дезинфекция;;;;;18-20 °C;20 мин;промаркированный;1 раз в смену;сотрудник производства;визуальный контроль, химический контроль, микробиологический контроль /сотрудник отдела качества
173;Технологическое оборудование;овощерезки;овощерезки;овощерезки;;0;373;;;мойка;;;;;18-20 °C;;промаркированный;1 раз в смену;сотрудник производства;визуальный контроль, химический контроль, микробиологический контроль /сотрудник отдела качества
173;Технологическое оборудование;овощерезки;овощерезки;овощерезки;;0;374;;;дезинфекция;;;;;18-20 °C;20 мин;промаркированный;1 раз в смену;сотрудник производства;визуальный контроль, химический контроль, микробиологический контроль /сотрудник отдела качества
174;Технологическое оборудование;овощечистки;овощечистки;овощечистки;;0;375;;;мойка;;;;;18-20 °C;;промаркированный;1 раз в смену;сотрудник производства;визуальный контроль, химический контроль, микробиологический контроль /сотрудник отдела качества
174;Технологическое оборудование;овощечистки;овощечистки;овощечистки;;0;376;;;дезинфекция;;;;;18-20 °C;20 мин;промаркированный;1 раз в смену;сотрудник производства;визуальный контроль, химический контроль, микробиологический контроль /сотрудник отдела качества
175;Технологическое оборудование;отсадочные машины;отсадочные машины;отсадочные машины;;0;377;;;мойка;;;;;18-20 °C;;промаркированный;1 раз в смену;сотрудник производства;визуальный контроль, химический контроль, микробиологический контроль /сотрудник отдела качества
175;Технологическое оборудование;отсадочные машины;отсадочные машины;отсадочные машины;;0;378;;;дезинфекция;;;;;18-20 °C;20 мин;промаркированный;1 раз в смену;сотрудник производства;визуальный контроль, химический контроль, микробиологический контроль /сотрудник отдела качества
176;Технологическое оборудование;пневматические распылители;пневматические распылители;пневматические распылители;;0;379;;;мойка;;;;;18-20 °C;;промаркированный;1 раз в смену;сотрудник производства;визуальный контроль, химический контроль, микробиологический контроль /сотрудник отдела качества
176;Технологическое оборудование;пневматические распылители;пневматические распылители;пневматические распылители;;0;380;;;дезинфекция;;;;;18-20 °C;20 мин;промаркированный;1 раз в смену;сотрудник производства;визуальный контроль, химический контроль, микробиологический контроль /сотрудник отдела качества
177;Технологическое оборудование;прессы для теста;прессы для теста;прессы для теста;;0;381;;;мойка;;;;;18-20 °C;;промаркированный;1 раз в смену;сотрудник производства;визуальный контроль, химический контроль, микробиологический контроль /сотрудник отдела качества
177;Технологическое оборудование;прессы для теста;прессы для теста;прессы для теста;;0;382;;;дезинфекция;;;;;18-20 °C;20 мин;промаркированный;1 раз в смену;сотрудник производства;визуальный контроль, химический контроль, микробиологический контроль /сотрудник отдела качества
178;Технологическое оборудование;производственные столы д;производственные столы деревянные;производственные столы;Д;0;383;;;мойка;;;;;18-20 °C;;промаркированный;1 раз в смену;сотрудник производства;визуальный контроль, химический контроль, микробиологический контроль /сотрудник отдела качества
178;Технологическое оборудование;производственные столы д;производственные столы деревянные;производственные столы;Д;0;384;;;дезинфекция;;;;;18-20 °C;20 мин;промаркированный;1 раз в смену;сотрудник производства;визуальный контроль, химический контроль, микробиологический контроль /сотрудник отдела качества
179;Технологическое оборудование;производственные столы н;производственные столы из нержавеющий стали;производственные столы;Н;0;385;;;мойка;;;;;18-20 °C;;промаркированный;1 раз в смену;сотрудник производства;визуальный контроль, химический контроль, микробиологический контроль /сотрудник отдела качества
179;Технологическое оборудование;производственные столы н;производственные столы из нержавеющий стали;производственные столы;Н;0;386;;;дезинфекция;;;;;18-20 °C;20 мин;промаркированный;1 раз в смену;сотрудник производства;визуальный контроль, химический контроль, микробиологический контроль /сотрудник отдела качества
180;Технологическое оборудование;просеиватели мука;просеиватели для муки;просеиватели для муки;;0;387;;;мойка;;;;;18-20 °C;;промаркированный;1 раз в смену;сотрудник производства;визуальный контроль, химический контроль, микробиологический контроль /сотрудник отдела качества
180;Технологическое оборудование;просеиватели мука;просеиватели для муки;просеиватели для муки;;0;388;;;дезинфекция;;;;;18-20 °C;20 мин;промаркированный;1 раз в смену;сотрудник производства;визуальный контроль, химический контроль, микробиологический контроль /сотрудник отдела качества
181;Технологическое оборудование;просеиватели сахар;просеиватели для сахара;просеиватели для сахара;;0;389;;;мойка;;;;;18-20 °C;;промаркированный;1 раз в смену;сотрудник производства;визуальный контроль, химический контроль, микробиологический контроль /сотрудник отдела качества
181;Технологическое оборудование;просеиватели сахар;просеиватели для сахара;просеиватели для сахара;;0;390;;;дезинфекция;;;;;18-20 °C;20 мин;промаркированный;1 раз в смену;сотрудник производства;визуальный контроль, химический контроль, микробиологический контроль /сотрудник отдела качества
182;Технологическое оборудование;протирочные машины;протирочные машины;протирочные машины;;0;391;;;мойка;;;;;18-20 °C;;промаркированный;1 раз в смену;сотрудник производства;визуальный контроль, химический контроль, микробиологический контроль /сотрудник отдела качества
182;Технологическое оборудование;протирочные машины;протирочные машины;протирочные машины;;0;392;;;дезинфекция;;;;;18-20 °C;20 мин;промаркированный;1 раз в смену;сотрудник производства;визуальный контроль, химический контроль, микробиологический контроль /сотрудник отдела качества
183;Технологическое оборудование;распылители для желе и сиропов;распылители для желе и сиропов;распылители для желе и сиропов;;0;393;;;мойка;;;;;18-20 °C;;промаркированный;1 раз в смену;сотрудник производства;визуальный контроль, химический контроль, микробиологический контроль /сотрудник отдела качества
183;Технологическое оборудование;распылители для желе и сиропов;распылители для желе и сиропов;распылители для желе и сиропов;;0;394;;;дезинфекция;;;;;18-20 °C;20 мин;промаркированный;1 раз в смену;сотрудник производства;визуальный контроль, химический контроль, микробиологический контроль /сотрудник отдела качества
184;Технологическое оборудование;рентгеновские системы контроля;рентгеновские системы контроля;рентгеновские системы контроля;;0;395;;;мойка;;;;;18-20 °C;;промаркированный;1 раз в смену;сотрудник производства;визуальный контроль, химический контроль, микробиологический контроль /сотрудник отдела качества
184;Технологическое оборудование;рентгеновские системы контроля;рентгеновские системы контроля;рентгеновские системы контроля;;0;396;;;дезинфекция;;;;;18-20 °C;20 мин;промаркированный;1 раз в смену;сотрудник производства;визуальный контроль, химический контроль, микробиологический контроль /сотрудник отдела качества
185;Технологическое оборудование;слайсера;слайсеры;слайсеры;;0;397;;;мойка;;;;;18-20 °C;;промаркированный;1 раз в смену;сотрудник производства;визуальный контроль, химический контроль, микробиологический контроль /сотрудник отдела качества
185;Технологическое оборудование;слайсера;слайсеры;слайсеры;;0;398;;;дезинфекция;;;;;18-20 °C;20 мин;промаркированный;1 раз в смену;сотрудник производства;визуальный контроль, химический контроль, микробиологический контроль /сотрудник отдела качества
186;Технологическое оборудование;солодоварки;солодоварки;солодоварки;;0;399;;;мойка;;;;;18-20 °C;;промаркированный;1 раз в смену;сотрудник производства;визуальный контроль, химический контроль, микробиологический контроль /сотрудник отдела качества
186;Технологическое оборудование;солодоварки;солодоварки;солодоварки;;0;400;;;дезинфекция;;;;;18-20 °C;20 мин;промаркированный;1 раз в смену;сотрудник производства;визуальный контроль, химический контроль, микробиологический контроль /сотрудник отдела качества
187;Технологическое оборудование;тарталетницы;тарталетницы;тарталетницы;;0;401;;;мойка;;;;;18-20 °C;;промаркированный;1 раз в смену;сотрудник производства;визуальный контроль, химический контроль, микробиологический контроль /сотрудник отдела качества
187;Технологическое оборудование;тарталетницы;тарталетницы;тарталетницы;;0;402;;;дезинфекция;;;;;18-20 °C;20 мин;промаркированный;1 раз в смену;сотрудник производства;визуальный контроль, химический контроль, микробиологический контроль /сотрудник отдела качества
188;Технологическое оборудование;термощупы;термощупы;термощупы;;0;403;;;мойка;;;;;18-20 °C;;промаркированный;1 раз в смену;сотрудник производства;визуальный контроль, химический контроль, микробиологический контроль /сотрудник отдела качества
188;Технологическое оборудование;термощупы;термощупы;термощупы;;0;404;;;дезинфекция;;;;;18-20 °C;20 мин;промаркированный;1 раз в смену;сотрудник производства;визуальный контроль, химический контроль, микробиологический контроль /сотрудник отдела качества
189;Технологическое оборудование;тестоделители;тестоделители;тестоделители;;0;405;;;мойка;;;;;18-20 °C;;промаркированный;1 раз в смену;сотрудник производства;визуальный контроль, химический контроль, микробиологический контроль /сотрудник отдела качества
189;Технологическое оборудование;тестоделители;тестоделители;тестоделители;;0;406;;;дезинфекция;;;;;18-20 °C;20 мин;промаркированный;1 раз в смену;сотрудник производства;визуальный контроль, химический контроль, микробиологический контроль /сотрудник отдела качества
190;Технологическое оборудование;тестомесы;тестомесы;тестомесы;;0;407;;;мойка;;;;;18-20 °C;;промаркированный;1 раз в смену;сотрудник производства;визуальный контроль, химический контроль, микробиологический контроль /сотрудник отдела качества
190;Технологическое оборудование;тестомесы;тестомесы;тестомесы;;0;408;;;дезинфекция;;;;;18-20 °C;20 мин;промаркированный;1 раз в смену;сотрудник производства;визуальный контроль, химический контроль, микробиологический контроль /сотрудник отдела качества
191;Технологическое оборудование;тестоокруглители;тестоокруглители;тестоокруглители;;0;409;;;мойка;;;;;18-20 °C;;промаркированный;1 раз в смену;сотрудник производства;визуальный контроль, химический контроль, микробиологический контроль /сотрудник отдела качества
191;Технологическое оборудование;тестоокруглители;тестоокруглители;тестоокруглители;;0;410;;;дезинфекция;;;;;18-20 °C;20 мин;промаркированный;1 раз в смену;сотрудник производства;визуальный контроль, химический контроль, микробиологический контроль /сотрудник отдела качества
192;Технологическое оборудование;тестораскатки;тестораскатки;тестораскатки;;0;411;;;мойка;;;;;18-20 °C;;промаркированный;1 раз в смену;сотрудник производства;визуальный контроль, химический контроль, микробиологический контроль /сотрудник отдела качества
192;Технологическое оборудование;тестораскатки;тестораскатки;тестораскатки;;0;412;;;дезинфекция;;;;;18-20 °C;20 мин;промаркированный;1 раз в смену;сотрудник производства;визуальный контроль, химический контроль, микробиологический контроль /сотрудник отдела качества
193;Технологическое оборудование;ультразвуковые нарезки;ультразвуковые нарезки;ультразвуковые нарезки;;0;413;;;мойка;;;;;18-20 °C;;промаркированный;1 раз в смену;сотрудник производства;визуальный контроль, химический контроль, микробиологический контроль /сотрудник отдела качества
193;Технологическое оборудование;ультразвуковые нарезки;ультразвуковые нарезки;ультразвуковые нарезки;;0;414;;;дезинфекция;;;;;18-20 °C;20 мин;промаркированный;1 раз в смену;сотрудник производства;визуальный контроль, химический контроль, микробиологический контроль /сотрудник отдела качества
194;Технологическое оборудование;ферментаторы;ферментаторы;ферментаторы;;0;415;;;мойка;;;;;18-20 °C;;промаркированный;1 раз в смену;сотрудник производства;визуальный контроль, химический контроль, микробиологический контроль /сотрудник отдела качества
194;Технологическое оборудование;ферментаторы;ферментаторы;ферментаторы;;0;416;;;дезинфекция;;;;;18-20 °C;20 мин;промаркированный;1 раз в смену;сотрудник производства;визуальный контроль, химический контроль, микробиологический контроль /сотрудник отдела качества
195;Технологическое оборудование;шприц-дозатор начинки;шприц-дозатор начинки;шприц-дозатор начинки;;0;417;;;мойка;;;;;18-20 °C;;промаркированный;1 раз в смену;сотрудник производства;визуальный контроль, химический контроль, микробиологический контроль /сотрудник отдела качества
195;Технологическое оборудование;шприц-дозатор начинки;шприц-дозатор начинки;шприц-дозатор начинки;;0;418;;;дезинфекция;;;;;18-20 °C;20 мин;промаркированный;1 раз в смену;сотрудник производства;визуальный контроль, химический контроль, микробиологический контроль /сотрудник отдела качества
196;Упаковочное оборудование;flow pack;flow pack;flow pack;;0;419;;;мойка;;;;;18-20 °C;;промаркированный;1 раз в смену;сотрудник производства;визуальный контроль, химический контроль, микробиологический контроль /сотрудник отдела качества
196;Упаковочное оборудование;flow pack;flow pack;flow pack;;0;420;;;дезинфекция;;;;;18-20 °C;20 мин;промаркированный;1 раз в смену;сотрудник производства;визуальный контроль, химический контроль, микробиологический контроль /сотрудник отдела качества
197;Упаковочное оборудование;автоматическиеклипсаторы;автоматические клипсаторы;автоматические клипсаторы;;0;421;;;мойка;;;;;18-20 °C;;промаркированный;1 раз в смену;сотрудник производства;визуальный контроль, химический контроль, микробиологический контроль /сотрудник отдела качества
197;Упаковочное оборудование;автоматическиеклипсаторы;автоматические клипсаторы;автоматические клипсаторы;;0;422;;;дезинфекция;;;;;18-20 °C;20 мин;промаркированный;1 раз в смену;сотрудник производства;визуальный контроль, химический контроль, микробиологический контроль /сотрудник отдела качества
198;Упаковочное оборудование;вакуумные упаковщики;вакуумные упаковщики;вакуумные упаковщики;;0;423;;;мойка;;;;;18-20 °C;;промаркированный;1 раз в смену;сотрудник производства;визуальный контроль, химический контроль, микробиологический контроль /сотрудник отдела качества
198;Упаковочное оборудование;вакуумные упаковщики;вакуумные упаковщики;вакуумные упаковщики;;0;424;;;дезинфекция;;;;;18-20 °C;20 мин;промаркированный;1 раз в смену;сотрудник производства;визуальный контроль, химический контроль, микробиологический контроль /сотрудник отдела качества
199;Упаковочное оборудование;запайщики;запайщики;запайщики;;0;425;;;мойка;;;;;18-20 °C;;промаркированный;1 раз в смену;сотрудник производства;визуальный контроль, химический контроль, микробиологический контроль /сотрудник отдела качества
199;Упаковочное оборудование;запайщики;запайщики;запайщики;;0;426;;;дезинфекция;;;;;18-20 °C;20 мин;промаркированный;1 раз в смену;сотрудник производства;визуальный контроль, химический контроль, микробиологический контроль /сотрудник отдела качества
200;Упаковочное оборудование;принтера для этикеток;принтер для этикеток;принтер для этикеток;;0;427;;;мойка;;;;;18-20 °C;;промаркированный;1 раз в смену;сотрудник производства;визуальный контроль, химический контроль, микробиологический контроль /сотрудник отдела качества
200;Упаковочное оборудование;принтера для этикеток;принтер для этикеток;принтер для этикеток;;0;428;;;дезинфекция;;;;;18-20 °C;20 мин;промаркированный;1 раз в смену;сотрудник производства;визуальный контроль, химический контроль, микробиологический контроль /сотрудник отдела качества
201;Упаковочное оборудование;термоусадочные туннели;термоусадочные туннели;термоусадочные туннели;;0;429;;;мойка;;;;;18-20 °C;;промаркированный;1 раз в смену;сотрудник производства;визуальный контроль, химический контроль, микробиологический контроль /сотрудник отдела качества
201;Упаковочное оборудование;термоусадочные туннели;термоусадочные туннели;термоусадочные туннели;;0;430;;;дезинфекция;;;;;18-20 °C;20 мин;промаркированный;1 раз в смену;сотрудник производства;визуальный контроль, химический контроль, микробиологический контроль /сотрудник отдела качества
202;Упаковочное оборудование;этикетировщики;этикетировщики;этикетировщики;;0;431;;;мойка;;;;;18-20 °C;;промаркированный;1 раз в смену;сотрудник производства;визуальный контроль, химический контроль, микробиологический контроль /сотрудник отдела качества
202;Упаковочное оборудование;этикетировщики;этикетировщики;этикетировщики;;0;432;;;дезинфекция;;;;;18-20 °C;20 мин;промаркированный;1 раз в смену;сотрудник производства;визуальный контроль, химический контроль, микробиологический контроль /сотрудник отдела качества
