object_id;category_name;normalized_name;display_name;base_name;modifier;sort_priority;instruction_id;room_category_name;maintenance_type;cleaning_method;instruction_number;product_name;cleaning_technique;concentration;temperature;exposure_time;inventory;frequency;executor;control_method
200;Сантехническое оборудование;диспенсердозатор;Диспенсер / дозатор для спецжидкостей;;;100;;Бытовое;основная;мойка;;;;;;;;по мере заполнения 2/3 объёма;сотрудник внутреннего клининга;
200;Сантехническое оборудование;диспенсердозатор;Диспенсер / дозатор для спецжидкостей;;;100;;Бытовое;основная;дезинфекция;;;;;;;;по мере заполнения 2/3 объёма;сотрудник внутреннего клининга;
201;Технологическое оборудование;прибор кисл теста;Прибор для определения кислотности теста;;;100;;Бытовое;основная;мойка;;;;;;;;по мере заполнения 2/3 объёма;сотрудник внутреннего клининга;
201;Технологическое оборудование;прибор кисл теста;Прибор для определения кислотности теста;;;100;;Бытовое;основная;дезинфекция;;;;;;;;по мере заполнения 2/3 объёма;сотрудник внутреннего клининга;
202;Холодильное оборудование;холодильная витрина;Холодильная витрина;;;100;;Бытовое;основная;мойка;;;;;;;;по мере заполнения 2/3 объёма;сотрудник внутреннего клининга;
202;Холодильное оборудование;холодильная витрина;Холодильная витрина;;;100;;Бытовое;основная;дезинфекция;;;;;;;;по мере заполнения 2/3 объёма;сотрудник внутреннего клининга;
200;Сантехническое оборудование;диспенсердозатор;Диспенсер / дозатор для спецжидкостей;;;100;;Бытовое;основная;мойка;;;;;;;;1 раз в неделю;сотрудник внутреннего клининга;
200;Сантехническое оборудование;диспенсердозатор;Диспенсер / дозатор для спецжидкостей;;;100;;Бытовое;основная;дезинфекция;;;;;;;;1 раз в неделю;сотрудник внутреннего клининга;
200;Сантехническое оборудование;диспенсердозатор;Диспенсер / дозатор для спецжидкостей;;;100;;Бытовое;поддерживающая;мойка;;;;;;;;по мере необходимости;сотрудник внутреннего клининга;
200;Сантехническое оборудование;диспенсердозатор;Диспенсер / дозатор для спецжидкостей;;;100;;Бытовое;генеральная;мойка;;;;;;;;1 раз в месяц;сотрудник внутреннего клининга;
200;Сантехническое оборудование;диспенсердозатор;Диспенсер / дозатор для спецжидкостей;;;100;;Бытовое;генеральная;дезинфекция;;;;;;;;1 раз в месяц;сотрудник внутреннего клининга;
201;Технологическое оборудование;прибор кисл теста;Прибор для определения кислотности теста;;;100;;Бытовое;основная;мойка;;;;;;;;1 раз в неделю;сотрудник внутреннего клининга;
201;Технологическое оборудование;прибор кисл теста;Прибор для определения кислотности теста;;;100;;Бытовое;основная;дезинфекция;;;;;;;;1 раз в неделю;сотрудник внутреннего клининга;
201;Технологическое оборудование;прибор кисл теста;Прибор для определения кислотности теста;;;100;;Бытовое;поддерживающая;мойка;;;;;;;;по мере необходимости;сотрудник внутреннего клининга;
201;Технологическое оборудование;прибор кисл теста;Прибор для определения кислотности теста;;;100;;Бытовое;генеральная;мойка;;;;;;;;1 раз в месяц;сотрудник внутреннего клининга;
201;Технологическое оборудование;прибор кисл теста;Прибор для определения кислотности теста;;;100;;Бытовое;генеральная;дезинфекция;;;;;;;;1 раз в месяц;сотрудник внутреннего клининга;
202;Холодильное оборудование;холодильная витрина;Холодильная витрина;;;100;;Бытовое;основная;мойка;;;;;;;;1 раз в неделю;сотрудник внутреннего клининга;
202;Холодильное оборудование;холодильная витрина;Холодильная витрина;;;100;;Бытовое;основная;дезинфекция;;;;;;;;1 раз в неделю;сотрудник внутреннего клининга;
202;Холодильное оборудование;холодильная витрина;Холодильная витрина;;;100;;Бытовое;поддерживающая;мойка;;;;;;;;по мере необходимости;сотрудник внутреннего клининга;
202;Холодильное оборудование;холодильная витрина;Холодильная витрина;;;100;;Бытовое;генеральная;мойка;;;;;;;;1 раз в месяц;сотрудник внутреннего клининга;
202;Холодильное оборудование;холодильная витрина;Холодильная витрина;;;100;;Бытовое;генеральная;дезинфекция;;;;;;;;1 раз в месяц;сотрудник внутреннего клининга;
200;Сантехническое оборудование;диспенсердозатор;Диспенсер / дозатор для спецжидкостей;;;100;;Бытовое;основная;мойка;;;;;;;;после каждого удаления отходов;сотрудник внутреннего клининга;
200;Сантехническое оборудование;диспенсердозатор;Диспенсер / дозатор для спецжидкостей;;;100;;Бытовое;основная;дезинфекция;;;;;;;;после каждого удаления отходов;сотрудник внутреннего клининга;
201;Технологическое оборудование;прибор кисл теста;Прибор для определения кислотности теста;;;100;;Бытовое;основная;мойка;;;;;;;;после каждого удаления отходов;сотрудник внутреннего клининга;
201;Технологическое оборудование;прибор кисл теста;Прибор для определения кислотности теста;;;100;;Бытовое;основная;дезинфекция;;;;;;;;после каждого удаления отходов;сотрудник внутреннего клининга;
202;Холодильное оборудование;холодильная витрина;Холодильная витрина;;;100;;Бытовое;основная;мойка;;;;;;;;после каждого удаления отходов;сотрудник внутреннего клининга;
202;Холодильное оборудование;холодильная витрина;Холодильная витрина;;;100;;Бытовое;основная;дезинфекция;;;;;;;;после каждого удаления отходов;сотрудник внутреннего клининга;
36;Поверхности;потолок () п;потолок подвесной;потолок (высота _____м);П;10;;Бытовое;поддерживающая;мойка;;;;;;;;1 раз в 3 месяца обеспыливание;сотрудник внутреннего клининга;
36;Поверхности;потолок () п;потолок подвесной;потолок (высота _____м);П;10;;Бытовое;поддерживающая;дезинфекция;;;;;;;;1 раз в 3 месяца обеспыливание;сотрудник внутреннего клининга;
36;Поверхности;потолок () п;потолок подвесной;потолок (высота _____м);П;10;;Бытовое;генеральная;мойка;;;;;;;;1 раз в 12 месяцев;сотрудник внутреннего клининга;
36;Поверхности;потолок () п;потолок подвесной;потолок (высота _____м);П;10;;Бытовое;генеральная;дезинфекция;;;;;;;;1 раз в 12 месяцев;сотрудник внутреннего клининга;
200;Сантехническое оборудование;диспенсердозатор;Диспенсер / дозатор для спецжидкостей;;;100;;Бытовое;поддерживающая;мойка;;;;;;;;1 раз в 3 месяца обеспыливание;сотрудник внутреннего клининга;
200;Сантехническое оборудование;диспенсердозатор;Диспенсер / дозатор для спецжидкостей;;;100;;Бытовое;поддерживающая;дезинфекция;;;;;;;;1 раз в 3 месяца обеспыливание;сотрудник внутреннего клининга;
200;Сантехническое оборудование;диспенсердозатор;Диспенсер / дозатор для спецжидкостей;;;100;;Бытовое;генеральная;мойка;;;;;;;;1 раз в 12 месяцев;сотрудник внутреннего клининга;
200;Сантехническое оборудование;диспенсердозатор;Диспенсер / дозатор для спецжидкостей;;;100;;Бытовое;генеральная;дезинфекция;;;;;;;;1 раз в 12 месяцев;сотрудник внутреннего клининга;
201;Технологическое оборудование;прибор кисл теста;Прибор для определения кислотности теста;;;100;;Бытовое;поддерживающая;мойка;;;;;;;;1 раз в 3 месяца обеспыливание;сотрудник внутреннего клининга;
201;Технологическое оборудование;прибор кисл теста;Прибор для определения кислотности теста;;;100;;Бытовое;поддерживающая;дезинфекция;;;;;;;;1 раз в 3 месяца обеспыливание;сотрудник внутреннего клининга;
201;Технологическое оборудование;прибор кисл теста;Прибор для определения кислотности теста;;;100;;Бытовое;генеральная;мойка;;;;;;;;1 раз в 12 месяцев;сотрудник внутреннего клининга;
201;Технологическое оборудование;прибор кисл теста;Прибор для определения кислотности теста;;;100;;Бытовое;генеральная;дезинфекция;;;;;;;;1 раз в 12 месяцев;сотрудник внутреннего клининга;
202;Холодильное оборудование;холодильная витрина;Холодильная витрина;;;100;;Бытовое;поддерживающая;мойка;;;;;;;;1 раз в 3 месяца обеспыливание;сотрудник внутреннего клининга;
202;Холодильное оборудование;холодильная витрина;Холодильная витрина;;;100;;Бытовое;поддерживающая;дезинфекция;;;;;;;;1 раз в 3 месяца обеспыливание;сотрудник внутреннего клининга;
202;Холодильное оборудование;холодильная витрина;Холодильная витрина;;;100;;Бытовое;генеральная;мойка;;;;;;;;1 раз в 12 месяцев;сотрудник внутреннего клининга;
202;Холодильное оборудование;холодильная витрина;Холодильная витрина;;;100;;Бытовое;генеральная;дезинфекция;;;;;;;;1 раз в 12 месяцев;сотрудник внутреннего клининга;
18;Поверхности;диффузоры;диффузоры;диффузоры;;35;;Бытовое;поддерживающая;мойка;;;;;;;;1 раз в 3 месяца обеспыливание;сотрудник внутреннего клининга;
18;Поверхности;диффузоры;диффузоры;диффузоры;;35;;Бытовое;поддерживающая;дезинфекция;;;;;;;;1 раз в 3 месяца обеспыливание;сотрудник внутреннего клининга;
18;Поверхности;диффузоры;диффузоры;диффузоры;;35;;Бытовое;генеральная;мойка;;;;;;;;1 раз в 12 месяцев;сотрудник внутреннего клининга;
18;Поверхности;диффузоры;диффузоры;диффузоры;;35;;Бытовое;генеральная;дезинфекция;;;;;;;;1 раз в 12 месяцев;сотрудник внутреннего клининга;
200;Сантехническое оборудование;диспенсердозатор;Диспенсер / дозатор для спецжидкостей;;;100;;Бытовое;генеральная;мойка;;;;;;;;1 раз в 6 месяцев;сотрудник внутреннего клининга;
200;Сантехническое оборудование;диспенсердозатор;Диспенсер / дозатор для спецжидкостей;;;100;;Бытовое;генеральная;дезинфекция;;;;;;;;1 раз в 6 месяцев;сотрудник внутреннего клининга;
201;Технологическое оборудование;прибор кисл теста;Прибор для определения кислотности теста;;;100;;Бытовое;генеральная;мойка;;;;;;;;1 раз в 6 месяцев;сотрудник внутреннего клининга;
201;Технологическое оборудование;прибор кисл теста;Прибор для определения кислотности теста;;;100;;Бытовое;генеральная;дезинфекция;;;;;;;;1 раз в 6 месяцев;сотрудник внутреннего клининга;
202;Холодильное оборудование;холодильная витрина;Холодильная витрина;;;100;;Бытовое;генеральная;мойка;;;;;;;;1 раз в 6 месяцев;сотрудник внутреннего клининга;
202;Холодильное оборудование;холодильная витрина;Холодильная витрина;;;100;;Бытовое;генеральная;дезинфекция;;;;;;;;1 раз в 6 месяцев;сотрудник внутреннего клининга;
5;Поверхности;вентиляционные трубы;вентиляционные трубы;вентиляционные трубы;;30;;Бытовое;поддерживающая;мойка;;;;;;;;1 раз в 3 месяца обеспыливание;сотрудник внутреннего клининга;
5;Поверхности;вентиляционные трубы;вентиляционные трубы;вентиляционные трубы;;30;;Бытовое;поддерживающая;дезинфекция;;;;;;;;1 раз в 3 месяца обеспыливание;сотрудник внутреннего клининга;
5;Поверхности;вентиляционные трубы;вентиляционные трубы;вентиляционные трубы;;30;;Бытовое;генеральная;мойка;;;;;;;;1 раз в 6/12 месяцев;сотрудник внутреннего клининга;
5;Поверхности;вентиляционные трубы;вентиляционные трубы;вентиляционные трубы;;30;;Бытовое;генеральная;дезинфекция;;;;;;;;1 раз в 6/12 месяцев;сотрудник внутреннего клининга;
200;Сантехническое оборудование;диспенсердозатор;Диспенсер / дозатор для спецжидкостей;;;100;;Бытовое;генеральная;мойка;;;;;;;;1 раз в 6/12 месяцев;сотрудник внутреннего клининга;
200;Сантехническое оборудование;диспенсердозатор;Диспенсер / дозатор для спецжидкостей;;;100;;Бытовое;генеральная;дезинфекция;;;;;;;;1 раз в 6/12 месяцев;сотрудник внутреннего клининга;
201;Технологическое оборудование;прибор кисл теста;Прибор для определения кислотности теста;;;100;;Бытовое;генеральная;мойка;;;;;;;;1 раз в 6/12 месяцев;сотрудник внутреннего клининга;
201;Технологическое оборудование;прибор кисл теста;Прибор для определения кислотности теста;;;100;;Бытовое;генеральная;дезинфекция;;;;;;;;1 раз в 6/12 месяцев;сотрудник внутреннего клининга;
202;Холодильное оборудование;холодильная витрина;Холодильная витрина;;;100;;Бытовое;генеральная;мойка;;;;;;;;1 раз в 6/12 месяцев;сотрудник внутреннего клининга;
202;Холодильное оборудование;холодильная витрина;Холодильная витрина;;;100;;Бытовое;генеральная;дезинфекция;;;;;;;;1 раз в 6/12 месяцев;сотрудник внутреннего клининга;
18;Поверхности;диффузоры;диффузоры;диффузоры;;35;;Бытовое;генеральная;мойка;;;;;;;;1 раз в 6/12 месяцев;сотрудник внутреннего клининга;
18;Поверхности;диффузоры;диффузоры;диффузоры;;35;;Бытовое;генеральная;дезинфекция;;;;;;;;1 раз в 6/12 месяцев;сотрудник внутреннего клининга;
39;Поверхности;светильники;светильники;светильники;;20;;Бытовое;поддерживающая;мойка;;;;;;;;1 раз в 3 месяца обеспыливание;сотрудник внутреннего клининга;
39;Поверхности;светильники;светильники;светильники;;20;;Бытовое;поддерживающая;дезинфекция;;;;;;;;1 раз в 3 месяца обеспыливание;сотрудник внутреннего клининга;
39;Поверхности;светильники;светильники;светильники;;20;;Бытовое;генеральная;мойка;;;;;;;;1 раз в 6/12 месяцев;сотрудник внутреннего клининга;
39;Поверхности;светильники;светильники;светильники;;20;;Бытовое;генеральная;дезинфекция;;;;;;;;1 раз в 6/12 месяцев;сотрудник внутреннего клининга;
21;Поверхности;инсектицидные лампы;инсектицидные лампы;инсектицидные лампы;;45;;Бытовое;генеральная;мойка;;;;;;;;1 раз в месяц;сотрудник инженерной службы;
200;Сантехническое оборудование;диспенсердозатор;Диспенсер / дозатор для спецжидкостей;;;100;;Бытовое;генеральная;мойка;;;;;;;;1 раз в месяц;сотрудник инженерной службы;
201;Технологическое оборудование;прибор кисл теста;Прибор для определения кислотности теста;;;100;;Бытовое;генеральная;мойка;;;;;;;;1 раз в месяц;сотрудник инженерной службы;
202;Холодильное оборудование;холодильная витрина;Холодильная витрина;;;100;;Бытовое;генеральная;мойка;;;;;;;;1 раз в месяц;сотрудник инженерной службы;
41;Поверхности;стены (выше 2 м);стены (выше 2 м);стены (выше 2 м);;30;;Бытовое;поддерживающая;мойка;;;;;;;;1 раз в 3 месяца обеспыливание;сотрудник внутреннего клининга;
41;Поверхности;стены (выше 2 м);стены (выше 2 м);стены (выше 2 м);;30;;Бытовое;поддерживающая;дезинфекция;;;;;;;;1 раз в 3 месяца обеспыливание;сотрудник внутреннего клининга;
41;Поверхности;стены (выше 2 м);стены (выше 2 м);стены (выше 2 м);;30;;Бытовое;генеральная;мойка;;;;;;;;1 раз в 6 месяцев;сотрудник внутреннего клининга;
41;Поверхности;стены (выше 2 м);стены (выше 2 м);стены (выше 2 м);;30;;Бытовое;генеральная;дезинфекция;;;;;;;;1 раз в 6 месяцев;сотрудник внутреннего клининга;
22;Поверхности;кабель-каналы;кабель-каналы;кабель-каналы;;60;;Бытовое;поддерживающая;мойка;;;;;;;;1 раз в 3 месяца обеспыливание;сотрудник внутреннего клининга;
22;Поверхности;кабель-каналы;кабель-каналы;кабель-каналы;;60;;Бытовое;поддерживающая;дезинфекция;;;;;;;;1 раз в 3 месяца обеспыливание;сотрудник внутреннего клининга;
22;Поверхности;кабель-каналы;кабель-каналы;кабель-каналы;;60;;Бытовое;генеральная;мойка;;;;;;;;1 раз в 6 месяцев;сотрудник внутреннего клининга;
22;Поверхности;кабель-каналы;кабель-каналы;кабель-каналы;;60;;Бытовое;генеральная;дезинфекция;;;;;;;;1 раз в 6 месяцев;сотрудник внутреннего клининга;
6;Поверхности;водопроводные трубы;водопроводные трубы;водопроводные трубы;;60;;Бытовое;поддерживающая;мойка;;;;;;;;1 раз в 3 месяца обеспыливание;сотрудник внутреннего клининга;
6;Поверхности;водопроводные трубы;водопроводные трубы;водопроводные трубы;;60;;Бытовое;поддерживающая;дезинфекция;;;;;;;;1 раз в 3 месяца обеспыливание;сотрудник внутреннего клининга;
6;Поверхности;водопроводные трубы;водопроводные трубы;водопроводные трубы;;60;;Бытовое;генеральная;мойка;;;;;;;;1 раз в 6 месяцев;сотрудник внутреннего клининга;
6;Поверхности;водопроводные трубы;водопроводные трубы;водопроводные трубы;;60;;Бытовое;генеральная;дезинфекция;;;;;;;;1 раз в 6 месяцев;сотрудник внутреннего клининга;
42;Поверхности;стены (до 2 м);стены (до 2 м);стены (до 2 м);;40;;Бытовое;генеральная;мойка;;;;;;;;1 раз в месяц;сотрудник внутреннего клининга;
42;Поверхности;стены (до 2 м);стены (до 2 м);стены (до 2 м);;40;;Бытовое;генеральная;дезинфекция;;;;;;;;1 раз в месяц;сотрудник внутреннего клининга;
22;Поверхности;кабель-каналы;кабель-каналы;кабель-каналы;;60;;Бытовое;генеральная;мойка;;;;;;;;1 раз в месяц;сотрудник внутреннего клининга;
22;Поверхности;кабель-каналы;кабель-каналы;кабель-каналы;;60;;Бытовое;генеральная;дезинфекция;;;;;;;;1 раз в месяц;сотрудник внутреннего клининга;
6;Поверхности;водопроводные трубы;водопроводные трубы;водопроводные трубы;;60;;Бытовое;генеральная;мойка;;;;;;;;1 раз в месяц;сотрудник внутреннего клининга;
6;Поверхности;водопроводные трубы;водопроводные трубы;водопроводные трубы;;60;;Бытовое;генеральная;дезинфекция;;;;;;;;1 раз в месяц;сотрудник внутреннего клининга;
38;Поверхности;розетки;розетки;розетки;;65;;Бытовое;генеральная;мойка;;;;;;;;1 раз в месяц;сотрудник внутреннего клининга;
38;Поверхности;розетки;розетки;розетки;;65;;Бытовое;генеральная;дезинфекция;;;;;;;;1 раз в месяц;сотрудник внутреннего клининга;
12;Поверхности;двери;двери;двери;;90;;Бытовое;генеральная;мойка;;;;;;;;1 раз в месяц;сотрудник внутреннего клининга;
12;Поверхности;двери;двери;двери;;90;;Бытовое;генеральная;дезинфекция;;;;;;;;1 раз в месяц;сотрудник внутреннего клининга;
30;Поверхности;отопительные приборы;отопительные приборы;отопительные приборы;;70;;Бытовое;поддерживающая;мойка;;;;;;;;1 раз в месяцобеспыливание;сотрудник внутреннего клининга;
30;Поверхности;отопительные приборы;отопительные приборы;отопительные приборы;;70;;Бытовое;поддерживающая;дезинфекция;;;;;;;;1 раз в месяцобеспыливание;сотрудник внутреннего клининга;
30;Поверхности;отопительные приборы;отопительные приборы;отопительные приборы;;70;;Бытовое;генеральная;мойка;;;;;;;;1 раз в 6 месяцев;сотрудник внутреннего клининга;
30;Поверхности;отопительные приборы;отопительные приборы;отопительные приборы;;70;;Бытовое;генеральная;дезинфекция;;;;;;;;1 раз в 6 месяцев;сотрудник внутреннего клининга;
200;Сантехническое оборудование;диспенсердозатор;Диспенсер / дозатор для спецжидкостей;;;100;;Бытовое;поддерживающая;мойка;;;;;;;;1 раз в месяцобеспыливание;сотрудник внутреннего клининга;
200;Сантехническое оборудование;диспенсердозатор;Диспенсер / дозатор для спецжидкостей;;;100;;Бытовое;поддерживающая;дезинфекция;;;;;;;;1 раз в месяцобеспыливание;сотрудник внутреннего клининга;
201;Технологическое оборудование;прибор кисл теста;Прибор для определения кислотности теста;;;100;;Бытовое;поддерживающая;мойка;;;;;;;;1 раз в месяцобеспыливание;сотрудник внутреннего клининга;
201;Технологическое оборудование;прибор кисл теста;Прибор для определения кислотности теста;;;100;;Бытовое;поддерживающая;дезинфекция;;;;;;;;1 раз в месяцобеспыливание;сотрудник внутреннего клининга;
202;Холодильное оборудование;холодильная витрина;Холодильная витрина;;;100;;Бытовое;поддерживающая;мойка;;;;;;;;1 раз в месяцобеспыливание;сотрудник внутреннего клининга;
202;Холодильное оборудование;холодильная витрина;Холодильная витрина;;;100;;Бытовое;поддерживающая;дезинфекция;;;;;;;;1 раз в месяцобеспыливание;сотрудник внутреннего клининга;
28;Поверхности;окна внешние;окна внешние;окна внешние;;55;;Бытовое;генеральная;мойка;;;;;;;;1 раз в месяц(летний период);сотрудник внутреннего клининга;
200;Сантехническое оборудование;диспенсердозатор;Диспенсер / дозатор для спецжидкостей;;;100;;Бытовое;генеральная;мойка;;;;;;;;1 раз в месяц(летний период);сотрудник внутреннего клининга;
201;Технологическое оборудование;прибор кисл теста;Прибор для определения кислотности теста;;;100;;Бытовое;генеральная;мойка;;;;;;;;1 раз в месяц(летний период);сотрудник внутреннего клининга;
202;Холодильное оборудование;холодильная витрина;Холодильная витрина;;;100;;Бытовое;генеральная;мойка;;;;;;;;1 раз в месяц(летний период);сотрудник внутреннего клининга;
13;Поверхности;дверные ручки;дверные ручки;дверные ручки;;65;;Бытовое;поддерживающая;дезинфекция;;;;;;;;2 раза в смену;сотрудник внутреннего клининга;
13;Поверхности;дверные ручки;дверные ручки;дверные ручки;;65;;Бытовое;генеральная;мойка;;;;;;;;1 раз в месяц;сотрудник внутреннего клининга;
13;Поверхности;дверные ручки;дверные ручки;дверные ручки;;65;;Бытовое;генеральная;дезинфекция;;;;;;;;1 раз в месяц;сотрудник внутреннего клининга;
200;Сантехническое оборудование;диспенсердозатор;Диспенсер / дозатор для спецжидкостей;;;100;;Бытовое;поддерживающая;дезинфекция;;;;;;;;2 раза в смену;сотрудник внутреннего клининга;
201;Технологическое оборудование;прибор кисл теста;Прибор для определения кислотности теста;;;100;;Бытовое;поддерживающая;дезинфекция;;;;;;;;2 раза в смену;сотрудник внутреннего клининга;
202;Холодильное оборудование;холодильная витрина;Холодильная витрина;;;100;;Бытовое;поддерживающая;дезинфекция;;;;;;;;2 раза в смену;сотрудник внутреннего клининга;
8;Поверхности;выключатели;выключатели;выключатели;;65;;Бытовое;поддерживающая;дезинфекция;;;;;;;;2 раза в смену;сотрудник внутреннего клининга;
8;Поверхности;выключатели;выключатели;выключатели;;65;;Бытовое;генеральная;мойка;;;;;;;;1 раз в месяц;сотрудник внутреннего клининга;
8;Поверхности;выключатели;выключатели;выключатели;;65;;Бытовое;генеральная;дезинфекция;;;;;;;;1 раз в месяц;сотрудник внутреннего клининга;
61;Санитарный пост;дозаторы для мылаантисептика;дозаторы для мыла и антисептика;дозаторы для мыла и антисептика;;110;;Бытовое;основная;мойка;;;;;;;;при замене продукта;сотрудник внутреннего клининга;
61;Санитарный пост;дозаторы для мылаантисептика;дозаторы для мыла и антисептика;дозаторы для мыла и антисептика;;110;;Бытовое;основная;дезинфекция;;;;;;;;при замене продукта;сотрудник внутреннего клининга;
61;Санитарный пост;дозаторы для мылаантисептика;дозаторы для мыла и антисептика;дозаторы для мыла и антисептика;;110;;Бытовое;поддерживающая;дезинфекция;;;;;;;;2 раза в смену;сотрудник внутреннего клининга;
61;Санитарный пост;дозаторы для мылаантисептика;дозаторы для мыла и антисептика;дозаторы для мыла и антисептика;;110;;Бытовое;генеральная;мойка;;;;;;;;1 раз в месяц;сотрудник внутреннего клининга;
61;Санитарный пост;дозаторы для мылаантисептика;дозаторы для мыла и антисептика;дозаторы для мыла и антисептика;;110;;Бытовое;генеральная;дезинфекция;;;;;;;;1 раз в месяц;сотрудник внутреннего клининга;
200;Сантехническое оборудование;диспенсердозатор;Диспенсер / дозатор для спецжидкостей;;;100;;Бытовое;основная;мойка;;;;;;;;при замене продукта;сотрудник внутреннего клининга;
200;Сантехническое оборудование;диспенсердозатор;Диспенсер / дозатор для спецжидкостей;;;100;;Бытовое;основная;дезинфекция;;;;;;;;при замене продукта;сотрудник внутреннего клининга;
201;Технологическое оборудование;прибор кисл теста;Прибор для определения кислотности теста;;;100;;Бытовое;основная;мойка;;;;;;;;при замене продукта;сотрудник внутреннего клининга;
201;Технологическое оборудование;прибор кисл теста;Прибор для определения кислотности теста;;;100;;Бытовое;основная;дезинфекция;;;;;;;;при замене продукта;сотрудник внутреннего клининга;
202;Холодильное оборудование;холодильная витрина;Холодильная витрина;;;100;;Бытовое;основная;мойка;;;;;;;;при замене продукта;сотрудник внутреннего клининга;
202;Холодильное оборудование;холодильная витрина;Холодильная витрина;;;100;;Бытовое;основная;дезинфекция;;;;;;;;при замене продукта;сотрудник внутреннего клининга;
1;Поверхности;пол;пол;пол;;200;;Бытовое;основная;мойка;;;;;;;;1 раз в неделю;сотрудник внутреннего клининга;
1;Поверхности;пол;пол;пол;;200;;Бытовое;основная;дезинфекция;;;;;;;;1 раз в неделю;сотрудник внутреннего клининга;
1;Поверхности;пол;пол;пол;;200;;Бытовое;генеральная;мойка;;;;;;;;1 раз в месяц;сотрудник внутреннего клининга;
1;Поверхности;пол;пол;пол;;200;;Бытовое;генеральная;дезинфекция;;;;;;;;1 раз в месяц;сотрудник внутреннего клининга;
200;Сантехническое оборудование;диспенсердозатор;Диспенсер / дозатор для спецжидкостей;;;100;;Бытовое;основная;мойка;;;;;;;;1 раз в смену;сотрудник внутреннего клининга;
200;Сантехническое оборудование;диспенсердозатор;Диспенсер / дозатор для спецжидкостей;;;100;;Бытовое;основная;дезинфекция;;;;;;;;1 раз в смену;сотрудник внутреннего клининга;
201;Технологическое оборудование;прибор кисл теста;Прибор для определения кислотности теста;;;100;;Бытовое;основная;мойка;;;;;;;;1 раз в смену;сотрудник внутреннего клининга;
201;Технологическое оборудование;прибор кисл теста;Прибор для определения кислотности теста;;;100;;Бытовое;основная;дезинфекция;;;;;;;;1 раз в смену;сотрудник внутреннего клининга;
202;Холодильное оборудование;холодильная витрина;Холодильная витрина;;;100;;Бытовое;основная;мойка;;;;;;;;1 раз в смену;сотрудник внутреннего клининга;
202;Холодильное оборудование;холодильная витрина;Холодильная витрина;;;100;;Бытовое;основная;дезинфекция;;;;;;;;1 раз в смену;сотрудник внутреннего клининга;
70;Мебель;скамейки;скамейки;скамейки;;130;;Бытовое;основная;мойка;;;;;;;;1 раз в неделю;сотрудник внутреннего клининга;
70;Мебель;скамейки;скамейки;скамейки;;130;;Бытовое;основная;дезинфекция;;;;;;;;1 раз в неделю;сотрудник внутреннего клининга;
70;Мебель;скамейки;скамейки;скамейки;;130;;Бытовое;генеральная;мойка;;;;;;;;1 раз в месяц;сотрудник внутреннего клининга;
70;Мебель;скамейки;скамейки;скамейки;;130;;Бытовое;генеральная;дезинфекция;;;;;;;;1 раз в месяц;сотрудник внутреннего клининга;
68;Мебель;обувницы;обувницы;обувницы;;130;;Бытовое;основная;мойка;;;;;;;;1 раз в неделю;сотрудник внутреннего клининга;
68;Мебель;обувницы;обувницы;обувницы;;130;;Бытовое;основная;дезинфекция;;;;;;;;1 раз в неделю;сотрудник внутреннего клининга;
68;Мебель;обувницы;обувницы;обувницы;;130;;Бытовое;генеральная;мойка;;;;;;;;1 раз в месяц;сотрудник внутреннего клининга;
68;Мебель;обувницы;обувницы;обувницы;;130;;Бытовое;генеральная;дезинфекция;;;;;;;;1 раз в месяц;сотрудник внутреннего клининга;
66;Мебель;вешалки;вешалки;вешалки;;130;;Бытовое;основная;мойка;;;;;;;;1 раз в неделю;сотрудник внутреннего клининга;
66;Мебель;вешалки;вешалки;вешалки;;130;;Бытовое;основная;дезинфекция;;;;;;;;1 раз в неделю;сотрудник внутреннего клининга;
66;Мебель;вешалки;вешалки;вешалки;;130;;Бытовое;генеральная;мойка;;;;;;;;1 раз в месяц;сотрудник внутреннего клининга;
66;Мебель;вешалки;вешалки;вешалки;;130;;Бытовое;генеральная;дезинфекция;;;;;;;;1 раз в месяц;сотрудник внутреннего клининга;
72;Мебель;столы;столы;столы;;130;;Бытовое;основная;мойка;;;;;;;;1 раз в неделю;сотрудник внутреннего клининга;
72;Мебель;столы;столы;столы;;130;;Бытовое;основная;дезинфекция;;;;;;;;1 раз в неделю;сотрудник внутреннего клининга;
72;Мебель;столы;столы;столы;;130;;Бытовое;генеральная;мойка;;;;;;;;1 раз в месяц;сотрудник внутреннего клининга;
72;Мебель;столы;столы;столы;;130;;Бытовое;генеральная;дезинфекция;;;;;;;;1 раз в месяц;сотрудник внутреннего клининга;
140;Холодильное оборудование;холод столы;холодильные столы;холодильные столы;;160;;Бытовое;основная;мойка;;;;;;;;1 раз в неделю;сотрудник внутреннего клининга;
140;Холодильное оборудование;холод столы;холодильные столы;холодильные столы;;160;;Бытовое;основная;дезинфекция;;;;;;;;1 раз в неделю;сотрудник внутреннего клининга;
140;Холодильное оборудование;холод столы;холодильные столы;холодильные столы;;160;;Бытовое;генеральная;мойка;;;;;;;;1 раз в месяц;сотрудник внутреннего клининга;
140;Холодильное оборудование;холод столы;холодильные столы;холодильные столы;;160;;Бытовое;генеральная;дезинфекция;;;;;;;;1 раз в месяц;сотрудник внутреннего клининга;
175;Технологическое оборудование;производственные столы д;производственные столы деревянные;производственные столы;Д;150;;Бытовое;основная;мойка;;;;;;;;1 раз в неделю;сотрудник внутреннего клининга;
175;Технологическое оборудование;производственные столы д;производственные столы деревянные;производственные столы;Д;150;;Бытовое;основная;дезинфекция;;;;;;;;1 раз в неделю;сотрудник внутреннего клининга;
175;Технологическое оборудование;производственные столы д;производственные столы деревянные;производственные столы;Д;150;;Бытовое;генеральная;мойка;;;;;;;;1 раз в месяц;сотрудник внутреннего клининга;
175;Технологическое оборудование;производственные столы д;производственные столы деревянные;производственные столы;Д;150;;Бытовое;генеральная;дезинфекция;;;;;;;;1 раз в месяц;сотрудник внутреннего клининга;
176;Технологическое оборудование;производственные столы н;производственные столы из нержавеющий стали;производственные столы;Н;150;;Бытовое;основная;мойка;;;;;;;;1 раз в неделю;сотрудник внутреннего клининга;
176;Технологическое оборудование;производственные столы н;производственные столы из нержавеющий стали;производственные столы;Н;150;;Бытовое;основная;дезинфекция;;;;;;;;1 раз в неделю;сотрудник внутреннего клининга;
176;Технологическое оборудование;производственные столы н;производственные столы из нержавеющий стали;производственные столы;Н;150;;Бытовое;генеральная;мойка;;;;;;;;1 раз в месяц;сотрудник внутреннего клининга;
176;Технологическое оборудование;производственные столы н;производственные столы из нержавеющий стали;производственные столы;Н;150;;Бытовое;генеральная;дезинфекция;;;;;;;;1 раз в месяц;сотрудник внутреннего клининга;
73;Мебель;стулья;стулья;стулья;;130;;Бытовое;основная;мойка;;;;;;;;1 раз в неделю;сотрудник внутреннего клининга;
73;Мебель;стулья;стулья;стулья;;130;;Бытовое;основная;дезинфекция;;;;;;;;1 раз в неделю;сотрудник внутреннего клининга;
73;Мебель;стулья;стулья;стулья;;130;;Бытовое;генеральная;мойка;;;;;;;;1 раз в месяц;сотрудник внутреннего клининга;
73;Мебель;стулья;стулья;стулья;;130;;Бытовое;генеральная;дезинфекция;;;;;;;;1 раз в месяц;сотрудник внутреннего клининга;
75;Мебель;шкафы;шкафы;шкафы;;130;;Бытовое;основная;мойка;;;;;;;;1 раз в неделю;сотрудник внутреннего клининга;
75;Мебель;шкафы;шкафы;шкафы;;130;;Бытовое;основная;дезинфекция;;;;;;;;1 раз в неделю;сотрудник внутреннего клининга;
75;Мебель;шкафы;шкафы;шкафы;;130;;Бытовое;генеральная;мойка;;;;;;;;1 раз в месяц;сотрудник внутреннего клининга;
75;Мебель;шкафы;шкафы;шкафы;;130;;Бытовое;генеральная;дезинфекция;;;;;;;;1 раз в месяц;сотрудник внутреннего клининга;
141;Холодильное оборудование;холод шкафы;холодильные шкафы;холодильные шкафы;;160;;Бытовое;основная;мойка;;;;;;;;1 раз в неделю;сотрудник внутреннего клининга;
141;Холодильное оборудование;холод шкафы;холодильные шкафы;холодильные шкафы;;160;;Бытовое;основная;дезинфекция;;;;;;;;1 раз в неделю;сотрудник внутреннего клининга;
141;Холодильное оборудование;холод шкафы;холодильные шкафы;холодильные шкафы;;160;;Бытовое;генеральная;мойка;;;;;;;;1 раз в месяц;сотрудник внутреннего клининга;
141;Холодильное оборудование;холод шкафы;холодильные шкафы;холодильные шкафы;;160;;Бытовое;генеральная;дезинфекция;;;;;;;;1 раз в месяц;сотрудник внутреннего клининга;
151;Тепловое оборудование;расстоечные шкафы;расстоечные шкафы;расстоечные шкафы;;150;;Бытовое;основная;мойка;;;;;;;;1 раз в неделю;сотрудник внутреннего клининга;
151;Тепловое оборудование;расстоечные шкафы;расстоечные шкафы;расстоечные шкафы;;150;;Бытовое;основная;дезинфекция;;;;;;;;1 раз в неделю;сотрудник внутреннего клининга;
151;Тепловое оборудование;расстоечные шкафы;расстоечные шкафы;расстоечные шкафы;;150;;Бытовое;генеральная;мойка;;;;;;;;1 раз в месяц;сотрудник внутреннего клининга;
151;Тепловое оборудование;расстоечные шкафы;расстоечные шкафы;расстоечные шкафы;;150;;Бытовое;генеральная;дезинфекция;;;;;;;;1 раз в месяц;сотрудник внутреннего клининга;
71;Мебель;стеллажи;стеллажи;стеллажи;;130;;Бытовое;основная;мойка;;;;;;;;1 раз в неделю;сотрудник внутреннего клининга;
71;Мебель;стеллажи;стеллажи;стеллажи;;130;;Бытовое;основная;дезинфекция;;;;;;;;1 раз в неделю;сотрудник внутреннего клининга;
71;Мебель;стеллажи;стеллажи;стеллажи;;130;;Бытовое;генеральная;мойка;;;;;;;;1 раз в месяц;сотрудник внутреннего клининга;
71;Мебель;стеллажи;стеллажи;стеллажи;;130;;Бытовое;генеральная;дезинфекция;;;;;;;;1 раз в месяц;сотрудник внутреннего клининга;
69;Мебель;полки;полки;полки;;130;;Бытовое;основная;мойка;;;;;;;;1 раз в неделю;сотрудник внутреннего клининга;
69;Мебель;полки;полки;полки;;130;;Бытовое;основная;дезинфекция;;;;;;;;1 раз в неделю;сотрудник внутреннего клининга;
69;Мебель;полки;полки;полки;;130;;Бытовое;генеральная;мойка;;;;;;;;1 раз в месяц;сотрудник внутреннего клининга;
69;Мебель;полки;полки;полки;;130;;Бытовое;генеральная;дезинфекция;;;;;;;;1 раз в месяц;сотрудник внутреннего клининга;
72;Мебель;столы;столы;столы;;130;;Бытовое;поддерживающая;дезинфекция;;;;;;;;2 раза в смену;сотрудник внутреннего клининга;
53;Сантехническое оборудование;раковина;раковина;раковина;;90;;Бытовое;основная;мойка;;;;;;;;1 раз в смену;сотрудник внутреннего клининга;
53;Сантехническое оборудование;раковина;раковина;раковина;;90;;Бытовое;основная;дезинфекция;;;;;;;;1 раз в смену;сотрудник внутреннего клининга;
53;Сантехническое оборудование;раковина;раковина;раковина;;90;;Бытовое;генеральная;мойка;;;;;;;;1 раз в месяц;сотрудник внутреннего клининга;
53;Сантехническое оборудование;раковина;раковина;раковина;;90;;Бытовое;генеральная;дезинфекция;;;;;;;;1 раз в месяц;сотрудник внутреннего клининга;
54;Сантехническое оборудование;смеситель;смеситель;смеситель;;90;;Бытовое;основная;мойка;;;;;;;;1 раз в смену;сотрудник внутреннего клининга;
54;Сантехническое оборудование;смеситель;смеситель;смеситель;;90;;Бытовое;основная;дезинфекция;;;;;;;;1 раз в смену;сотрудник внутреннего клининга;
54;Сантехническое оборудование;смеситель;смеситель;смеситель;;90;;Бытовое;генеральная;мойка;;;;;;;;1 раз в месяц;сотрудник внутреннего клининга;
54;Сантехническое оборудование;смеситель;смеситель;смеситель;;90;;Бытовое;генеральная;дезинфекция;;;;;;;;1 раз в месяц;сотрудник внутреннего клининга;
55;Сантехническое оборудование;технологическая мойка;технологическая мойка;технологическая мойка;;100;;Бытовое;основная;мойка;;;;;;;;1 раз в смену;сотрудник внутреннего клининга;
55;Сантехническое оборудование;технологическая мойка;технологическая мойка;технологическая мойка;;100;;Бытовое;основная;дезинфекция;;;;;;;;1 раз в смену;сотрудник внутреннего клининга;
55;Сантехническое оборудование;технологическая мойка;технологическая мойка;технологическая мойка;;100;;Бытовое;генеральная;мойка;;;;;;;;1 раз в месяц;сотрудник внутреннего клининга;
55;Сантехническое оборудование;технологическая мойка;технологическая мойка;технологическая мойка;;100;;Бытовое;генеральная;дезинфекция;;;;;;;;1 раз в месяц;сотрудник внутреннего клининга;
64;Санитарный пост;санитарный пост;санитарный пост;санитарный пост;;110;;Бытовое;основная;мойка;;;;;;;;1 раз в смену;сотрудник внутреннего клининга;
64;Санитарный пост;санитарный пост;санитарный пост;санитарный пост;;110;;Бытовое;основная;дезинфекция;;;;;;;;1 раз в смену;сотрудник внутреннего клининга;
64;Санитарный пост;санитарный пост;санитарный пост;санитарный пост;;110;;Бытовое;генеральная;мойка;;;;;;;;1 раз в месяц;сотрудник внутреннего клининга;
64;Санитарный пост;санитарный пост;санитарный пост;санитарный пост;;110;;Бытовое;генеральная;дезинфекция;;;;;;;;1 раз в месяц;сотрудник внутреннего клининга;
85;Бытовая техника;микроволновки;микроволновая печь;микроволновая печь;;160;;Бытовое;основная;мойка;;;;;;;;1 раз в неделю;сотрудник внутреннего клининга;
85;Бытовая техника;микроволновки;микроволновая печь;микроволновая печь;;160;;Бытовое;основная;дезинфекция;;;;;;;;1 раз в неделю;сотрудник внутреннего клининга;
85;Бытовая техника;микроволновки;микроволновая печь;микроволновая печь;;160;;Бытовое;генеральная;мойка;;;;;;;;1 раз в месяц;сотрудник внутреннего клининга;
85;Бытовая техника;микроволновки;микроволновая печь;микроволновая печь;;160;;Бытовое;генеральная;дезинфекция;;;;;;;;1 раз в месяц;сотрудник внутреннего клининга;
88;Бытовая техника;термопоты;термопот;термопот;;160;;Бытовое;основная;мойка;;;;;;;;1 раз в неделю;сотрудник внутреннего клининга;
88;Бытовая техника;термопоты;термопот;термопот;;160;;Бытовое;основная;дезинфекция;;;;;;;;1 раз в неделю;сотрудник внутреннего клининга;
88;Бытовая техника;термопоты;термопот;термопот;;160;;Бытовое;генеральная;мойка;;;;;;;;1 раз в месяц;сотрудник внутреннего клининга;
88;Бытовая техника;термопоты;термопот;термопот;;160;;Бытовое;генеральная;дезинфекция;;;;;;;;1 раз в месяц;сотрудник внутреннего клининга;
200;Сантехническое оборудование;диспенсердозатор;Диспенсер / дозатор для спецжидкостей;;;100;;Бытовое;основная;мойка;;;;;;;;1 раз в неделю(внешние поверхности);сотрудник внутреннего клининга;
200;Сантехническое оборудование;диспенсердозатор;Диспенсер / дозатор для спецжидкостей;;;100;;Бытовое;основная;дезинфекция;;;;;;;;1 раз в неделю(внешние поверхности);сотрудник внутреннего клининга;
200;Сантехническое оборудование;диспенсердозатор;Диспенсер / дозатор для спецжидкостей;;;100;;Бытовое;генеральная;мойка;;;;;;;;1 раз в месяц(внешние и внутренние поверхности);сотрудник внутреннего клининга;
200;Сантехническое оборудование;диспенсердозатор;Диспенсер / дозатор для спецжидкостей;;;100;;Бытовое;генеральная;дезинфекция;;;;;;;;1 раз в месяц(внешние и внутренние поверхности);сотрудник внутреннего клининга;
201;Технологическое оборудование;прибор кисл теста;Прибор для определения кислотности теста;;;100;;Бытовое;основная;мойка;;;;;;;;1 раз в неделю(внешние поверхности);сотрудник внутреннего клининга;
201;Технологическое оборудование;прибор кисл теста;Прибор для определения кислотности теста;;;100;;Бытовое;основная;дезинфекция;;;;;;;;1 раз в неделю(внешние поверхности);сотрудник внутреннего клининга;
201;Технологическое оборудование;прибор кисл теста;Прибор для определения кислотности теста;;;100;;Бытовое;генеральная;мойка;;;;;;;;1 раз в месяц(внешние и внутренние поверхности);сотрудник внутреннего клининга;
201;Технологическое оборудование;прибор кисл теста;Прибор для определения кислотности теста;;;100;;Бытовое;генеральная;дезинфекция;;;;;;;;1 раз в месяц(внешние и внутренние поверхности);сотрудник внутреннего клининга;
202;Холодильное оборудование;холодильная витрина;Холодильная витрина;;;100;;Бытовое;основная;мойка;;;;;;;;1 раз в неделю(внешние поверхности);сотрудник внутреннего клининга;
202;Холодильное оборудование;холодильная витрина;Холодильная витрина;;;100;;Бытовое;основная;дезинфекция;;;;;;;;1 раз в неделю(внешние поверхности);сотрудник внутреннего клининга;
202;Холодильное оборудование;холодильная витрина;Холодильная витрина;;;100;;Бытовое;генеральная;мойка;;;;;;;;1 раз в месяц(внешние и внутренние поверхности);сотрудник внутреннего клининга;
202;Холодильное оборудование;холодильная витрина;Холодильная витрина;;;100;;Бытовое;генеральная;дезинфекция;;;;;;;;1 раз в месяц(внешние и внутренние поверхности);сотрудник внутреннего клининга;
1;Поверхности;пол;пол;пол;;200;;Бытовое;основная;мойка;;;;;;;;2 раза в смену;сотрудник внутреннего клининга;
1;Поверхности;пол;пол;пол;;200;;Бытовое;основная;дезинфекция;;;;;;;;2 раза в смену;сотрудник внутреннего клининга;
1;Поверхности;пол;пол;пол;;200;;Бытовое;поддерживающая;мойка;;;;;;;;по мере необходимости;сотрудник внутреннего клининга;
60;Санитарный пост;диспенсердержатель для полотенец;диспенсер/держатель для полотенец;диспенсер для полотенец;;110;;Бытовое;основная;мойка;;;;;;;;2 раза в смену;сотрудник внутреннего клининга;
60;Санитарный пост;диспенсердержатель для полотенец;диспенсер/держатель для полотенец;диспенсер для полотенец;;110;;Бытовое;основная;дезинфекция;;;;;;;;2 раза в смену;сотрудник внутреннего клининга;
60;Санитарный пост;диспенсердержатель для полотенец;диспенсер/держатель для полотенец;диспенсер для полотенец;;110;;Бытовое;поддерживающая;мойка;;;;;;;;по мере необходимости;сотрудник внутреннего клининга;
60;Санитарный пост;диспенсердержатель для полотенец;диспенсер/держатель для полотенец;диспенсер для полотенец;;110;;Бытовое;генеральная;мойка;;;;;;;;1 раз в месяц;сотрудник внутреннего клининга;
60;Санитарный пост;диспенсердержатель для полотенец;диспенсер/держатель для полотенец;диспенсер для полотенец;;110;;Бытовое;генеральная;дезинфекция;;;;;;;;1 раз в месяц;сотрудник внутреннего клининга;
69;Мебель;полки;полки;полки;;130;;Бытовое;основная;мойка;;;;;;;;2 раза в смену;сотрудник внутреннего клининга;
69;Мебель;полки;полки;полки;;130;;Бытовое;основная;дезинфекция;;;;;;;;2 раза в смену;сотрудник внутреннего клининга;
69;Мебель;полки;полки;полки;;130;;Бытовое;поддерживающая;мойка;;;;;;;;по мере необходимости;сотрудник внутреннего клининга;
127;Моечный, уборочный инвентарь и оборудование;поломоечная машина;поломоечная машина;поломоечная машина;;170;;Бытовое;основная;мойка;;;;;;;;2 раза в смену;сотрудник внутреннего клининга;
127;Моечный, уборочный инвентарь и оборудование;поломоечная машина;поломоечная машина;поломоечная машина;;170;;Бытовое;основная;дезинфекция;;;;;;;;2 раза в смену;сотрудник внутреннего клининга;
127;Моечный, уборочный инвентарь и оборудование;поломоечная машина;поломоечная машина;поломоечная машина;;170;;Бытовое;поддерживающая;мойка;;;;;;;;по мере необходимости;сотрудник внутреннего клининга;
127;Моечный, уборочный инвентарь и оборудование;поломоечная машина;поломоечная машина;поломоечная машина;;170;;Бытовое;генеральная;мойка;;;;;;;;1 раз в месяц;сотрудник внутреннего клининга;
127;Моечный, уборочный инвентарь и оборудование;поломоечная машина;поломоечная машина;поломоечная машина;;170;;Бытовое;генеральная;дезинфекция;;;;;;;;1 раз в месяц;сотрудник внутреннего клининга;
132;Посудомоечное оборудование;пмм купольная;посудомоечная машина купольная;посудомоечная машина;купольная;160;;Бытовое;основная;мойка;;;;;;;;2 раза в смену;сотрудник внутреннего клининга;
132;Посудомоечное оборудование;пмм купольная;посудомоечная машина купольная;посудомоечная машина;купольная;160;;Бытовое;основная;дезинфекция;;;;;;;;2 раза в смену;сотрудник внутреннего клининга;
132;Посудомоечное оборудование;пмм купольная;посудомоечная машина купольная;посудомоечная машина;купольная;160;;Бытовое;поддерживающая;мойка;;;;;;;;по мере необходимости;сотрудник внутреннего клининга;
132;Посудомоечное оборудование;пмм купольная;посудомоечная машина купольная;посудомоечная машина;купольная;160;;Бытовое;генеральная;мойка;;;;;;;;1 раз в месяц;сотрудник внутреннего клининга;
132;Посудомоечное оборудование;пмм купольная;посудомоечная машина купольная;посудомоечная машина;купольная;160;;Бытовое;генеральная;дезинфекция;;;;;;;;1 раз в месяц;сотрудник внутреннего клининга;
157;Технологическое оборудование;весы напольные;весы напольные;весы напольные;;150;;Бытовое;основная;мойка;;;;;;;;2 раза в смену;сотрудник внутреннего клининга;
157;Технологическое оборудование;весы напольные;весы напольные;весы напольные;;150;;Бытовое;основная;дезинфекция;;;;;;;;2 раза в смену;сотрудник внутреннего клининга;
157;Технологическое оборудование;весы напольные;весы напольные;весы напольные;;150;;Бытовое;поддерживающая;мойка;;;;;;;;по мере необходимости;сотрудник внутреннего клининга;
157;Технологическое оборудование;весы напольные;весы напольные;весы напольные;;150;;Бытовое;генеральная;мойка;;;;;;;;1 раз в месяц;сотрудник внутреннего клининга;
157;Технологическое оборудование;весы напольные;весы напольные;весы напольные;;150;;Бытовое;генеральная;дезинфекция;;;;;;;;1 раз в месяц;сотрудник внутреннего клининга;
200;Сантехническое оборудование;диспенсердозатор;Диспенсер / дозатор для спецжидкостей;;;100;;Бытовое;основная;мойка;;;;;;;;2 раза в смену;сотрудник внутреннего клининга;
200;Сантехническое оборудование;диспенсердозатор;Диспенсер / дозатор для спецжидкостей;;;100;;Бытовое;основная;дезинфекция;;;;;;;;2 раза в смену;сотрудник внутреннего клининга;
201;Технологическое оборудование;прибор кисл теста;Прибор для определения кислотности теста;;;100;;Бытовое;основная;мойка;;;;;;;;2 раза в смену;сотрудник внутреннего клининга;
201;Технологическое оборудование;прибор кисл теста;Прибор для определения кислотности теста;;;100;;Бытовое;основная;дезинфекция;;;;;;;;2 раза в смену;сотрудник внутреннего клининга;
202;Холодильное оборудование;холодильная витрина;Холодильная витрина;;;100;;Бытовое;основная;мойка;;;;;;;;2 раза в смену;сотрудник внутреннего клининга;
202;Холодильное оборудование;холодильная витрина;Холодильная витрина;;;100;;Бытовое;основная;дезинфекция;;;;;;;;2 раза в смену;сотрудник внутреннего клининга;
2;Поверхности;бактерицидные лампы;бактерицидные лампы;бактерицидные лампы;;40;;Бытовое;основная;мойка;;;;;;;;;;
2;Поверхности;бактерицидные лампы;бактерицидные лампы;бактерицидные лампы;;40;;Бытовое;основная;дезинфекция;;;;;;;;;;
3;Поверхности;бойлера;бойлер;бойлер;;70;;Бытовое;основная;мойка;;;;;;;;;;
3;Поверхности;бойлера;бойлер;бойлер;;70;;Бытовое;основная;дезинфекция;;;;;;;;;;
4;Поверхности;вентиляторы;вентилятор;вентилятор;;80;;Бытовое;основная;мойка;;;;;;;;;;
4;Поверхности;вентиляторы;вентилятор;вентилятор;;80;;Бытовое;основная;дезинфекция;;;;;;;;;;
7;Поверхности;воротароллета;ворота/роллета;ворота/роллета;;90;;Бытовое;основная;мойка;;;;;;;;;;
7;Поверхности;воротароллета;ворота/роллета;ворота/роллета;;90;;Бытовое;основная;дезинфекция;;;;;;;;;;
9;Поверхности;вытяжные зонты а;вытяжные зонты алюминиевые;вытяжные зонты;А;25;;Бытовое;основная;мойка;;;;;;;;;;
9;Поверхности;вытяжные зонты а;вытяжные зонты алюминиевые;вытяжные зонты;А;25;;Бытовое;основная;дезинфекция;;;;;;;;;;
10;Поверхности;вытяжные зонты н;вытяжные зонты из нержавеющей стали;вытяжные зонты;Н;25;;Бытовое;основная;мойка;;;;;;;;;;
10;Поверхности;вытяжные зонты н;вытяжные зонты из нержавеющей стали;вытяжные зонты;Н;25;;Бытовое;основная;дезинфекция;;;;;;;;;;
11;Поверхности;гидравлические тележки;гидравлические тележки;гидравлические тележки;;180;;Бытовое;основная;мойка;;;;;;;;;;
11;Поверхности;гидравлические тележки;гидравлические тележки;гидравлические тележки;;180;;Бытовое;основная;дезинфекция;;;;;;;;;;
14;Поверхности;демосистема (контактная поверхность);демосистема (контактная поверхность);демосистема (контактная поверхность);;70;;Бытовое;основная;мойка;;;;;;;;;;
14;Поверхности;демосистема (контактная поверхность);демосистема (контактная поверхность);демосистема (контактная поверхность);;70;;Бытовое;основная;дезинфекция;;;;;;;;;;
15;Поверхности;держатели для досок;держатели для досок;держатели для досок;;70;;Бытовое;основная;мойка;;;;;;;;;;
15;Поверхности;держатели для досок;держатели для досок;держатели для досок;;70;;Бытовое;основная;дезинфекция;;;;;;;;;;
16;Поверхности;держатели для инвентаря;держатели для инвентаря;держатели для инвентаря;;70;;Бытовое;основная;мойка;;;;;;;;;;
16;Поверхности;держатели для инвентаря;держатели для инвентаря;держатели для инвентаря;;70;;Бытовое;основная;дезинфекция;;;;;;;;;;
17;Поверхности;держатели для ножей;держатели для ножей;держатели для ножей;;70;;Бытовое;основная;мойка;;;;;;;;;;
17;Поверхности;держатели для ножей;держатели для ножей;держатели для ножей;;70;;Бытовое;основная;дезинфекция;;;;;;;;;;
19;Поверхности;завесы пвх;завесы ПВХ;завесы ПВХ;;80;;Бытовое;основная;мойка;;;;;;;;;;
19;Поверхности;завесы пвх;завесы ПВХ;завесы ПВХ;;80;;Бытовое;основная;дезинфекция;;;;;;;;;;
20;Поверхности;завесы тепловые;завесы тепловые;завесы тепловые;;80;;Бытовое;основная;мойка;;;;;;;;;;
20;Поверхности;завесы тепловые;завесы тепловые;завесы тепловые;;80;;Бытовое;основная;дезинфекция;;;;;;;;;;
23;Поверхности;кондиционер;кондиционер;кондиционер;;50;;Бытовое;основная;мойка;;;;;;;;;;
23;Поверхности;кондиционер;кондиционер;кондиционер;;50;;Бытовое;основная;дезинфекция;;;;;;;;;;
24;Поверхности;контейнеры для отходов;контейнеры для отходов;контейнеры для отходов;;190;;Бытовое;основная;мойка;;;;;;;;;;
24;Поверхности;контейнеры для отходов;контейнеры для отходов;контейнеры для отходов;;190;;Бытовое;основная;дезинфекция;;;;;;;;;;
25;Поверхности;лестницы;лестницы;лестницы;;180;;Бытовое;основная;мойка;;;;;;;;;;
25;Поверхности;лестницы;лестницы;лестницы;;180;;Бытовое;основная;дезинфекция;;;;;;;;;;
26;Поверхности;металлоконструкции;металлоконструкции;металлоконструкции;;70;;Бытовое;основная;мойка;;;;;;;;;;
26;Поверхности;металлоконструкции;металлоконструкции;металлоконструкции;;70;;Бытовое;основная;дезинфекция;;;;;;;;;;
27;Поверхности;мусорные корзины;мусорные корзины;мусорные корзины;;185;;Бытовое;основная;мойка;;;;;;;;;;
27;Поверхности;мусорные корзины;мусорные корзины;мусорные корзины;;185;;Бытовое;основная;дезинфекция;;;;;;;;;;
29;Поверхности;окна внутрицеховые;окна внутрицеховые;окна внутрицеховые;;55;;Бытовое;основная;мойка;;;;;;;;;;
29;Поверхности;окна внутрицеховые;окна внутрицеховые;окна внутрицеховые;;55;;Бытовое;основная;дезинфекция;;;;;;;;;;
31;Поверхности;пластиковые паллеты;пластиковые паллеты;пластиковые паллеты;;175;;Бытовое;основная;мойка;;;;;;;;;;
31;Поверхности;пластиковые паллеты;пластиковые паллеты;пластиковые паллеты;;175;;Бытовое;основная;дезинфекция;;;;;;;;;;
32;Поверхности;пластиковые подкаты;пластиковые подкаты;пластиковые подкаты;;175;;Бытовое;основная;мойка;;;;;;;;;;
32;Поверхности;пластиковые подкаты;пластиковые подкаты;пластиковые подкаты;;175;;Бытовое;основная;дезинфекция;;;;;;;;;;
33;Поверхности;погрузчики;погрузчики;погрузчики;;180;;Бытовое;основная;мойка;;;;;;;;;;
33;Поверхности;погрузчики;погрузчики;погрузчики;;180;;Бытовое;основная;дезинфекция;;;;;;;;;;
34;Поверхности;пожарный щит;пожарный щит;пожарный щит;;70;;Бытовое;основная;мойка;;;;;;;;;;
34;Поверхности;пожарный щит;пожарный щит;пожарный щит;;70;;Бытовое;основная;дезинфекция;;;;;;;;;;
35;Поверхности;потолок () ок;потолок окрашенный;потолок (высота _____м);ОК;10;;Бытовое;основная;мойка;;;;;;;;;;
35;Поверхности;потолок () ок;потолок окрашенный;потолок (высота _____м);ОК;10;;Бытовое;основная;дезинфекция;;;;;;;;;;
37;Поверхности;резиновые коврики;резиновые коврики;резиновые коврики;;190;;Бытовое;основная;мойка;;;;;;;;;;
37;Поверхности;резиновые коврики;резиновые коврики;резиновые коврики;;190;;Бытовое;основная;дезинфекция;;;;;;;;;;
40;Поверхности;сплит-системы;сплит-системы;сплит-системы;;50;;Бытовое;основная;мойка;;;;;;;;;;
40;Поверхности;сплит-системы;сплит-системы;сплит-системы;;50;;Бытовое;основная;дезинфекция;;;;;;;;;;
43;Поверхности;стерилизатор;стерилизатор;стерилизатор;;70;;Бытовое;основная;мойка;;;;;;;;;;
43;Поверхности;стерилизатор;стерилизатор;стерилизатор;;70;;Бытовое;основная;дезинфекция;;;;;;;;;;
44;Поверхности;стоки;стоки;стоки;;195;;Бытовое;основная;мойка;;;;;;;;;;
44;Поверхности;стоки;стоки;стоки;;195;;Бытовое;основная;дезинфекция;;;;;;;;;;
45;Поверхности;трапы;трапы;трапы;;195;;Бытовое;основная;мойка;;;;;;;;;;
45;Поверхности;трапы;трапы;трапы;;195;;Бытовое;основная;дезинфекция;;;;;;;;;;
46;Поверхности;часы;часы;часы;;80;;Бытовое;основная;мойка;;;;;;;;;;
46;Поверхности;часы;часы;часы;;80;;Бытовое;основная;дезинфекция;;;;;;;;;;
47;Поверхности;штабелёры;штабелёр;штабелёр;;180;;Бытовое;основная;мойка;;;;;;;;;;
47;Поверхности;штабелёры;штабелёр;штабелёр;;180;;Бытовое;основная;дезинфекция;;;;;;;;;;
48;Поверхности;электрощиты;электрощит;электрощит;;70;;Бытовое;основная;мойка;;;;;;;;;;
48;Поверхности;электрощиты;электрощит;электрощит;;70;;Бытовое;основная;дезинфекция;;;;;;;;;;
49;Поверхности;ёлки для колец;ёлки для колец;ёлки для колец;;170;;Бытовое;основная;мойка;;;;;;;;;;
49;Поверхности;ёлки для колец;ёлки для колец;ёлки для колец;;170;;Бытовое;основная;дезинфекция;;;;;;;;;;
50;Сантехническое оборудование;душевая кабина;душевая кабина;душевая кабина;;100;;Бытовое;основная;мойка;;;;;;;;;;
50;Сантехническое оборудование;душевая кабина;душевая кабина;душевая кабина;;100;;Бытовое;основная;дезинфекция;;;;;;;;;;
51;Сантехническое оборудование;душевые секции;душевые секции;душевые секции;;100;;Бытовое;основная;мойка;;;;;;;;;;
51;Сантехническое оборудование;душевые секции;душевые секции;душевые секции;;100;;Бытовое;основная;дезинфекция;;;;;;;;;;
52;Сантехническое оборудование;писсуар;писсуар;писсуар;;90;;Бытовое;основная;мойка;;;;;;;;;;
52;Сантехническое оборудование;писсуар;писсуар;писсуар;;90;;Бытовое;основная;дезинфекция;;;;;;;;;;
56;Сантехническое оборудование;унитаз;унитаз;унитаз;;90;;Бытовое;основная;мойка;;;;;;;;;;
56;Сантехническое оборудование;унитаз;унитаз;унитаз;;90;;Бытовое;основная;дезинфекция;;;;;;;;;;
57;Санитарный пост;бак для грязной одежды;бак для грязной одежды;бак для грязной одежды;;110;;Бытовое;основная;мойка;;;;;;;;;;
57;Санитарный пост;бак для грязной одежды;бак для грязной одежды;бак для грязной одежды;;110;;Бытовое;основная;дезинфекция;;;;;;;;;;
58;Санитарный пост;дезинфицирующие маты;дезинфицирующие маты;дезинфицирующие маты;;120;;Бытовое;основная;мойка;;;;;;;;;;
58;Санитарный пост;дезинфицирующие маты;дезинфицирующие маты;дезинфицирующие маты;;120;;Бытовое;основная;дезинфекция;;;;;;;;;;
59;Санитарный пост;диспенсер для тб;диспенсер для тулетной бумаги;диспенсер для тулетной бумаги;;110;;Бытовое;основная;мойка;;;;;;;;;;
59;Санитарный пост;диспенсер для тб;диспенсер для тулетной бумаги;диспенсер для тулетной бумаги;;110;;Бытовое;основная;дезинфекция;;;;;;;;;;
62;Санитарный пост;корзиныдиспенсеры для сиз;корзины/диспенсеры для СИЗ;корзины/диспенсеры для СИЗ;;110;;Бытовое;основная;мойка;;;;;;;;;;
62;Санитарный пост;корзиныдиспенсеры для сиз;корзины/диспенсеры для СИЗ;корзины/диспенсеры для СИЗ;;110;;Бытовое;основная;дезинфекция;;;;;;;;;;
63;Санитарный пост;модульный санпропускник;модульный санпропускник;модульный санпропускник;;120;;Бытовое;основная;мойка;;;;;;;;;;
63;Санитарный пост;модульный санпропускник;модульный санпропускник;модульный санпропускник;;120;;Бытовое;основная;дезинфекция;;;;;;;;;;
65;Санитарный пост;сушилка для рук;сушилка для рук;сушилка для рук;;110;;Бытовое;основная;мойка;;;;;;;;;;
65;Санитарный пост;сушилка для рук;сушилка для рук;сушилка для рук;;110;;Бытовое;основная;дезинфекция;;;;;;;;;;
67;Мебель;зеркала;зеркала;зеркала;;130;;Бытовое;основная;мойка;;;;;;;;;;
67;Мебель;зеркала;зеркала;зеркала;;130;;Бытовое;основная;дезинфекция;;;;;;;;;;
74;Мебель;сушилка для обуви;сушилка для обуви;сушилка для обуви;;130;;Бытовое;основная;мойка;;;;;;;;;;
74;Мебель;сушилка для обуви;сушилка для обуви;сушилка для обуви;;130;;Бытовое;основная;дезинфекция;;;;;;;;;;
76;Офисная техника;компьютеры;компьютер;компьютер;;140;;Бытовое;основная;мойка;;;;;;;;;;
76;Офисная техника;компьютеры;компьютер;компьютер;;140;;Бытовое;основная;дезинфекция;;;;;;;;;;
77;Офисная техника;мониторы;монитор;монитор;;140;;Бытовое;основная;мойка;;;;;;;;;;
77;Офисная техника;мониторы;монитор;монитор;;140;;Бытовое;основная;дезинфекция;;;;;;;;;;
78;Офисная техника;принтера;принтер;принтер;;140;;Бытовое;основная;мойка;;;;;;;;;;
78;Офисная техника;принтера;принтер;принтер;;140;;Бытовое;основная;дезинфекция;;;;;;;;;;
79;Офисная техника;телефоны;телефон;телефон;;140;;Бытовое;основная;мойка;;;;;;;;;;
79;Офисная техника;телефоны;телефон;телефон;;140;;Бытовое;основная;дезинфекция;;;;;;;;;;
80;Многоразовые резиновые СИЗ;нарукавники;нарукавники;нарукавники;;150;;Бытовое;основная;мойка;;;;;;;;;;
80;Многоразовые резиновые СИЗ;нарукавники;нарукавники;нарукавники;;150;;Бытовое;основная;дезинфекция;;;;;;;;;;
81;Многоразовые резиновые СИЗ;перчатки;перчатки;перчатки;;150;;Бытовое;основная;мойка;;;;;;;;;;
81;Многоразовые резиновые СИЗ;перчатки;перчатки;перчатки;;150;;Бытовое;основная;дезинфекция;;;;;;;;;;
82;Многоразовые резиновые СИЗ;сапоги;сапоги;сапоги;;150;;Бытовое;основная;мойка;;;;;;;;;;
82;Многоразовые резиновые СИЗ;сапоги;сапоги;сапоги;;150;;Бытовое;основная;дезинфекция;;;;;;;;;;
83;Многоразовые резиновые СИЗ;фартуки;фартуки;фартуки;;150;;Бытовое;основная;мойка;;;;;;;;;;
83;Многоразовые резиновые СИЗ;фартуки;фартуки;фартуки;;150;;Бытовое;основная;дезинфекция;;;;;;;;;;
84;Бытовая техника;кулера;кулер;кулер;;160;;Бытовое;основная;мойка;;;;;;;;;;
84;Бытовая техника;кулера;кулер;кулер;;160;;Бытовое;основная;дезинфекция;;;;;;;;;;
86;Бытовая техника;стиральные машины;стиральная машина;стиральная машина;;160;;Бытовое;основная;мойка;;;;;;;;;;
86;Бытовая техника;стиральные машины;стиральная машина;стиральная машина;;160;;Бытовое;основная;дезинфекция;;;;;;;;;;
87;Бытовая техника;сушильные машины;сушильная машина;сушильная машина;;160;;Бытовое;основная;мойка;;;;;;;;;;
87;Бытовая техника;сушильные машины;сушильная машина;сушильная машина;;160;;Бытовое;основная;дезинфекция;;;;;;;;;;
89;Бытовая техника;холодильники;холодильник бытовой;холодильник бытовой;;160;;Бытовое;основная;мойка;;;;;;;;;;
89;Бытовая техника;холодильники;холодильник бытовой;холодильник бытовой;;160;;Бытовое;основная;дезинфекция;;;;;;;;;;
90;Бытовая техника;чайники;чайник электрический;чайник электрический;;160;;Бытовое;основная;мойка;;;;;;;;;;
90;Бытовая техника;чайники;чайник электрический;чайник электрический;;160;;Бытовое;основная;дезинфекция;;;;;;;;;;
91;Инвентарь, посуда и т.д.;вешала;вешала;вешала;;150;;Бытовое;основная;мойка;;;;;;;;;;
91;Инвентарь, посуда и т.д.;вешала;вешала;вешала;;150;;Бытовое;основная;дезинфекция;;;;;;;;;;
92;Инвентарь, посуда и т.д.;внутрицеховая тара (вёдра ящики);внутрицеховая тара (вёдра, ящики);внутрицеховая тара (вёдра, ящики);;150;;Бытовое;основная;мойка;;;;;;;;;;
92;Инвентарь, посуда и т.д.;внутрицеховая тара (вёдра ящики);внутрицеховая тара (вёдра, ящики);внутрицеховая тара (вёдра, ящики);;150;;Бытовое;основная;дезинфекция;;;;;;;;;;
93;Инвентарь, посуда и т.д.;гастроёмкости;гастроёмкости;гастроёмкости;;150;;Бытовое;основная;мойка;;;;;;;;;;
93;Инвентарь, посуда и т.д.;гастроёмкости;гастроёмкости;гастроёмкости;;150;;Бытовое;основная;дезинфекция;;;;;;;;;;
94;Инвентарь, посуда и т.д.;дежи;дежи;дежи;;150;;Бытовое;основная;мойка;;;;;;;;;;
94;Инвентарь, посуда и т.д.;дежи;дежи;дежи;;150;;Бытовое;основная;дезинфекция;;;;;;;;;;
95;Инвентарь, посуда и т.д.;доски;доски;доски;;150;;Бытовое;основная;мойка;;;;;;;;;;
95;Инвентарь, посуда и т.д.;доски;доски;доски;;150;;Бытовое;основная;дезинфекция;;;;;;;;;;
96;Инвентарь, посуда и т.д.;изотермические контейнеры (bigbox);изотермические контейнеры (bigbox);изотермические контейнеры (bigbox);;150;;Бытовое;основная;мойка;;;;;;;;;;
96;Инвентарь, посуда и т.д.;изотермические контейнеры (bigbox);изотермические контейнеры (bigbox);изотермические контейнеры (bigbox);;150;;Бытовое;основная;дезинфекция;;;;;;;;;;
97;Инвентарь, посуда и т.д.;инвентарь;инвентарь;инвентарь;;150;;Бытовое;основная;мойка;;;;;;;;;;
97;Инвентарь, посуда и т.д.;инвентарь;инвентарь;инвентарь;;150;;Бытовое;основная;дезинфекция;;;;;;;;;;
98;Инвентарь, посуда и т.д.;корзины для расстойки теста;корзины для расстойки теста;корзины для расстойки теста;;150;;Бытовое;основная;мойка;;;;;;;;;;
98;Инвентарь, посуда и т.д.;корзины для расстойки теста;корзины для расстойки теста;корзины для расстойки теста;;150;;Бытовое;основная;дезинфекция;;;;;;;;;;
99;Инвентарь, посуда и т.д.;крючки;крючки;крючки;;150;;Бытовое;основная;мойка;;;;;;;;;;
99;Инвентарь, посуда и т.д.;крючки;крючки;крючки;;150;;Бытовое;основная;дезинфекция;;;;;;;;;;
100;Инвентарь, посуда и т.д.;листы для выпечки а;листы для выпечки алюминиевые;листы для выпечки;А;150;;Бытовое;основная;мойка;;;;;;;;;;
100;Инвентарь, посуда и т.д.;листы для выпечки а;листы для выпечки алюминиевые;листы для выпечки;А;150;;Бытовое;основная;дезинфекция;;;;;;;;;;
101;Инвентарь, посуда и т.д.;листы для выпечки н;листы для выпечки из нержавеющей стали;листы для выпечки;Н;150;;Бытовое;основная;мойка;;;;;;;;;;
101;Инвентарь, посуда и т.д.;листы для выпечки н;листы для выпечки из нержавеющей стали;листы для выпечки;Н;150;;Бытовое;основная;дезинфекция;;;;;;;;;;
102;Инвентарь, посуда и т.д.;листы от шпилек;листы от шпилек;листы от шпилек;;150;;Бытовое;основная;мойка;;;;;;;;;;
102;Инвентарь, посуда и т.д.;листы от шпилек;листы от шпилек;листы от шпилек;;150;;Бытовое;основная;дезинфекция;;;;;;;;;;
103;Инвентарь, посуда и т.д.;мусаты;мусаты;мусаты;;150;;Бытовое;основная;мойка;;;;;;;;;;
103;Инвентарь, посуда и т.д.;мусаты;мусаты;мусаты;;150;;Бытовое;основная;дезинфекция;;;;;;;;;;
104;Инвентарь, посуда и т.д.;ножи;ножи разделочные;ножи разделочные;;150;;Бытовое;основная;мойка;;;;;;;;;;
104;Инвентарь, посуда и т.д.;ножи;ножи разделочные;ножи разделочные;;150;;Бытовое;основная;дезинфекция;;;;;;;;;;
105;Инвентарь, посуда и т.д.;оборотная тара;оборотная тара;оборотная тара;;150;;Бытовое;основная;мойка;;;;;;;;;;
105;Инвентарь, посуда и т.д.;оборотная тара;оборотная тара;оборотная тара;;150;;Бытовое;основная;дезинфекция;;;;;;;;;;
106;Инвентарь, посуда и т.д.;отсадочные мешки;отсадочные мешки;отсадочные мешки;;150;;Бытовое;основная;мойка;;;;;;;;;;
106;Инвентарь, посуда и т.д.;отсадочные мешки;отсадочные мешки;отсадочные мешки;;150;;Бытовое;основная;дезинфекция;;;;;;;;;;
107;Инвентарь, посуда и т.д.;передвижные ёмкости;передвижные ёмкости;передвижные ёмкости;;150;;Бытовое;основная;мойка;;;;;;;;;;
107;Инвентарь, посуда и т.д.;передвижные ёмкости;передвижные ёмкости;передвижные ёмкости;;150;;Бытовое;основная;дезинфекция;;;;;;;;;;
108;Инвентарь, посуда и т.д.;посуда;посуда;посуда;;150;;Бытовое;основная;мойка;;;;;;;;;;
108;Инвентарь, посуда и т.д.;посуда;посуда;посуда;;150;;Бытовое;основная;дезинфекция;;;;;;;;;;
109;Инвентарь, посуда и т.д.;расстоечные термочехлы;расстоечные термочехлы;расстоечные термочехлы;;150;;Бытовое;основная;мойка;;;;;;;;;;
109;Инвентарь, посуда и т.д.;расстоечные термочехлы;расстоечные термочехлы;расстоечные термочехлы;;150;;Бытовое;основная;дезинфекция;;;;;;;;;;
110;Инвентарь, посуда и т.д.;секачи;секачи;секачи;;150;;Бытовое;основная;мойка;;;;;;;;;;
110;Инвентарь, посуда и т.д.;секачи;секачи;секачи;;150;;Бытовое;основная;дезинфекция;;;;;;;;;;
111;Инвентарь, посуда и т.д.;силапеновые коврики;силапеновые коврики;силапеновые коврики;;150;;Бытовое;основная;мойка;;;;;;;;;;
111;Инвентарь, посуда и т.д.;силапеновые коврики;силапеновые коврики;силапеновые коврики;;150;;Бытовое;основная;дезинфекция;;;;;;;;;;
112;Инвентарь, посуда и т.д.;съёмные детали оборудования а;съёмные детали оборудования алюминиевые;съёмные детали оборудования;А;150;;Бытовое;основная;мойка;;;;;;;;;;
112;Инвентарь, посуда и т.д.;съёмные детали оборудования а;съёмные детали оборудования алюминиевые;съёмные детали оборудования;А;150;;Бытовое;основная;дезинфекция;;;;;;;;;;
113;Инвентарь, посуда и т.д.;съёмные детали оборудования н;съёмные детали оборудования из нержавеющей стали;съёмные детали оборудования;Н;150;;Бытовое;основная;мойка;;;;;;;;;;
113;Инвентарь, посуда и т.д.;съёмные детали оборудования н;съёмные детали оборудования из нержавеющей стали;съёмные детали оборудования;Н;150;;Бытовое;основная;дезинфекция;;;;;;;;;;
114;Инвентарь, посуда и т.д.;тележки;тележки;тележки;;150;;Бытовое;основная;мойка;;;;;;;;;;
114;Инвентарь, посуда и т.д.;тележки;тележки;тележки;;150;;Бытовое;основная;дезинфекция;;;;;;;;;;
115;Инвентарь, посуда и т.д.;тележки подкатные;тележки подкатные;тележки подкатные;;150;;Бытовое;основная;мойка;;;;;;;;;;
115;Инвентарь, посуда и т.д.;тележки подкатные;тележки подкатные;тележки подкатные;;150;;Бытовое;основная;дезинфекция;;;;;;;;;;
116;Инвентарь, посуда и т.д.;формы для выпечки а;формы для выпечки алюминиевые;формы для выпечки;А;150;;Бытовое;основная;мойка;;;;;;;;;;
116;Инвентарь, посуда и т.д.;формы для выпечки а;формы для выпечки алюминиевые;формы для выпечки;А;150;;Бытовое;основная;дезинфекция;;;;;;;;;;
117;Инвентарь, посуда и т.д.;формы для выпечки н;формы для выпечки из нержавеющей стали;формы для выпечки;Н;150;;Бытовое;основная;мойка;;;;;;;;;;
117;Инвентарь, посуда и т.д.;формы для выпечки н;формы для выпечки из нержавеющей стали;формы для выпечки;Н;150;;Бытовое;основная;дезинфекция;;;;;;;;;;
118;Инвентарь, посуда и т.д.;формы для выпечки с;формы для выпечки силиконовые;формы для выпечки;С;150;;Бытовое;основная;мойка;;;;;;;;;;
118;Инвентарь, посуда и т.д.;формы для выпечки с;формы для выпечки силиконовые;формы для выпечки;С;150;;Бытовое;основная;дезинфекция;;;;;;;;;;
119;Инвентарь, посуда и т.д.;шампура;шампуры;шампуры;;150;;Бытовое;основная;мойка;;;;;;;;;;
119;Инвентарь, посуда и т.д.;шампура;шампуры;шампуры;;150;;Бытовое;основная;дезинфекция;;;;;;;;;;
120;Инвентарь, посуда и т.д.;шпильки;шпильки;шпильки;;150;;Бытовое;основная;мойка;;;;;;;;;;
120;Инвентарь, посуда и т.д.;шпильки;шпильки;шпильки;;150;;Бытовое;основная;дезинфекция;;;;;;;;;;
121;Инвентарь, посуда и т.д.;ёмкости для перетаривания;ёмкости для перетаривания;ёмкости для перетаривания;;150;;Бытовое;основная;мойка;;;;;;;;;;
121;Инвентарь, посуда и т.д.;ёмкости для перетаривания;ёмкости для перетаривания;ёмкости для перетаривания;;150;;Бытовое;основная;дезинфекция;;;;;;;;;;
122;Инвентарь, посуда и т.д.;ёмкости для сыпучих продуктов;ёмкости для сыпучих продуктов;ёмкости для сыпучих продуктов;;150;;Бытовое;основная;мойка;;;;;;;;;;
122;Инвентарь, посуда и т.д.;ёмкости для сыпучих продуктов;ёмкости для сыпучих продуктов;ёмкости для сыпучих продуктов;;150;;Бытовое;основная;дезинфекция;;;;;;;;;;
123;Моечный, уборочный инвентарь и оборудование;авд;АВД;АВД;;170;;Бытовое;основная;мойка;;;;;;;;;;
123;Моечный, уборочный инвентарь и оборудование;авд;АВД;АВД;;170;;Бытовое;основная;дезинфекция;;;;;;;;;;
124;Моечный, уборочный инвентарь и оборудование;ведра;ведра;ведра;;170;;Бытовое;основная;мойка;;;;;;;;;;
124;Моечный, уборочный инвентарь и оборудование;ведра;ведра;ведра;;170;;Бытовое;основная;дезинфекция;;;;;;;;;;
125;Моечный, уборочный инвентарь и оборудование;ветошь;ветошь;ветошь;;170;;Бытовое;основная;мойка;;;;;;;;;;
125;Моечный, уборочный инвентарь и оборудование;ветошь;ветошь;ветошь;;170;;Бытовое;основная;дезинфекция;;;;;;;;;;
126;Моечный, уборочный инвентарь и оборудование;мопы;мопы;мопы;;170;;Бытовое;основная;мойка;;;;;;;;;;
126;Моечный, уборочный инвентарь и оборудование;мопы;мопы;мопы;;170;;Бытовое;основная;дезинфекция;;;;;;;;;;
128;Моечный, уборочный инвентарь и оборудование;пылесосы;пылесос;пылесос;;170;;Бытовое;основная;мойка;;;;;;;;;;
128;Моечный, уборочный инвентарь и оборудование;пылесосы;пылесос;пылесос;;170;;Бытовое;основная;дезинфекция;;;;;;;;;;
129;Моечный, уборочный инвентарь и оборудование;сгоны;сгоны для воды;сгоны для воды;;170;;Бытовое;основная;мойка;;;;;;;;;;
129;Моечный, уборочный инвентарь и оборудование;сгоны;сгоны для воды;сгоны для воды;;170;;Бытовое;основная;дезинфекция;;;;;;;;;;
130;Моечный, уборочный инвентарь и оборудование;тележки уборочные;тележки уборочные;тележки уборочные;;170;;Бытовое;основная;мойка;;;;;;;;;;
130;Моечный, уборочный инвентарь и оборудование;тележки уборочные;тележки уборочные;тележки уборочные;;170;;Бытовое;основная;дезинфекция;;;;;;;;;;
131;Моечный, уборочный инвентарь и оборудование;щётки;щётки;щётки;;170;;Бытовое;основная;мойка;;;;;;;;;;
131;Моечный, уборочный инвентарь и оборудование;щётки;щётки;щётки;;170;;Бытовое;основная;дезинфекция;;;;;;;;;;
133;Посудомоечное оборудование;пмм туннельная;посудомоечная машина туннельная;посудомоечная машина;туннельная;160;;Бытовое;основная;мойка;;;;;;;;;;
133;Посудомоечное оборудование;пмм туннельная;посудомоечная машина туннельная;посудомоечная машина;туннельная;160;;Бытовое;основная;дезинфекция;;;;;;;;;;
134;Посудомоечное оборудование;таромоечная машина;таромоечная машина;таромоечная машина;;160;;Бытовое;основная;мойка;;;;;;;;;;
134;Посудомоечное оборудование;таромоечная машина;таромоечная машина;таромоечная машина;;160;;Бытовое;основная;дезинфекция;;;;;;;;;;
135;Холодильное оборудование;камеры мороз;камеры морозильные;камеры морозильные;;160;;Бытовое;основная;мойка;;;;;;;;;;
135;Холодильное оборудование;камеры мороз;камеры морозильные;камеры морозильные;;160;;Бытовое;основная;дезинфекция;;;;;;;;;;
136;Холодильное оборудование;камеры холод;камеры холодильные;камеры холодильные;;160;;Бытовое;основная;мойка;;;;;;;;;;
136;Холодильное оборудование;камеры холод;камеры холодильные;камеры холодильные;;160;;Бытовое;основная;дезинфекция;;;;;;;;;;
137;Холодильное оборудование;камеры шок замор;камеры шоковой заморозки;камеры шоковой заморозки;;160;;Бытовое;основная;мойка;;;;;;;;;;
137;Холодильное оборудование;камеры шок замор;камеры шоковой заморозки;камеры шоковой заморозки;;160;;Бытовое;основная;дезинфекция;;;;;;;;;;
138;Холодильное оборудование;ледогенератор;ледогенератор;ледогенератор;;160;;Бытовое;основная;мойка;;;;;;;;;;
138;Холодильное оборудование;ледогенератор;ледогенератор;ледогенератор;;160;;Бытовое;основная;дезинфекция;;;;;;;;;;
139;Холодильное оборудование;морозильный ларь;морозильный ларь;морозильный ларь;;160;;Бытовое;основная;мойка;;;;;;;;;;
139;Холодильное оборудование;морозильный ларь;морозильный ларь;морозильный ларь;;160;;Бытовое;основная;дезинфекция;;;;;;;;;;
142;Тепловое оборудование;варочные котлы;варочные котлы;варочные котлы;;150;;Бытовое;основная;мойка;;;;;;;;;;
142;Тепловое оборудование;варочные котлы;варочные котлы;варочные котлы;;150;;Бытовое;основная;дезинфекция;;;;;;;;;;
143;Тепловое оборудование;вафельницы;вафельницы;вафельницы;;150;;Бытовое;основная;мойка;;;;;;;;;;
143;Тепловое оборудование;вафельницы;вафельницы;вафельницы;;150;;Бытовое;основная;дезинфекция;;;;;;;;;;
144;Тепловое оборудование;грили;грили;грили;;150;;Бытовое;основная;мойка;;;;;;;;;;
144;Тепловое оборудование;грили;грили;грили;;150;;Бытовое;основная;дезинфекция;;;;;;;;;;
145;Тепловое оборудование;пароконвектоматы;пароконвектоматы;пароконвектоматы;;150;;Бытовое;основная;мойка;;;;;;;;;;
145;Тепловое оборудование;пароконвектоматы;пароконвектоматы;пароконвектоматы;;150;;Бытовое;основная;дезинфекция;;;;;;;;;;
146;Тепловое оборудование;печи подовые;печи подовые;печи подовые;;150;;Бытовое;основная;мойка;;;;;;;;;;
146;Тепловое оборудование;печи подовые;печи подовые;печи подовые;;150;;Бытовое;основная;дезинфекция;;;;;;;;;;
147;Тепловое оборудование;печи ротационные;печи ротационные;печи ротационные;;150;;Бытовое;основная;мойка;;;;;;;;;;
147;Тепловое оборудование;печи ротационные;печи ротационные;печи ротационные;;150;;Бытовое;основная;дезинфекция;;;;;;;;;;
148;Тепловое оборудование;плиты газ;плиты газовые;плиты газовые;;150;;Бытовое;основная;мойка;;;;;;;;;;
148;Тепловое оборудование;плиты газ;плиты газовые;плиты газовые;;150;;Бытовое;основная;дезинфекция;;;;;;;;;;
149;Тепловое оборудование;плиты индук;плиты индукционные;плиты индукционные;;150;;Бытовое;основная;мойка;;;;;;;;;;
149;Тепловое оборудование;плиты индук;плиты индукционные;плиты индукционные;;150;;Бытовое;основная;дезинфекция;;;;;;;;;;
150;Тепловое оборудование;плиты элек;плиты электрические;плиты электрические;;150;;Бытовое;основная;мойка;;;;;;;;;;
150;Тепловое оборудование;плиты элек;плиты электрические;плиты электрические;;150;;Бытовое;основная;дезинфекция;;;;;;;;;;
152;Тепловое оборудование;сковороды;сковороды;сковороды;;150;;Бытовое;основная;мойка;;;;;;;;;;
152;Тепловое оборудование;сковороды;сковороды;сковороды;;150;;Бытовое;основная;дезинфекция;;;;;;;;;;
153;Тепловое оборудование;фритюры;фритюры;фритюры;;150;;Бытовое;основная;мойка;;;;;;;;;;
153;Тепловое оборудование;фритюры;фритюры;фритюры;;150;;Бытовое;основная;дезинфекция;;;;;;;;;;
154;Технологическое оборудование;бисквиторезки;бисквиторезки;бисквиторезки;;150;;Бытовое;основная;мойка;;;;;;;;;;
154;Технологическое оборудование;бисквиторезки;бисквиторезки;бисквиторезки;;150;;Бытовое;основная;дезинфекция;;;;;;;;;;
155;Технологическое оборудование;блендеры;блендеры;блендеры;;150;;Бытовое;основная;мойка;;;;;;;;;;
155;Технологическое оборудование;блендеры;блендеры;блендеры;;150;;Бытовое;основная;дезинфекция;;;;;;;;;;
156;Технологическое оборудование;вакуумные роторные шприцы;вакуумные роторные шприцы;вакуумные роторные шприцы;;150;;Бытовое;основная;мойка;;;;;;;;;;
156;Технологическое оборудование;вакуумные роторные шприцы;вакуумные роторные шприцы;вакуумные роторные шприцы;;150;;Бытовое;основная;дезинфекция;;;;;;;;;;
158;Технологическое оборудование;весы настольные;весы настольные;весы настольные;;150;;Бытовое;основная;мойка;;;;;;;;;;
158;Технологическое оборудование;весы настольные;весы настольные;весы настольные;;150;;Бытовое;основная;дезинфекция;;;;;;;;;;
159;Технологическое оборудование;водяные бани;водяные бани;водяные бани;;150;;Бытовое;основная;мойка;;;;;;;;;;
159;Технологическое оборудование;водяные бани;водяные бани;водяные бани;;150;;Бытовое;основная;дезинфекция;;;;;;;;;;
160;Технологическое оборудование;депозитор волюметрический;депозитор волюметрический;депозитор волюметрический;;150;;Бытовое;основная;мойка;;;;;;;;;;
160;Технологическое оборудование;депозитор волюметрический;депозитор волюметрический;депозитор волюметрический;;150;;Бытовое;основная;дезинфекция;;;;;;;;;;
161;Технологическое оборудование;дозатор для геля (пульверизатор);дозатор для геля (пульверизатор);дозатор для геля (пульверизатор);;150;;Бытовое;основная;мойка;;;;;;;;;;
161;Технологическое оборудование;дозатор для геля (пульверизатор);дозатор для геля (пульверизатор);дозатор для геля (пульверизатор);;150;;Бытовое;основная;дезинфекция;;;;;;;;;;
162;Технологическое оборудование;дозаторы для жидкостей;дозаторы для жидкостей;дозаторы для жидкостей;;150;;Бытовое;основная;мойка;;;;;;;;;;
162;Технологическое оборудование;дозаторы для жидкостей;дозаторы для жидкостей;дозаторы для жидкостей;;150;;Бытовое;основная;дезинфекция;;;;;;;;;;
163;Технологическое оборудование;дробилки;дробилки;дробилки;;150;;Бытовое;основная;мойка;;;;;;;;;;
163;Технологическое оборудование;дробилки;дробилки;дробилки;;150;;Бытовое;основная;дезинфекция;;;;;;;;;;
164;Технологическое оборудование;измельчители;измельчители;измельчители;;150;;Бытовое;основная;мойка;;;;;;;;;;
164;Технологическое оборудование;измельчители;измельчители;измельчители;;150;;Бытовое;основная;дезинфекция;;;;;;;;;;
165;Технологическое оборудование;картофелечистки;картофелечистки;картофелечистки;;150;;Бытовое;основная;мойка;;;;;;;;;;
165;Технологическое оборудование;картофелечистки;картофелечистки;картофелечистки;;150;;Бытовое;основная;дезинфекция;;;;;;;;;;
166;Технологическое оборудование;машина для резки конд изделий;машина для резки кондитерских изделий;машина для резки кондитерских изделий;;150;;Бытовое;основная;мойка;;;;;;;;;;
166;Технологическое оборудование;машина для резки конд изделий;машина для резки кондитерских изделий;машина для резки кондитерских изделий;;150;;Бытовое;основная;дезинфекция;;;;;;;;;;
167;Технологическое оборудование;металлодетектор;металлодетектор;металлодетектор;;150;;Бытовое;основная;мойка;;;;;;;;;;
167;Технологическое оборудование;металлодетектор;металлодетектор;металлодетектор;;150;;Бытовое;основная;дезинфекция;;;;;;;;;;
168;Технологическое оборудование;миксеры планетарные;миксеры планетарные;миксеры планетарные;;150;;Бытовое;основная;мойка;;;;;;;;;;
168;Технологическое оборудование;миксеры планетарные;миксеры планетарные;миксеры планетарные;;150;;Бытовое;основная;дезинфекция;;;;;;;;;;
169;Технологическое оборудование;минифилы (дозаторы крема);минифилы (дозаторы крема);минифилы (дозаторы крема);;150;;Бытовое;основная;мойка;;;;;;;;;;
169;Технологическое оборудование;минифилы (дозаторы крема);минифилы (дозаторы крема);минифилы (дозаторы крема);;150;;Бытовое;основная;дезинфекция;;;;;;;;;;
170;Технологическое оборудование;овощерезки;овощерезки;овощерезки;;150;;Бытовое;основная;мойка;;;;;;;;;;
170;Технологическое оборудование;овощерезки;овощерезки;овощерезки;;150;;Бытовое;основная;дезинфекция;;;;;;;;;;
171;Технологическое оборудование;овощечистки;овощечистки;овощечистки;;150;;Бытовое;основная;мойка;;;;;;;;;;
171;Технологическое оборудование;овощечистки;овощечистки;овощечистки;;150;;Бытовое;основная;дезинфекция;;;;;;;;;;
172;Технологическое оборудование;отсадочные машины;отсадочные машины;отсадочные машины;;150;;Бытовое;основная;мойка;;;;;;;;;;
172;Технологическое оборудование;отсадочные машины;отсадочные машины;отсадочные машины;;150;;Бытовое;основная;дезинфекция;;;;;;;;;;
173;Технологическое оборудование;пневматические распылители;пневматические распылители;пневматические распылители;;150;;Бытовое;основная;мойка;;;;;;;;;;
173;Технологическое оборудование;пневматические распылители;пневматические распылители;пневматические распылители;;150;;Бытовое;основная;дезинфекция;;;;;;;;;;
174;Технологическое оборудование;прессы для теста;прессы для теста;прессы для теста;;150;;Бытовое;основная;мойка;;;;;;;;;;
174;Технологическое оборудование;прессы для теста;прессы для теста;прессы для теста;;150;;Бытовое;основная;дезинфекция;;;;;;;;;;
177;Технологическое оборудование;просеиватели мука;просеиватели для муки;просеиватели для муки;;150;;Бытовое;основная;мойка;;;;;;;;;;
177;Технологическое оборудование;просеиватели мука;просеиватели для муки;просеиватели для муки;;150;;Бытовое;основная;дезинфекция;;;;;;;;;;
178;Технологическое оборудование;просеиватели сахар;просеиватели для сахара;просеиватели для сахара;;150;;Бытовое;основная;мойка;;;;;;;;;;
178;Технологическое оборудование;просеиватели сахар;просеиватели для сахара;просеиватели для сахара;;150;;Бытовое;основная;дезинфекция;;;;;;;;;;
179;Технологическое оборудование;протирочные машины;протирочные машины;протирочные машины;;150;;Бытовое;основная;мойка;;;;;;;;;;
179;Технологическое оборудование;протирочные машины;протирочные машины;протирочные машины;;150;;Бытовое;основная;дезинфекция;;;;;;;;;;
180;Технологическое оборудование;распылители для желе и сиропов;распылители для желе и сиропов;распылители для желе и сиропов;;150;;Бытовое;основная;мойка;;;;;;;;;;
180;Технологическое оборудование;распылители для желе и сиропов;распылители для желе и сиропов;распылители для желе и сиропов;;150;;Бытовое;основная;дезинфекция;;;;;;;;;;
181;Технологическое оборудование;рентгеновские системы контроля;рентгеновские системы контроля;рентгеновские системы контроля;;150;;Бытовое;основная;мойка;;;;;;;;;;
181;Технологическое оборудование;рентгеновские системы контроля;рентгеновские системы контроля;рентгеновские системы контроля;;150;;Бытовое;основная;дезинфекция;;;;;;;;;;
182;Технологическое оборудование;слайсера;слайсеры;слайсеры;;150;;Бытовое;основная;мойка;;;;;;;;;;
182;Технологическое оборудование;слайсера;слайсеры;слайсеры;;150;;Бытовое;основная;дезинфекция;;;;;;;;;;
183;Технологическое оборудование;солодоварки;солодоварки;солодоварки;;150;;Бытовое;основная;мойка;;;;;;;;;;
183;Технологическое оборудование;солодоварки;солодоварки;солодоварки;;150;;Бытовое;основная;дезинфекция;;;;;;;;;;
184;Технологическое оборудование;тарталетницы;тарталетницы;тарталетницы;;150;;Бытовое;основная;мойка;;;;;;;;;;
184;Технологическое оборудование;тарталетницы;тарталетницы;тарталетницы;;150;;Бытовое;основная;дезинфекция;;;;;;;;;;
185;Технологическое оборудование;термощупы;термощупы;термощупы;;150;;Бытовое;основная;мойка;;;;;;;;;;
185;Технологическое оборудование;термощупы;термощупы;термощупы;;150;;Бытовое;основная;дезинфекция;;;;;;;;;;
186;Технологическое оборудование;тестоделители;тестоделители;тестоделители;;150;;Бытовое;основная;мойка;;;;;;;;;;
186;Технологическое оборудование;тестоделители;тестоделители;тестоделители;;150;;Бытовое;основная;дезинфекция;;;;;;;;;;
187;Технологическое оборудование;тестомесы;тестомесы;тестомесы;;150;;Бытовое;основная;мойка;;;;;;;;;;
187;Технологическое оборудование;тестомесы;тестомесы;тестомесы;;150;;Бытовое;основная;дезинфекция;;;;;;;;;;
188;Технологическое оборудование;тестоокруглители;тестоокруглители;тестоокруглители;;150;;Бытовое;основная;мойка;;;;;;;;;;
188;Технологическое оборудование;тестоокруглители;тестоокруглители;тестоокруглители;;150;;Бытовое;основная;дезинфекция;;;;;;;;;;
189;Технологическое оборудование;тестораскатки;тестораскатки;тестораскатки;;150;;Бытовое;основная;мойка;;;;;;;;;;
189;Технологическое оборудование;тестораскатки;тестораскатки;тестораскатки;;150;;Бытовое;основная;дезинфекция;;;;;;;;;;
190;Технологическое оборудование;ультразвуковые нарезки;ультразвуковые нарезки;ультразвуковые нарезки;;150;;Бытовое;основная;мойка;;;;;;;;;;
190;Технологическое оборудование;ультразвуковые нарезки;ультразвуковые нарезки;ультразвуковые нарезки;;150;;Бытовое;основная;дезинфекция;;;;;;;;;;
191;Технологическое оборудование;ферментаторы;ферментаторы;ферментаторы;;150;;Бытовое;основная;мойка;;;;;;;;;;
191;Технологическое оборудование;ферментаторы;ферментаторы;ферментаторы;;150;;Бытовое;основная;дезинфекция;;;;;;;;;;
192;Технологическое оборудование;шприц-дозатор начинки;шприц-дозатор начинки;шприц-дозатор начинки;;150;;Бытовое;основная;мойка;;;;;;;;;;
192;Технологическое оборудование;шприц-дозатор начинки;шприц-дозатор начинки;шприц-дозатор начинки;;150;;Бытовое;основная;дезинфекция;;;;;;;;;;
193;Упаковочное оборудование;flow pack;flow pack;flow pack;;160;;Бытовое;основная;мойка;;;;;;;;;;
193;Упаковочное оборудование;flow pack;flow pack;flow pack;;160;;Бытовое;основная;дезинфекция;;;;;;;;;;
194;Упаковочное оборудование;автоматическиеклипсаторы;автоматические клипсаторы;автоматические клипсаторы;;160;;Бытовое;основная;мойка;;;;;;;;;;
194;Упаковочное оборудование;автоматическиеклипсаторы;автоматические клипсаторы;автоматические клипсаторы;;160;;Бытовое;основная;дезинфекция;;;;;;;;;;
195;Упаковочное оборудование;вакуумные упаковщики;вакуумные упаковщики;вакуумные упаковщики;;160;;Бытовое;основная;мойка;;;;;;;;;;
195;Упаковочное оборудование;вакуумные упаковщики;вакуумные упаковщики;вакуумные упаковщики;;160;;Бытовое;основная;дезинфекция;;;;;;;;;;
196;Упаковочное оборудование;запайщики;запайщики;запайщики;;160;;Бытовое;основная;мойка;;;;;;;;;;
196;Упаковочное оборудование;запайщики;запайщики;запайщики;;160;;Бытовое;основная;дезинфекция;;;;;;;;;;
197;Упаковочное оборудование;принтера для этикеток;принтер для этикеток;принтер для этикеток;;160;;Бытовое;основная;мойка;;;;;;;;;;
197;Упаковочное оборудование;принтера для этикеток;принтер для этикеток;принтер для этикеток;;160;;Бытовое;основная;дезинфекция;;;;;;;;;;
198;Упаковочное оборудование;термоусадочные туннели;термоусадочные туннели;термоусадочные туннели;;160;;Бытовое;основная;мойка;;;;;;;;;;
198;Упаковочное оборудование;термоусадочные туннели;термоусадочные туннели;термоусадочные туннели;;160;;Бытовое;основная;дезинфекция;;;;;;;;;;
199;Упаковочное оборудование;этикетировщики;этикетировщики;этикетировщики;;160;;Бытовое;основная;мойка;;;;;;;;;;
199;Упаковочное оборудование;этикетировщики;этикетировщики;этикетировщики;;160;;Бытовое;основная;дезинфекция;;;;;;;;;;
200;Сантехническое оборудование;диспенсердозатор;Диспенсер / дозатор для спецжидкостей;;;100;;Вспомогательное;основная;мойка;;;;;;;;по мере  заполнения 2/3 объёма;сотрудник внутреннего клининга;
200;Сантехническое оборудование;диспенсердозатор;Диспенсер / дозатор для спецжидкостей;;;100;;Вспомогательное;основная;дезинфекция;;;;;;;;по мере  заполнения 2/3 объёма;сотрудник внутреннего клининга;
200;Сантехническое оборудование;диспенсердозатор;Диспенсер / дозатор для спецжидкостей;;;100;;Вспомогательное;основная;мойка;;;;;;;;по мере заполнения 2/3 объёма;сотрудник внутреннего клининга;
200;Сантехническое оборудование;диспенсердозатор;Диспенсер / дозатор для спецжидкостей;;;100;;Вспомогательное;основная;дезинфекция;;;;;;;;по мере заполнения 2/3 объёма;сотрудник внутреннего клининга;
201;Технологическое оборудование;прибор кисл теста;Прибор для определения кислотности теста;;;100;;Вспомогательное;основная;мойка;;;;;;;;по мере  заполнения 2/3 объёма;сотрудник внутреннего клининга;
201;Технологическое оборудование;прибор кисл теста;Прибор для определения кислотности теста;;;100;;Вспомогательное;основная;дезинфекция;;;;;;;;по мере  заполнения 2/3 объёма;сотрудник внутреннего клининга;
201;Технологическое оборудование;прибор кисл теста;Прибор для определения кислотности теста;;;100;;Вспомогательное;основная;мойка;;;;;;;;по мере заполнения 2/3 объёма;сотрудник внутреннего клининга;
201;Технологическое оборудование;прибор кисл теста;Прибор для определения кислотности теста;;;100;;Вспомогательное;основная;дезинфекция;;;;;;;;по мере заполнения 2/3 объёма;сотрудник внутреннего клининга;
202;Холодильное оборудование;холодильная витрина;Холодильная витрина;;;100;;Вспомогательное;основная;мойка;;;;;;;;по мере  заполнения 2/3 объёма;сотрудник внутреннего клининга;
202;Холодильное оборудование;холодильная витрина;Холодильная витрина;;;100;;Вспомогательное;основная;дезинфекция;;;;;;;;по мере  заполнения 2/3 объёма;сотрудник внутреннего клининга;
202;Холодильное оборудование;холодильная витрина;Холодильная витрина;;;100;;Вспомогательное;основная;мойка;;;;;;;;по мере заполнения 2/3 объёма;сотрудник внутреннего клининга;
202;Холодильное оборудование;холодильная витрина;Холодильная витрина;;;100;;Вспомогательное;основная;дезинфекция;;;;;;;;по мере заполнения 2/3 объёма;сотрудник внутреннего клининга;
200;Сантехническое оборудование;диспенсердозатор;Диспенсер / дозатор для спецжидкостей;;;100;;Вспомогательное;основная;мойка;;;;;;;;1 раз в неделю;сотрудник внутреннего клининга;
200;Сантехническое оборудование;диспенсердозатор;Диспенсер / дозатор для спецжидкостей;;;100;;Вспомогательное;основная;дезинфекция;;;;;;;;1 раз в неделю;сотрудник внутреннего клининга;
200;Сантехническое оборудование;диспенсердозатор;Диспенсер / дозатор для спецжидкостей;;;100;;Вспомогательное;поддерживающая;мойка;;;;;;;;по мере необходимости;сотрудник внутреннего клининга;
200;Сантехническое оборудование;диспенсердозатор;Диспенсер / дозатор для спецжидкостей;;;100;;Вспомогательное;генеральная;мойка;;;;;;;;1 раз в месяц;сотрудник внутреннего клининга;
200;Сантехническое оборудование;диспенсердозатор;Диспенсер / дозатор для спецжидкостей;;;100;;Вспомогательное;генеральная;дезинфекция;;;;;;;;1 раз в месяц;сотрудник внутреннего клининга;
201;Технологическое оборудование;прибор кисл теста;Прибор для определения кислотности теста;;;100;;Вспомогательное;основная;мойка;;;;;;;;1 раз в неделю;сотрудник внутреннего клининга;
201;Технологическое оборудование;прибор кисл теста;Прибор для определения кислотности теста;;;100;;Вспомогательное;основная;дезинфекция;;;;;;;;1 раз в неделю;сотрудник внутреннего клининга;
201;Технологическое оборудование;прибор кисл теста;Прибор для определения кислотности теста;;;100;;Вспомогательное;поддерживающая;мойка;;;;;;;;по мере необходимости;сотрудник внутреннего клининга;
201;Технологическое оборудование;прибор кисл теста;Прибор для определения кислотности теста;;;100;;Вспомогательное;генеральная;мойка;;;;;;;;1 раз в месяц;сотрудник внутреннего клининга;
201;Технологическое оборудование;прибор кисл теста;Прибор для определения кислотности теста;;;100;;Вспомогательное;генеральная;дезинфекция;;;;;;;;1 раз в месяц;сотрудник внутреннего клининга;
202;Холодильное оборудование;холодильная витрина;Холодильная витрина;;;100;;Вспомогательное;основная;мойка;;;;;;;;1 раз в неделю;сотрудник внутреннего клининга;
202;Холодильное оборудование;холодильная витрина;Холодильная витрина;;;100;;Вспомогательное;основная;дезинфекция;;;;;;;;1 раз в неделю;сотрудник внутреннего клининга;
202;Холодильное оборудование;холодильная витрина;Холодильная витрина;;;100;;Вспомогательное;поддерживающая;мойка;;;;;;;;по мере необходимости;сотрудник внутреннего клининга;
202;Холодильное оборудование;холодильная витрина;Холодильная витрина;;;100;;Вспомогательное;генеральная;мойка;;;;;;;;1 раз в месяц;сотрудник внутреннего клининга;
202;Холодильное оборудование;холодильная витрина;Холодильная витрина;;;100;;Вспомогательное;генеральная;дезинфекция;;;;;;;;1 раз в месяц;сотрудник внутреннего клининга;
36;Поверхности;потолок () п;потолок подвесной;потолок (высота _____м);П;10;;Вспомогательное;поддерживающая;мойка;;;;;;;;1 раз в 3 месяца обеспыливание;сотрудник внутреннего клининга;
36;Поверхности;потолок () п;потолок подвесной;потолок (высота _____м);П;10;;Вспомогательное;поддерживающая;дезинфекция;;;;;;;;1 раз в 3 месяца обеспыливание;сотрудник внутреннего клининга;
36;Поверхности;потолок () п;потолок подвесной;потолок (высота _____м);П;10;;Вспомогательное;генеральная;мойка;;;;;;;;1 раз в 12 месяцев;сотрудник внутреннего клининга;
36;Поверхности;потолок () п;потолок подвесной;потолок (высота _____м);П;10;;Вспомогательное;генеральная;дезинфекция;;;;;;;;1 раз в 12 месяцев;сотрудник внутреннего клининга;
200;Сантехническое оборудование;диспенсердозатор;Диспенсер / дозатор для спецжидкостей;;;100;;Вспомогательное;поддерживающая;мойка;;;;;;;;1 раз в 3 месяца обеспыливание;сотрудник внутреннего клининга;
200;Сантехническое оборудование;диспенсердозатор;Диспенсер / дозатор для спецжидкостей;;;100;;Вспомогательное;поддерживающая;дезинфекция;;;;;;;;1 раз в 3 месяца обеспыливание;сотрудник внутреннего клининга;
200;Сантехническое оборудование;диспенсердозатор;Диспенсер / дозатор для спецжидкостей;;;100;;Вспомогательное;генеральная;мойка;;;;;;;;1 раз в 12 месяцев;сотрудник внутреннего клининга;
200;Сантехническое оборудование;диспенсердозатор;Диспенсер / дозатор для спецжидкостей;;;100;;Вспомогательное;генеральная;дезинфекция;;;;;;;;1 раз в 12 месяцев;сотрудник внутреннего клининга;
201;Технологическое оборудование;прибор кисл теста;Прибор для определения кислотности теста;;;100;;Вспомогательное;поддерживающая;мойка;;;;;;;;1 раз в 3 месяца обеспыливание;сотрудник внутреннего клининга;
201;Технологическое оборудование;прибор кисл теста;Прибор для определения кислотности теста;;;100;;Вспомогательное;поддерживающая;дезинфекция;;;;;;;;1 раз в 3 месяца обеспыливание;сотрудник внутреннего клининга;
201;Технологическое оборудование;прибор кисл теста;Прибор для определения кислотности теста;;;100;;Вспомогательное;генеральная;мойка;;;;;;;;1 раз в 12 месяцев;сотрудник внутреннего клининга;
201;Технологическое оборудование;прибор кисл теста;Прибор для определения кислотности теста;;;100;;Вспомогательное;генеральная;дезинфекция;;;;;;;;1 раз в 12 месяцев;сотрудник внутреннего клининга;
202;Холодильное оборудование;холодильная витрина;Холодильная витрина;;;100;;Вспомогательное;поддерживающая;мойка;;;;;;;;1 раз в 3 месяца обеспыливание;сотрудник внутреннего клининга;
202;Холодильное оборудование;холодильная витрина;Холодильная витрина;;;100;;Вспомогательное;поддерживающая;дезинфекция;;;;;;;;1 раз в 3 месяца обеспыливание;сотрудник внутреннего клининга;
202;Холодильное оборудование;холодильная витрина;Холодильная витрина;;;100;;Вспомогательное;генеральная;мойка;;;;;;;;1 раз в 12 месяцев;сотрудник внутреннего клининга;
202;Холодильное оборудование;холодильная витрина;Холодильная витрина;;;100;;Вспомогательное;генеральная;дезинфекция;;;;;;;;1 раз в 12 месяцев;сотрудник внутреннего клининга;
18;Поверхности;диффузоры;диффузоры;диффузоры;;35;;Вспомогательное;поддерживающая;мойка;;;;;;;;1 раз в 3 месяца обеспыливание;сотрудник внутреннего клининга;
18;Поверхности;диффузоры;диффузоры;диффузоры;;35;;Вспомогательное;поддерживающая;дезинфекция;;;;;;;;1 раз в 3 месяца обеспыливание;сотрудник внутреннего клининга;
18;Поверхности;диффузоры;диффузоры;диффузоры;;35;;Вспомогательное;генеральная;мойка;;;;;;;;1 раз в 12 месяцев;сотрудник внутреннего клининга;
18;Поверхности;диффузоры;диффузоры;диффузоры;;35;;Вспомогательное;генеральная;дезинфекция;;;;;;;;1 раз в 12 месяцев;сотрудник внутреннего клининга;
35;Поверхности;потолок () ок;потолок окрашенный;потолок (высота _____м);ОК;10;;Вспомогательное;поддерживающая;мойка;;;;;;;;1 раз в 3 месяца обеспыливание;сотрудник внутреннего клининга;
35;Поверхности;потолок () ок;потолок окрашенный;потолок (высота _____м);ОК;10;;Вспомогательное;поддерживающая;дезинфекция;;;;;;;;1 раз в 3 месяца обеспыливание;сотрудник внутреннего клининга;
35;Поверхности;потолок () ок;потолок окрашенный;потолок (высота _____м);ОК;10;;Вспомогательное;генеральная;мойка;;;;;;;;1 раз в 6 месяцев;сотрудник внутреннего клининга;
35;Поверхности;потолок () ок;потолок окрашенный;потолок (высота _____м);ОК;10;;Вспомогательное;генеральная;дезинфекция;;;;;;;;1 раз в 6 месяцев;сотрудник внутреннего клининга;
200;Сантехническое оборудование;диспенсердозатор;Диспенсер / дозатор для спецжидкостей;;;100;;Вспомогательное;генеральная;мойка;;;;;;;;1 раз в 6 месяцев;сотрудник внутреннего клининга;
200;Сантехническое оборудование;диспенсердозатор;Диспенсер / дозатор для спецжидкостей;;;100;;Вспомогательное;генеральная;дезинфекция;;;;;;;;1 раз в 6 месяцев;сотрудник внутреннего клининга;
201;Технологическое оборудование;прибор кисл теста;Прибор для определения кислотности теста;;;100;;Вспомогательное;генеральная;мойка;;;;;;;;1 раз в 6 месяцев;сотрудник внутреннего клининга;
201;Технологическое оборудование;прибор кисл теста;Прибор для определения кислотности теста;;;100;;Вспомогательное;генеральная;дезинфекция;;;;;;;;1 раз в 6 месяцев;сотрудник внутреннего клининга;
202;Холодильное оборудование;холодильная витрина;Холодильная витрина;;;100;;Вспомогательное;генеральная;мойка;;;;;;;;1 раз в 6 месяцев;сотрудник внутреннего клининга;
202;Холодильное оборудование;холодильная витрина;Холодильная витрина;;;100;;Вспомогательное;генеральная;дезинфекция;;;;;;;;1 раз в 6 месяцев;сотрудник внутреннего клининга;
5;Поверхности;вентиляционные трубы;вентиляционные трубы;вентиляционные трубы;;30;;Вспомогательное;поддерживающая;мойка;;;;;;;;1 раз в 3 месяца обеспыливание;сотрудник внутреннего клининга;
5;Поверхности;вентиляционные трубы;вентиляционные трубы;вентиляционные трубы;;30;;Вспомогательное;поддерживающая;дезинфекция;;;;;;;;1 раз в 3 месяца обеспыливание;сотрудник внутреннего клининга;
5;Поверхности;вентиляционные трубы;вентиляционные трубы;вентиляционные трубы;;30;;Вспомогательное;генеральная;мойка;;;;;;;;1 раз в 6/12 месяцев;сотрудник внутреннего клининга;
5;Поверхности;вентиляционные трубы;вентиляционные трубы;вентиляционные трубы;;30;;Вспомогательное;генеральная;дезинфекция;;;;;;;;1 раз в 6/12 месяцев;сотрудник внутреннего клининга;
200;Сантехническое оборудование;диспенсердозатор;Диспенсер / дозатор для спецжидкостей;;;100;;Вспомогательное;генеральная;мойка;;;;;;;;1 раз в 6/12 месяцев;сотрудник внутреннего клининга;
200;Сантехническое оборудование;диспенсердозатор;Диспенсер / дозатор для спецжидкостей;;;100;;Вспомогательное;генеральная;дезинфекция;;;;;;;;1 раз в 6/12 месяцев;сотрудник внутреннего клининга;
201;Технологическое оборудование;прибор кисл теста;Прибор для определения кислотности теста;;;100;;Вспомогательное;генеральная;мойка;;;;;;;;1 раз в 6/12 месяцев;сотрудник внутреннего клининга;
201;Технологическое оборудование;прибор кисл теста;Прибор для определения кислотности теста;;;100;;Вспомогательное;генеральная;дезинфекция;;;;;;;;1 раз в 6/12 месяцев;сотрудник внутреннего клининга;
202;Холодильное оборудование;холодильная витрина;Холодильная витрина;;;100;;Вспомогательное;генеральная;мойка;;;;;;;;1 раз в 6/12 месяцев;сотрудник внутреннего клининга;
202;Холодильное оборудование;холодильная витрина;Холодильная витрина;;;100;;Вспомогательное;генеральная;дезинфекция;;;;;;;;1 раз в 6/12 месяцев;сотрудник внутреннего клининга;
18;Поверхности;диффузоры;диффузоры;диффузоры;;35;;Вспомогательное;генеральная;мойка;;;;;;;;1 раз в 6/12 месяцев;сотрудник внутреннего клининга;
18;Поверхности;диффузоры;диффузоры;диффузоры;;35;;Вспомогательное;генеральная;дезинфекция;;;;;;;;1 раз в 6/12 месяцев;сотрудник внутреннего клининга;
39;Поверхности;светильники;светильники;светильники;;20;;Вспомогательное;поддерживающая;мойка;;;;;;;;1 раз в 3 месяца обеспыливание;сотрудник внутреннего клининга;
39;Поверхности;светильники;светильники;светильники;;20;;Вспомогательное;поддерживающая;дезинфекция;;;;;;;;1 раз в 3 месяца обеспыливание;сотрудник внутреннего клининга;
39;Поверхности;светильники;светильники;светильники;;20;;Вспомогательное;генеральная;мойка;;;;;;;;1 раз в 6/12 месяцев;сотрудник внутреннего клининга;
39;Поверхности;светильники;светильники;светильники;;20;;Вспомогательное;генеральная;дезинфекция;;;;;;;;1 раз в 6/12 месяцев;сотрудник внутреннего клининга;
41;Поверхности;стены (выше 2 м);стены (выше 2 м);стены (выше 2 м);;30;;Вспомогательное;поддерживающая;мойка;;;;;;;;1 раз в 3 месяца обеспыливание;сотрудник внутреннего клининга;
41;Поверхности;стены (выше 2 м);стены (выше 2 м);стены (выше 2 м);;30;;Вспомогательное;поддерживающая;дезинфекция;;;;;;;;1 раз в 3 месяца обеспыливание;сотрудник внутреннего клининга;
41;Поверхности;стены (выше 2 м);стены (выше 2 м);стены (выше 2 м);;30;;Вспомогательное;генеральная;мойка;;;;;;;;1 раз в 6 месяцев;сотрудник внутреннего клининга;
41;Поверхности;стены (выше 2 м);стены (выше 2 м);стены (выше 2 м);;30;;Вспомогательное;генеральная;дезинфекция;;;;;;;;1 раз в 6 месяцев;сотрудник внутреннего клининга;
71;Мебель;стеллажи;стеллажи;стеллажи;;130;;Вспомогательное;поддерживающая;мойка;;;;;;;;1 раз в 3 месяца обеспыливание;сотрудник внутреннего клининга;
71;Мебель;стеллажи;стеллажи;стеллажи;;130;;Вспомогательное;поддерживающая;дезинфекция;;;;;;;;1 раз в 3 месяца обеспыливание;сотрудник внутреннего клининга;
71;Мебель;стеллажи;стеллажи;стеллажи;;130;;Вспомогательное;генеральная;мойка;;;;;;;;1 раз в 6 месяцев;сотрудник внутреннего клининга;
71;Мебель;стеллажи;стеллажи;стеллажи;;130;;Вспомогательное;генеральная;дезинфекция;;;;;;;;1 раз в 6 месяцев;сотрудник внутреннего клининга;
42;Поверхности;стены (до 2 м);стены (до 2 м);стены (до 2 м);;40;;Вспомогательное;основная;мойка;;;;;;;;1 раз в неделю;сотрудник внутреннего клининга;
42;Поверхности;стены (до 2 м);стены (до 2 м);стены (до 2 м);;40;;Вспомогательное;основная;дезинфекция;;;;;;;;1 раз в неделю;сотрудник внутреннего клининга;
42;Поверхности;стены (до 2 м);стены (до 2 м);стены (до 2 м);;40;;Вспомогательное;генеральная;мойка;;;;;;;;1 раз в месяц;сотрудник внутреннего клининга;
42;Поверхности;стены (до 2 м);стены (до 2 м);стены (до 2 м);;40;;Вспомогательное;генеральная;дезинфекция;;;;;;;;1 раз в месяц;сотрудник внутреннего клининга;
6;Поверхности;водопроводные трубы;водопроводные трубы;водопроводные трубы;;60;;Вспомогательное;основная;мойка;;;;;;;;1 раз в неделю;сотрудник внутреннего клининга;
6;Поверхности;водопроводные трубы;водопроводные трубы;водопроводные трубы;;60;;Вспомогательное;основная;дезинфекция;;;;;;;;1 раз в неделю;сотрудник внутреннего клининга;
6;Поверхности;водопроводные трубы;водопроводные трубы;водопроводные трубы;;60;;Вспомогательное;генеральная;мойка;;;;;;;;1 раз в месяц;сотрудник внутреннего клининга;
6;Поверхности;водопроводные трубы;водопроводные трубы;водопроводные трубы;;60;;Вспомогательное;генеральная;дезинфекция;;;;;;;;1 раз в месяц;сотрудник внутреннего клининга;
38;Поверхности;розетки;розетки;розетки;;65;;Вспомогательное;основная;мойка;;;;;;;;1 раз в неделю;сотрудник внутреннего клининга;
38;Поверхности;розетки;розетки;розетки;;65;;Вспомогательное;основная;дезинфекция;;;;;;;;1 раз в неделю;сотрудник внутреннего клининга;
38;Поверхности;розетки;розетки;розетки;;65;;Вспомогательное;генеральная;мойка;;;;;;;;1 раз в месяц;сотрудник внутреннего клининга;
38;Поверхности;розетки;розетки;розетки;;65;;Вспомогательное;генеральная;дезинфекция;;;;;;;;1 раз в месяц;сотрудник внутреннего клининга;
12;Поверхности;двери;двери;двери;;90;;Вспомогательное;основная;мойка;;;;;;;;1 раз в неделю;сотрудник внутреннего клининга;
12;Поверхности;двери;двери;двери;;90;;Вспомогательное;основная;дезинфекция;;;;;;;;1 раз в неделю;сотрудник внутреннего клининга;
12;Поверхности;двери;двери;двери;;90;;Вспомогательное;генеральная;мойка;;;;;;;;1 раз в месяц;сотрудник внутреннего клининга;
12;Поверхности;двери;двери;двери;;90;;Вспомогательное;генеральная;дезинфекция;;;;;;;;1 раз в месяц;сотрудник внутреннего клининга;
30;Поверхности;отопительные приборы;отопительные приборы;отопительные приборы;;70;;Вспомогательное;поддерживающая;мойка;;;;;;;;1 раз в месяц обеспыливание;сотрудник внутреннего клининга;
30;Поверхности;отопительные приборы;отопительные приборы;отопительные приборы;;70;;Вспомогательное;поддерживающая;дезинфекция;;;;;;;;1 раз в месяц обеспыливание;сотрудник внутреннего клининга;
30;Поверхности;отопительные приборы;отопительные приборы;отопительные приборы;;70;;Вспомогательное;генеральная;мойка;;;;;;;;1 раз в 6 месяцев;сотрудник внутреннего клининга;
30;Поверхности;отопительные приборы;отопительные приборы;отопительные приборы;;70;;Вспомогательное;генеральная;дезинфекция;;;;;;;;1 раз в 6 месяцев;сотрудник внутреннего клининга;
200;Сантехническое оборудование;диспенсердозатор;Диспенсер / дозатор для спецжидкостей;;;100;;Вспомогательное;поддерживающая;мойка;;;;;;;;1 раз в месяц обеспыливание;сотрудник внутреннего клининга;
200;Сантехническое оборудование;диспенсердозатор;Диспенсер / дозатор для спецжидкостей;;;100;;Вспомогательное;поддерживающая;дезинфекция;;;;;;;;1 раз в месяц обеспыливание;сотрудник внутреннего клининга;
201;Технологическое оборудование;прибор кисл теста;Прибор для определения кислотности теста;;;100;;Вспомогательное;поддерживающая;мойка;;;;;;;;1 раз в месяц обеспыливание;сотрудник внутреннего клининга;
201;Технологическое оборудование;прибор кисл теста;Прибор для определения кислотности теста;;;100;;Вспомогательное;поддерживающая;дезинфекция;;;;;;;;1 раз в месяц обеспыливание;сотрудник внутреннего клининга;
202;Холодильное оборудование;холодильная витрина;Холодильная витрина;;;100;;Вспомогательное;поддерживающая;мойка;;;;;;;;1 раз в месяц обеспыливание;сотрудник внутреннего клининга;
202;Холодильное оборудование;холодильная витрина;Холодильная витрина;;;100;;Вспомогательное;поддерживающая;дезинфекция;;;;;;;;1 раз в месяц обеспыливание;сотрудник внутреннего клининга;
13;Поверхности;дверные ручки;дверные ручки;дверные ручки;;65;;Вспомогательное;поддерживающая;дезинфекция;;;;;;;;2 раза в смену;сотрудник внутреннего клининга;
13;Поверхности;дверные ручки;дверные ручки;дверные ручки;;65;;Вспомогательное;генеральная;мойка;;;;;;;;1 раз в месяц;сотрудник внутреннего клининга;
13;Поверхности;дверные ручки;дверные ручки;дверные ручки;;65;;Вспомогательное;генеральная;дезинфекция;;;;;;;;1 раз в месяц;сотрудник внутреннего клининга;
200;Сантехническое оборудование;диспенсердозатор;Диспенсер / дозатор для спецжидкостей;;;100;;Вспомогательное;поддерживающая;дезинфекция;;;;;;;;2 раза в смену;сотрудник внутреннего клининга;
201;Технологическое оборудование;прибор кисл теста;Прибор для определения кислотности теста;;;100;;Вспомогательное;поддерживающая;дезинфекция;;;;;;;;2 раза в смену;сотрудник внутреннего клининга;
202;Холодильное оборудование;холодильная витрина;Холодильная витрина;;;100;;Вспомогательное;поддерживающая;дезинфекция;;;;;;;;2 раза в смену;сотрудник внутреннего клининга;
8;Поверхности;выключатели;выключатели;выключатели;;65;;Вспомогательное;поддерживающая;дезинфекция;;;;;;;;2 раза в смену;сотрудник внутреннего клининга;
8;Поверхности;выключатели;выключатели;выключатели;;65;;Вспомогательное;генеральная;мойка;;;;;;;;1 раз в месяц;сотрудник внутреннего клининга;
8;Поверхности;выключатели;выключатели;выключатели;;65;;Вспомогательное;генеральная;дезинфекция;;;;;;;;1 раз в месяц;сотрудник внутреннего клининга;
61;Санитарный пост;дозаторы для мылаантисептика;дозаторы для мыла и антисептика;дозаторы для мыла и антисептика;;110;;Вспомогательное;основная;мойка;;;;;;;;при замене продукта;сотрудник внутреннего клининга;
61;Санитарный пост;дозаторы для мылаантисептика;дозаторы для мыла и антисептика;дозаторы для мыла и антисептика;;110;;Вспомогательное;основная;дезинфекция;;;;;;;;при замене продукта;сотрудник внутреннего клининга;
61;Санитарный пост;дозаторы для мылаантисептика;дозаторы для мыла и антисептика;дозаторы для мыла и антисептика;;110;;Вспомогательное;поддерживающая;дезинфекция;;;;;;;;2 раза в смену;сотрудник внутреннего клининга;
61;Санитарный пост;дозаторы для мылаантисептика;дозаторы для мыла и антисептика;дозаторы для мыла и антисептика;;110;;Вспомогательное;генеральная;мойка;;;;;;;;1 раз в месяц;сотрудник внутреннего клининга;
61;Санитарный пост;дозаторы для мылаантисептика;дозаторы для мыла и антисептика;дозаторы для мыла и антисептика;;110;;Вспомогательное;генеральная;дезинфекция;;;;;;;;1 раз в месяц;сотрудник внутреннего клининга;
200;Сантехническое оборудование;диспенсердозатор;Диспенсер / дозатор для спецжидкостей;;;100;;Вспомогательное;основная;мойка;;;;;;;;при замене продукта;сотрудник внутреннего клининга;
200;Сантехническое оборудование;диспенсердозатор;Диспенсер / дозатор для спецжидкостей;;;100;;Вспомогательное;основная;дезинфекция;;;;;;;;при замене продукта;сотрудник внутреннего клининга;
201;Технологическое оборудование;прибор кисл теста;Прибор для определения кислотности теста;;;100;;Вспомогательное;основная;мойка;;;;;;;;при замене продукта;сотрудник внутреннего клининга;
201;Технологическое оборудование;прибор кисл теста;Прибор для определения кислотности теста;;;100;;Вспомогательное;основная;дезинфекция;;;;;;;;при замене продукта;сотрудник внутреннего клининга;
202;Холодильное оборудование;холодильная витрина;Холодильная витрина;;;100;;Вспомогательное;основная;мойка;;;;;;;;при замене продукта;сотрудник внутреннего клининга;
202;Холодильное оборудование;холодильная витрина;Холодильная витрина;;;100;;Вспомогательное;основная;дезинфекция;;;;;;;;при замене продукта;сотрудник внутреннего клининга;
1;Поверхности;пол;пол;пол;;200;;Вспомогательное;основная;мойка;;;;;;;;1 раз в неделю;сотрудник внутреннего клининга;
1;Поверхности;пол;пол;пол;;200;;Вспомогательное;основная;дезинфекция;;;;;;;;1 раз в неделю;сотрудник внутреннего клининга;
1;Поверхности;пол;пол;пол;;200;;Вспомогательное;генеральная;мойка;;;;;;;;1 раз в месяц;сотрудник внутреннего клининга;
1;Поверхности;пол;пол;пол;;200;;Вспомогательное;генеральная;дезинфекция;;;;;;;;1 раз в месяц;сотрудник внутреннего клининга;
63;Санитарный пост;модульный санпропускник;модульный санпропускник;модульный санпропускник;;120;;Вспомогательное;основная;мойка;;;;;;;;1 раз в неделю;сотрудник внутреннего клининга;
63;Санитарный пост;модульный санпропускник;модульный санпропускник;модульный санпропускник;;120;;Вспомогательное;основная;дезинфекция;;;;;;;;1 раз в неделю;сотрудник внутреннего клининга;
63;Санитарный пост;модульный санпропускник;модульный санпропускник;модульный санпропускник;;120;;Вспомогательное;генеральная;мойка;;;;;;;;1 раз в месяц;сотрудник внутреннего клининга;
63;Санитарный пост;модульный санпропускник;модульный санпропускник;модульный санпропускник;;120;;Вспомогательное;генеральная;дезинфекция;;;;;;;;1 раз в месяц;сотрудник внутреннего клининга;
75;Мебель;шкафы;шкафы;шкафы;;130;;Вспомогательное;основная;мойка;;;;;;;;1 раз в неделю;сотрудник внутреннего клининга;
75;Мебель;шкафы;шкафы;шкафы;;130;;Вспомогательное;основная;дезинфекция;;;;;;;;1 раз в неделю;сотрудник внутреннего клининга;
75;Мебель;шкафы;шкафы;шкафы;;130;;Вспомогательное;генеральная;мойка;;;;;;;;1 раз в месяц;сотрудник внутреннего клининга;
75;Мебель;шкафы;шкафы;шкафы;;130;;Вспомогательное;генеральная;дезинфекция;;;;;;;;1 раз в месяц;сотрудник внутреннего клининга;
71;Мебель;стеллажи;стеллажи;стеллажи;;130;;Вспомогательное;основная;мойка;;;;;;;;1 раз в неделю;сотрудник внутреннего клининга;
71;Мебель;стеллажи;стеллажи;стеллажи;;130;;Вспомогательное;основная;дезинфекция;;;;;;;;1 раз в неделю;сотрудник внутреннего клининга;
71;Мебель;стеллажи;стеллажи;стеллажи;;130;;Вспомогательное;генеральная;мойка;;;;;;;;1 раз в месяц;сотрудник внутреннего клининга;
71;Мебель;стеллажи;стеллажи;стеллажи;;130;;Вспомогательное;генеральная;дезинфекция;;;;;;;;1 раз в месяц;сотрудник внутреннего клининга;
200;Сантехническое оборудование;диспенсердозатор;Диспенсер / дозатор для спецжидкостей;;;100;;Вспомогательное;основная;мойка;;;;;;;;2 раза в смену;сотрудник внутреннего клининга;
200;Сантехническое оборудование;диспенсердозатор;Диспенсер / дозатор для спецжидкостей;;;100;;Вспомогательное;основная;дезинфекция;;;;;;;;2 раза в смену;сотрудник внутреннего клининга;
201;Технологическое оборудование;прибор кисл теста;Прибор для определения кислотности теста;;;100;;Вспомогательное;основная;мойка;;;;;;;;2 раза в смену;сотрудник внутреннего клининга;
201;Технологическое оборудование;прибор кисл теста;Прибор для определения кислотности теста;;;100;;Вспомогательное;основная;дезинфекция;;;;;;;;2 раза в смену;сотрудник внутреннего клининга;
202;Холодильное оборудование;холодильная витрина;Холодильная витрина;;;100;;Вспомогательное;основная;мойка;;;;;;;;2 раза в смену;сотрудник внутреннего клининга;
202;Холодильное оборудование;холодильная витрина;Холодильная витрина;;;100;;Вспомогательное;основная;дезинфекция;;;;;;;;2 раза в смену;сотрудник внутреннего клининга;
1;Поверхности;пол;пол;пол;;200;;Вспомогательное;основная;мойка;;;;;;;;1 раз в смену;сотрудник внутреннего клининга;
1;Поверхности;пол;пол;пол;;200;;Вспомогательное;основная;дезинфекция;;;;;;;;1 раз в смену;сотрудник внутреннего клининга;
1;Поверхности;пол;пол;пол;;200;;Вспомогательное;основная;мойка;;;;;;;;2 раза в смену;сотрудник внутреннего клининга;
1;Поверхности;пол;пол;пол;;200;;Вспомогательное;основная;дезинфекция;;;;;;;;2 раза в смену;сотрудник внутреннего клининга;
1;Поверхности;пол;пол;пол;;200;;Вспомогательное;поддерживающая;мойка;;;;;;;;по мере необходимости;сотрудник внутреннего клининга;
60;Санитарный пост;диспенсердержатель для полотенец;диспенсер/держатель для полотенец;диспенсер для полотенец;;110;;Вспомогательное;основная;мойка;;;;;;;;1 раз в смену;сотрудник внутреннего клининга;
60;Санитарный пост;диспенсердержатель для полотенец;диспенсер/держатель для полотенец;диспенсер для полотенец;;110;;Вспомогательное;основная;дезинфекция;;;;;;;;1 раз в смену;сотрудник внутреннего клининга;
60;Санитарный пост;диспенсердержатель для полотенец;диспенсер/держатель для полотенец;диспенсер для полотенец;;110;;Вспомогательное;генеральная;мойка;;;;;;;;1 раз в месяц;сотрудник внутреннего клининга;
60;Санитарный пост;диспенсердержатель для полотенец;диспенсер/держатель для полотенец;диспенсер для полотенец;;110;;Вспомогательное;генеральная;дезинфекция;;;;;;;;1 раз в месяц;сотрудник внутреннего клининга;
60;Санитарный пост;диспенсердержатель для полотенец;диспенсер/держатель для полотенец;диспенсер для полотенец;;110;;Вспомогательное;основная;мойка;;;;;;;;2 раза в смену;сотрудник внутреннего клининга;
60;Санитарный пост;диспенсердержатель для полотенец;диспенсер/держатель для полотенец;диспенсер для полотенец;;110;;Вспомогательное;основная;дезинфекция;;;;;;;;2 раза в смену;сотрудник внутреннего клининга;
60;Санитарный пост;диспенсердержатель для полотенец;диспенсер/держатель для полотенец;диспенсер для полотенец;;110;;Вспомогательное;поддерживающая;мойка;;;;;;;;по мере необходимости;сотрудник внутреннего клининга;
69;Мебель;полки;полки;полки;;130;;Вспомогательное;основная;мойка;;;;;;;;1 раз в смену;сотрудник внутреннего клининга;
69;Мебель;полки;полки;полки;;130;;Вспомогательное;основная;дезинфекция;;;;;;;;1 раз в смену;сотрудник внутреннего клининга;
69;Мебель;полки;полки;полки;;130;;Вспомогательное;генеральная;мойка;;;;;;;;1 раз в месяц;сотрудник внутреннего клининга;
69;Мебель;полки;полки;полки;;130;;Вспомогательное;генеральная;дезинфекция;;;;;;;;1 раз в месяц;сотрудник внутреннего клининга;
69;Мебель;полки;полки;полки;;130;;Вспомогательное;основная;мойка;;;;;;;;2 раза в смену;сотрудник внутреннего клининга;
69;Мебель;полки;полки;полки;;130;;Вспомогательное;основная;дезинфекция;;;;;;;;2 раза в смену;сотрудник внутреннего клининга;
69;Мебель;полки;полки;полки;;130;;Вспомогательное;поддерживающая;мойка;;;;;;;;по мере необходимости;сотрудник внутреннего клининга;
127;Моечный, уборочный инвентарь и оборудование;поломоечная машина;поломоечная машина;поломоечная машина;;170;;Вспомогательное;основная;мойка;;;;;;;;1 раз в смену;сотрудник внутреннего клининга;
127;Моечный, уборочный инвентарь и оборудование;поломоечная машина;поломоечная машина;поломоечная машина;;170;;Вспомогательное;основная;дезинфекция;;;;;;;;1 раз в смену;сотрудник внутреннего клининга;
127;Моечный, уборочный инвентарь и оборудование;поломоечная машина;поломоечная машина;поломоечная машина;;170;;Вспомогательное;генеральная;мойка;;;;;;;;1 раз в месяц;сотрудник внутреннего клининга;
127;Моечный, уборочный инвентарь и оборудование;поломоечная машина;поломоечная машина;поломоечная машина;;170;;Вспомогательное;генеральная;дезинфекция;;;;;;;;1 раз в месяц;сотрудник внутреннего клининга;
127;Моечный, уборочный инвентарь и оборудование;поломоечная машина;поломоечная машина;поломоечная машина;;170;;Вспомогательное;основная;мойка;;;;;;;;2 раза в смену;сотрудник внутреннего клининга;
127;Моечный, уборочный инвентарь и оборудование;поломоечная машина;поломоечная машина;поломоечная машина;;170;;Вспомогательное;основная;дезинфекция;;;;;;;;2 раза в смену;сотрудник внутреннего клининга;
127;Моечный, уборочный инвентарь и оборудование;поломоечная машина;поломоечная машина;поломоечная машина;;170;;Вспомогательное;поддерживающая;мойка;;;;;;;;по мере необходимости;сотрудник внутреннего клининга;
132;Посудомоечное оборудование;пмм купольная;посудомоечная машина купольная;посудомоечная машина;купольная;160;;Вспомогательное;основная;мойка;;;;;;;;1 раз в смену;сотрудник внутреннего клининга;
132;Посудомоечное оборудование;пмм купольная;посудомоечная машина купольная;посудомоечная машина;купольная;160;;Вспомогательное;основная;дезинфекция;;;;;;;;1 раз в смену;сотрудник внутреннего клининга;
132;Посудомоечное оборудование;пмм купольная;посудомоечная машина купольная;посудомоечная машина;купольная;160;;Вспомогательное;генеральная;мойка;;;;;;;;1 раз в месяц;сотрудник внутреннего клининга;
132;Посудомоечное оборудование;пмм купольная;посудомоечная машина купольная;посудомоечная машина;купольная;160;;Вспомогательное;генеральная;дезинфекция;;;;;;;;1 раз в месяц;сотрудник внутреннего клининга;
132;Посудомоечное оборудование;пмм купольная;посудомоечная машина купольная;посудомоечная машина;купольная;160;;Вспомогательное;основная;мойка;;;;;;;;2 раза в смену;сотрудник внутреннего клининга;
132;Посудомоечное оборудование;пмм купольная;посудомоечная машина купольная;посудомоечная машина;купольная;160;;Вспомогательное;основная;дезинфекция;;;;;;;;2 раза в смену;сотрудник внутреннего клининга;
132;Посудомоечное оборудование;пмм купольная;посудомоечная машина купольная;посудомоечная машина;купольная;160;;Вспомогательное;поддерживающая;мойка;;;;;;;;по мере необходимости;сотрудник внутреннего клининга;
157;Технологическое оборудование;весы напольные;весы напольные;весы напольные;;150;;Вспомогательное;основная;мойка;;;;;;;;1 раз в смену;сотрудник внутреннего клининга;
157;Технологическое оборудование;весы напольные;весы напольные;весы напольные;;150;;Вспомогательное;основная;дезинфекция;;;;;;;;1 раз в смену;сотрудник внутреннего клининга;
157;Технологическое оборудование;весы напольные;весы напольные;весы напольные;;150;;Вспомогательное;генеральная;мойка;;;;;;;;1 раз в месяц;сотрудник внутреннего клининга;
157;Технологическое оборудование;весы напольные;весы напольные;весы напольные;;150;;Вспомогательное;генеральная;дезинфекция;;;;;;;;1 раз в месяц;сотрудник внутреннего клининга;
157;Технологическое оборудование;весы напольные;весы напольные;весы напольные;;150;;Вспомогательное;основная;мойка;;;;;;;;2 раза в смену;сотрудник внутреннего клининга;
157;Технологическое оборудование;весы напольные;весы напольные;весы напольные;;150;;Вспомогательное;основная;дезинфекция;;;;;;;;2 раза в смену;сотрудник внутреннего клининга;
157;Технологическое оборудование;весы напольные;весы напольные;весы напольные;;150;;Вспомогательное;поддерживающая;мойка;;;;;;;;по мере необходимости;сотрудник внутреннего клининга;
200;Сантехническое оборудование;диспенсердозатор;Диспенсер / дозатор для спецжидкостей;;;100;;Вспомогательное;основная;мойка;;;;;;;;1 раз в смену;сотрудник внутреннего клининга;
200;Сантехническое оборудование;диспенсердозатор;Диспенсер / дозатор для спецжидкостей;;;100;;Вспомогательное;основная;дезинфекция;;;;;;;;1 раз в смену;сотрудник внутреннего клининга;
201;Технологическое оборудование;прибор кисл теста;Прибор для определения кислотности теста;;;100;;Вспомогательное;основная;мойка;;;;;;;;1 раз в смену;сотрудник внутреннего клининга;
201;Технологическое оборудование;прибор кисл теста;Прибор для определения кислотности теста;;;100;;Вспомогательное;основная;дезинфекция;;;;;;;;1 раз в смену;сотрудник внутреннего клининга;
202;Холодильное оборудование;холодильная витрина;Холодильная витрина;;;100;;Вспомогательное;основная;мойка;;;;;;;;1 раз в смену;сотрудник внутреннего клининга;
202;Холодильное оборудование;холодильная витрина;Холодильная витрина;;;100;;Вспомогательное;основная;дезинфекция;;;;;;;;1 раз в смену;сотрудник внутреннего клининга;
28;Поверхности;окна внешние;окна внешние;окна внешние;;55;;Вспомогательное;генеральная;мойка;;;;;;;;1 раз в месяц (летний период);сотрудник внутреннего клининга;
200;Сантехническое оборудование;диспенсердозатор;Диспенсер / дозатор для спецжидкостей;;;100;;Вспомогательное;генеральная;мойка;;;;;;;;1 раз в месяц (летний период);сотрудник внутреннего клининга;
201;Технологическое оборудование;прибор кисл теста;Прибор для определения кислотности теста;;;100;;Вспомогательное;генеральная;мойка;;;;;;;;1 раз в месяц (летний период);сотрудник внутреннего клининга;
202;Холодильное оборудование;холодильная витрина;Холодильная витрина;;;100;;Вспомогательное;генеральная;мойка;;;;;;;;1 раз в месяц (летний период);сотрудник внутреннего клининга;
72;Мебель;столы;столы;столы;;130;;Вспомогательное;генеральная;мойка;;;;;;;;1 раз в месяц;сотрудник внутреннего клининга;
72;Мебель;столы;столы;столы;;130;;Вспомогательное;генеральная;дезинфекция;;;;;;;;1 раз в месяц;сотрудник внутреннего клининга;
73;Мебель;стулья;стулья;стулья;;130;;Вспомогательное;генеральная;мойка;;;;;;;;1 раз в месяц;сотрудник внутреннего клининга;
73;Мебель;стулья;стулья;стулья;;130;;Вспомогательное;генеральная;дезинфекция;;;;;;;;1 раз в месяц;сотрудник внутреннего клининга;
76;Офисная техника;компьютеры;компьютер;компьютер;;140;;Вспомогательное;генеральная;мойка;;;;;;;;1 раз в месяц;сотрудник внутреннего клининга;
78;Офисная техника;принтера;принтер;принтер;;140;;Вспомогательное;генеральная;мойка;;;;;;;;1 раз в месяц;сотрудник внутреннего клининга;
79;Офисная техника;телефоны;телефон;телефон;;140;;Вспомогательное;генеральная;мойка;;;;;;;;1 раз в месяц;сотрудник внутреннего клининга;
2;Поверхности;бактерицидные лампы;бактерицидные лампы;бактерицидные лампы;;40;;Вспомогательное;основная;мойка;;;;;;;;;;
2;Поверхности;бактерицидные лампы;бактерицидные лампы;бактерицидные лампы;;40;;Вспомогательное;основная;дезинфекция;;;;;;;;;;
3;Поверхности;бойлера;бойлер;бойлер;;70;;Вспомогательное;основная;мойка;;;;;;;;;;
3;Поверхности;бойлера;бойлер;бойлер;;70;;Вспомогательное;основная;дезинфекция;;;;;;;;;;
4;Поверхности;вентиляторы;вентилятор;вентилятор;;80;;Вспомогательное;основная;мойка;;;;;;;;;;
4;Поверхности;вентиляторы;вентилятор;вентилятор;;80;;Вспомогательное;основная;дезинфекция;;;;;;;;;;
7;Поверхности;воротароллета;ворота/роллета;ворота/роллета;;90;;Вспомогательное;основная;мойка;;;;;;;;;;
7;Поверхности;воротароллета;ворота/роллета;ворота/роллета;;90;;Вспомогательное;основная;дезинфекция;;;;;;;;;;
9;Поверхности;вытяжные зонты а;вытяжные зонты алюминиевые;вытяжные зонты;А;25;;Вспомогательное;основная;мойка;;;;;;;;;;
9;Поверхности;вытяжные зонты а;вытяжные зонты алюминиевые;вытяжные зонты;А;25;;Вспомогательное;основная;дезинфекция;;;;;;;;;;
10;Поверхности;вытяжные зонты н;вытяжные зонты из нержавеющей стали;вытяжные зонты;Н;25;;Вспомогательное;основная;мойка;;;;;;;;;;
10;Поверхности;вытяжные зонты н;вытяжные зонты из нержавеющей стали;вытяжные зонты;Н;25;;Вспомогательное;основная;дезинфекция;;;;;;;;;;
11;Поверхности;гидравлические тележки;гидравлические тележки;гидравлические тележки;;180;;Вспомогательное;основная;мойка;;;;;;;;;;
11;Поверхности;гидравлические тележки;гидравлические тележки;гидравлические тележки;;180;;Вспомогательное;основная;дезинфекция;;;;;;;;;;
14;Поверхности;демосистема (контактная поверхность);демосистема (контактная поверхность);демосистема (контактная поверхность);;70;;Вспомогательное;основная;мойка;;;;;;;;;;
14;Поверхности;демосистема (контактная поверхность);демосистема (контактная поверхность);демосистема (контактная поверхность);;70;;Вспомогательное;основная;дезинфекция;;;;;;;;;;
15;Поверхности;держатели для досок;держатели для досок;держатели для досок;;70;;Вспомогательное;основная;мойка;;;;;;;;;;
15;Поверхности;держатели для досок;держатели для досок;держатели для досок;;70;;Вспомогательное;основная;дезинфекция;;;;;;;;;;
16;Поверхности;держатели для инвентаря;держатели для инвентаря;держатели для инвентаря;;70;;Вспомогательное;основная;мойка;;;;;;;;;;
16;Поверхности;держатели для инвентаря;держатели для инвентаря;держатели для инвентаря;;70;;Вспомогательное;основная;дезинфекция;;;;;;;;;;
17;Поверхности;держатели для ножей;держатели для ножей;держатели для ножей;;70;;Вспомогательное;основная;мойка;;;;;;;;;;
17;Поверхности;держатели для ножей;держатели для ножей;держатели для ножей;;70;;Вспомогательное;основная;дезинфекция;;;;;;;;;;
19;Поверхности;завесы пвх;завесы ПВХ;завесы ПВХ;;80;;Вспомогательное;основная;мойка;;;;;;;;;;
19;Поверхности;завесы пвх;завесы ПВХ;завесы ПВХ;;80;;Вспомогательное;основная;дезинфекция;;;;;;;;;;
20;Поверхности;завесы тепловые;завесы тепловые;завесы тепловые;;80;;Вспомогательное;основная;мойка;;;;;;;;;;
20;Поверхности;завесы тепловые;завесы тепловые;завесы тепловые;;80;;Вспомогательное;основная;дезинфекция;;;;;;;;;;
21;Поверхности;инсектицидные лампы;инсектицидные лампы;инсектицидные лампы;;45;;Вспомогательное;основная;мойка;;;;;;;;;;
21;Поверхности;инсектицидные лампы;инсектицидные лампы;инсектицидные лампы;;45;;Вспомогательное;основная;дезинфекция;;;;;;;;;;
22;Поверхности;кабель-каналы;кабель-каналы;кабель-каналы;;60;;Вспомогательное;основная;мойка;;;;;;;;;;
22;Поверхности;кабель-каналы;кабель-каналы;кабель-каналы;;60;;Вспомогательное;основная;дезинфекция;;;;;;;;;;
23;Поверхности;кондиционер;кондиционер;кондиционер;;50;;Вспомогательное;основная;мойка;;;;;;;;;;
23;Поверхности;кондиционер;кондиционер;кондиционер;;50;;Вспомогательное;основная;дезинфекция;;;;;;;;;;
24;Поверхности;контейнеры для отходов;контейнеры для отходов;контейнеры для отходов;;190;;Вспомогательное;основная;мойка;;;;;;;;;;
24;Поверхности;контейнеры для отходов;контейнеры для отходов;контейнеры для отходов;;190;;Вспомогательное;основная;дезинфекция;;;;;;;;;;
25;Поверхности;лестницы;лестницы;лестницы;;180;;Вспомогательное;основная;мойка;;;;;;;;;;
25;Поверхности;лестницы;лестницы;лестницы;;180;;Вспомогательное;основная;дезинфекция;;;;;;;;;;
26;Поверхности;металлоконструкции;металлоконструкции;металлоконструкции;;70;;Вспомогательное;основная;мойка;;;;;;;;;;
26;Поверхности;металлоконструкции;металлоконструкции;металлоконструкции;;70;;Вспомогательное;основная;дезинфекция;;;;;;;;;;
27;Поверхности;мусорные корзины;мусорные корзины;мусорные корзины;;185;;Вспомогательное;основная;мойка;;;;;;;;;;
27;Поверхности;мусорные корзины;мусорные корзины;мусорные корзины;;185;;Вспомогательное;основная;дезинфекция;;;;;;;;;;
29;Поверхности;окна внутрицеховые;окна внутрицеховые;окна внутрицеховые;;55;;Вспомогательное;основная;мойка;;;;;;;;;;
29;Поверхности;окна внутрицеховые;окна внутрицеховые;окна внутрицеховые;;55;;Вспомогательное;основная;дезинфекция;;;;;;;;;;
31;Поверхности;пластиковые паллеты;пластиковые паллеты;пластиковые паллеты;;175;;Вспомогательное;основная;мойка;;;;;;;;;;
31;Поверхности;пластиковые паллеты;пластиковые паллеты;пластиковые паллеты;;175;;Вспомогательное;основная;дезинфекция;;;;;;;;;;
32;Поверхности;пластиковые подкаты;пластиковые подкаты;пластиковые подкаты;;175;;Вспомогательное;основная;мойка;;;;;;;;;;
32;Поверхности;пластиковые подкаты;пластиковые подкаты;пластиковые подкаты;;175;;Вспомогательное;основная;дезинфекция;;;;;;;;;;
33;Поверхности;погрузчики;погрузчики;погрузчики;;180;;Вспомогательное;основная;мойка;;;;;;;;;;
33;Поверхности;погрузчики;погрузчики;погрузчики;;180;;Вспомогательное;основная;дезинфекция;;;;;;;;;;
34;Поверхности;пожарный щит;пожарный щит;пожарный щит;;70;;Вспомогательное;основная;мойка;;;;;;;;;;
34;Поверхности;пожарный щит;пожарный щит;пожарный щит;;70;;Вспомогательное;основная;дезинфекция;;;;;;;;;;
37;Поверхности;резиновые коврики;резиновые коврики;резиновые коврики;;190;;Вспомогательное;основная;мойка;;;;;;;;;;
37;Поверхности;резиновые коврики;резиновые коврики;резиновые коврики;;190;;Вспомогательное;основная;дезинфекция;;;;;;;;;;
40;Поверхности;сплит-системы;сплит-системы;сплит-системы;;50;;Вспомогательное;основная;мойка;;;;;;;;;;
40;Поверхности;сплит-системы;сплит-системы;сплит-системы;;50;;Вспомогательное;основная;дезинфекция;;;;;;;;;;
43;Поверхности;стерилизатор;стерилизатор;стерилизатор;;70;;Вспомогательное;основная;мойка;;;;;;;;;;
43;Поверхности;стерилизатор;стерилизатор;стерилизатор;;70;;Вспомогательное;основная;дезинфекция;;;;;;;;;;
44;Поверхности;стоки;стоки;стоки;;195;;Вспомогательное;основная;мойка;;;;;;;;;;
44;Поверхности;стоки;стоки;стоки;;195;;Вспомогательное;основная;дезинфекция;;;;;;;;;;
45;Поверхности;трапы;трапы;трапы;;195;;Вспомогательное;основная;мойка;;;;;;;;;;
45;Поверхности;трапы;трапы;трапы;;195;;Вспомогательное;основная;дезинфекция;;;;;;;;;;
46;Поверхности;часы;часы;часы;;80;;Вспомогательное;основная;мойка;;;;;;;;;;
46;Поверхности;часы;часы;часы;;80;;Вспомогательное;основная;дезинфекция;;;;;;;;;;
47;Поверхности;штабелёры;штабелёр;штабелёр;;180;;Вспомогательное;основная;мойка;;;;;;;;;;
47;Поверхности;штабелёры;штабелёр;штабелёр;;180;;Вспомогательное;основная;дезинфекция;;;;;;;;;;
48;Поверхности;электрощиты;электрощит;электрощит;;70;;Вспомогательное;основная;мойка;;;;;;;;;;
48;Поверхности;электрощиты;электрощит;электрощит;;70;;Вспомогательное;основная;дезинфекция;;;;;;;;;;
49;Поверхности;ёлки для колец;ёлки для колец;ёлки для колец;;170;;Вспомогательное;основная;мойка;;;;;;;;;;
49;Поверхности;ёлки для колец;ёлки для колец;ёлки для колец;;170;;Вспомогательное;основная;дезинфекция;;;;;;;;;;
50;Сантехническое оборудование;душевая кабина;душевая кабина;душевая кабина;;100;;Вспомогательное;основная;мойка;;;;;;;;;;
50;Сантехническое оборудование;душевая кабина;душевая кабина;душевая кабина;;100;;Вспомогательное;основная;дезинфекция;;;;;;;;;;
51;Сантехническое оборудование;душевые секции;душевые секции;душевые секции;;100;;Вспомогательное;основная;мойка;;;;;;;;;;
51;Сантехническое оборудование;душевые секции;душевые секции;душевые секции;;100;;Вспомогательное;основная;дезинфекция;;;;;;;;;;
52;Сантехническое оборудование;писсуар;писсуар;писсуар;;90;;Вспомогательное;основная;мойка;;;;;;;;;;
52;Сантехническое оборудование;писсуар;писсуар;писсуар;;90;;Вспомогательное;основная;дезинфекция;;;;;;;;;;
53;Сантехническое оборудование;раковина;раковина;раковина;;90;;Вспомогательное;основная;мойка;;;;;;;;;;
53;Сантехническое оборудование;раковина;раковина;раковина;;90;;Вспомогательное;основная;дезинфекция;;;;;;;;;;
54;Сантехническое оборудование;смеситель;смеситель;смеситель;;90;;Вспомогательное;основная;мойка;;;;;;;;;;
54;Сантехническое оборудование;смеситель;смеситель;смеситель;;90;;Вспомогательное;основная;дезинфекция;;;;;;;;;;
55;Сантехническое оборудование;технологическая мойка;технологическая мойка;технологическая мойка;;100;;Вспомогательное;основная;мойка;;;;;;;;;;
55;Сантехническое оборудование;технологическая мойка;технологическая мойка;технологическая мойка;;100;;Вспомогательное;основная;дезинфекция;;;;;;;;;;
56;Сантехническое оборудование;унитаз;унитаз;унитаз;;90;;Вспомогательное;основная;мойка;;;;;;;;;;
56;Сантехническое оборудование;унитаз;унитаз;унитаз;;90;;Вспомогательное;основная;дезинфекция;;;;;;;;;;
57;Санитарный пост;бак для грязной одежды;бак для грязной одежды;бак для грязной одежды;;110;;Вспомогательное;основная;мойка;;;;;;;;;;
57;Санитарный пост;бак для грязной одежды;бак для грязной одежды;бак для грязной одежды;;110;;Вспомогательное;основная;дезинфекция;;;;;;;;;;
58;Санитарный пост;дезинфицирующие маты;дезинфицирующие маты;дезинфицирующие маты;;120;;Вспомогательное;основная;мойка;;;;;;;;;;
58;Санитарный пост;дезинфицирующие маты;дезинфицирующие маты;дезинфицирующие маты;;120;;Вспомогательное;основная;дезинфекция;;;;;;;;;;
59;Санитарный пост;диспенсер для тб;диспенсер для тулетной бумаги;диспенсер для тулетной бумаги;;110;;Вспомогательное;основная;мойка;;;;;;;;;;
59;Санитарный пост;диспенсер для тб;диспенсер для тулетной бумаги;диспенсер для тулетной бумаги;;110;;Вспомогательное;основная;дезинфекция;;;;;;;;;;
62;Санитарный пост;корзиныдиспенсеры для сиз;корзины/диспенсеры для СИЗ;корзины/диспенсеры для СИЗ;;110;;Вспомогательное;основная;мойка;;;;;;;;;;
62;Санитарный пост;корзиныдиспенсеры для сиз;корзины/диспенсеры для СИЗ;корзины/диспенсеры для СИЗ;;110;;Вспомогательное;основная;дезинфекция;;;;;;;;;;
64;Санитарный пост;санитарный пост;санитарный пост;санитарный пост;;110;;Вспомогательное;основная;мойка;;;;;;;;;;
64;Санитарный пост;санитарный пост;санитарный пост;санитарный пост;;110;;Вспомогательное;основная;дезинфекция;;;;;;;;;;
65;Санитарный пост;сушилка для рук;сушилка для рук;сушилка для рук;;110;;Вспомогательное;основная;мойка;;;;;;;;;;
65;Санитарный пост;сушилка для рук;сушилка для рук;сушилка для рук;;110;;Вспомогательное;основная;дезинфекция;;;;;;;;;;
66;Мебель;вешалки;вешалки;вешалки;;130;;Вспомогательное;основная;мойка;;;;;;;;;;
66;Мебель;вешалки;вешалки;вешалки;;130;;Вспомогательное;основная;дезинфекция;;;;;;;;;;
67;Мебель;зеркала;зеркала;зеркала;;130;;Вспомогательное;основная;мойка;;;;;;;;;;
67;Мебель;зеркала;зеркала;зеркала;;130;;Вспомогательное;основная;дезинфекция;;;;;;;;;;
68;Мебель;обувницы;обувницы;обувницы;;130;;Вспомогательное;основная;мойка;;;;;;;;;;
68;Мебель;обувницы;обувницы;обувницы;;130;;Вспомогательное;основная;дезинфекция;;;;;;;;;;
70;Мебель;скамейки;скамейки;скамейки;;130;;Вспомогательное;основная;мойка;;;;;;;;;;
70;Мебель;скамейки;скамейки;скамейки;;130;;Вспомогательное;основная;дезинфекция;;;;;;;;;;
74;Мебель;сушилка для обуви;сушилка для обуви;сушилка для обуви;;130;;Вспомогательное;основная;мойка;;;;;;;;;;
74;Мебель;сушилка для обуви;сушилка для обуви;сушилка для обуви;;130;;Вспомогательное;основная;дезинфекция;;;;;;;;;;
77;Офисная техника;мониторы;монитор;монитор;;140;;Вспомогательное;основная;мойка;;;;;;;;;;
77;Офисная техника;мониторы;монитор;монитор;;140;;Вспомогательное;основная;дезинфекция;;;;;;;;;;
80;Многоразовые резиновые СИЗ;нарукавники;нарукавники;нарукавники;;150;;Вспомогательное;основная;мойка;;;;;;;;;;
80;Многоразовые резиновые СИЗ;нарукавники;нарукавники;нарукавники;;150;;Вспомогательное;основная;дезинфекция;;;;;;;;;;
81;Многоразовые резиновые СИЗ;перчатки;перчатки;перчатки;;150;;Вспомогательное;основная;мойка;;;;;;;;;;
81;Многоразовые резиновые СИЗ;перчатки;перчатки;перчатки;;150;;Вспомогательное;основная;дезинфекция;;;;;;;;;;
82;Многоразовые резиновые СИЗ;сапоги;сапоги;сапоги;;150;;Вспомогательное;основная;мойка;;;;;;;;;;
82;Многоразовые резиновые СИЗ;сапоги;сапоги;сапоги;;150;;Вспомогательное;основная;дезинфекция;;;;;;;;;;
83;Многоразовые резиновые СИЗ;фартуки;фартуки;фартуки;;150;;Вспомогательное;основная;мойка;;;;;;;;;;
83;Многоразовые резиновые СИЗ;фартуки;фартуки;фартуки;;150;;Вспомогательное;основная;дезинфекция;;;;;;;;;;
84;Бытовая техника;кулера;кулер;кулер;;160;;Вспомогательное;основная;мойка;;;;;;;;;;
84;Бытовая техника;кулера;кулер;кулер;;160;;Вспомогательное;основная;дезинфекция;;;;;;;;;;
85;Бытовая техника;микроволновки;микроволновая печь;микроволновая печь;;160;;Вспомогательное;основная;мойка;;;;;;;;;;
85;Бытовая техника;микроволновки;микроволновая печь;микроволновая печь;;160;;Вспомогательное;основная;дезинфекция;;;;;;;;;;
86;Бытовая техника;стиральные машины;стиральная машина;стиральная машина;;160;;Вспомогательное;основная;мойка;;;;;;;;;;
86;Бытовая техника;стиральные машины;стиральная машина;стиральная машина;;160;;Вспомогательное;основная;дезинфекция;;;;;;;;;;
87;Бытовая техника;сушильные машины;сушильная машина;сушильная машина;;160;;Вспомогательное;основная;мойка;;;;;;;;;;
87;Бытовая техника;сушильные машины;сушильная машина;сушильная машина;;160;;Вспомогательное;основная;дезинфекция;;;;;;;;;;
88;Бытовая техника;термопоты;термопот;термопот;;160;;Вспомогательное;основная;мойка;;;;;;;;;;
88;Бытовая техника;термопоты;термопот;термопот;;160;;Вспомогательное;основная;дезинфекция;;;;;;;;;;
89;Бытовая техника;холодильники;холодильник бытовой;холодильник бытовой;;160;;Вспомогательное;основная;мойка;;;;;;;;;;
89;Бытовая техника;холодильники;холодильник бытовой;холодильник бытовой;;160;;Вспомогательное;основная;дезинфекция;;;;;;;;;;
90;Бытовая техника;чайники;чайник электрический;чайник электрический;;160;;Вспомогательное;основная;мойка;;;;;;;;;;
90;Бытовая техника;чайники;чайник электрический;чайник электрический;;160;;Вспомогательное;основная;дезинфекция;;;;;;;;;;
91;Инвентарь, посуда и т.д.;вешала;вешала;вешала;;150;;Вспомогательное;основная;мойка;;;;;;;;;;
91;Инвентарь, посуда и т.д.;вешала;вешала;вешала;;150;;Вспомогательное;основная;дезинфекция;;;;;;;;;;
92;Инвентарь, посуда и т.д.;внутрицеховая тара (вёдра ящики);внутрицеховая тара (вёдра, ящики);внутрицеховая тара (вёдра, ящики);;150;;Вспомогательное;основная;мойка;;;;;;;;;;
92;Инвентарь, посуда и т.д.;внутрицеховая тара (вёдра ящики);внутрицеховая тара (вёдра, ящики);внутрицеховая тара (вёдра, ящики);;150;;Вспомогательное;основная;дезинфекция;;;;;;;;;;
93;Инвентарь, посуда и т.д.;гастроёмкости;гастроёмкости;гастроёмкости;;150;;Вспомогательное;основная;мойка;;;;;;;;;;
93;Инвентарь, посуда и т.д.;гастроёмкости;гастроёмкости;гастроёмкости;;150;;Вспомогательное;основная;дезинфекция;;;;;;;;;;
94;Инвентарь, посуда и т.д.;дежи;дежи;дежи;;150;;Вспомогательное;основная;мойка;;;;;;;;;;
94;Инвентарь, посуда и т.д.;дежи;дежи;дежи;;150;;Вспомогательное;основная;дезинфекция;;;;;;;;;;
95;Инвентарь, посуда и т.д.;доски;доски;доски;;150;;Вспомогательное;основная;мойка;;;;;;;;;;
95;Инвентарь, посуда и т.д.;доски;доски;доски;;150;;Вспомогательное;основная;дезинфекция;;;;;;;;;;
96;Инвентарь, посуда и т.д.;изотермические контейнеры (bigbox);изотермические контейнеры (bigbox);изотермические контейнеры (bigbox);;150;;Вспомогательное;основная;мойка;;;;;;;;;;
96;Инвентарь, посуда и т.д.;изотермические контейнеры (bigbox);изотермические контейнеры (bigbox);изотермические контейнеры (bigbox);;150;;Вспомогательное;основная;дезинфекция;;;;;;;;;;
97;Инвентарь, посуда и т.д.;инвентарь;инвентарь;инвентарь;;150;;Вспомогательное;основная;мойка;;;;;;;;;;
97;Инвентарь, посуда и т.д.;инвентарь;инвентарь;инвентарь;;150;;Вспомогательное;основная;дезинфекция;;;;;;;;;;
98;Инвентарь, посуда и т.д.;корзины для расстойки теста;корзины для расстойки теста;корзины для расстойки теста;;150;;Вспомогательное;основная;мойка;;;;;;;;;;
98;Инвентарь, посуда и т.д.;корзины для расстойки теста;корзины для расстойки теста;корзины для расстойки теста;;150;;Вспомогательное;основная;дезинфекция;;;;;;;;;;
99;Инвентарь, посуда и т.д.;крючки;крючки;крючки;;150;;Вспомогательное;основная;мойка;;;;;;;;;;
99;Инвентарь, посуда и т.д.;крючки;крючки;крючки;;150;;Вспомогательное;основная;дезинфекция;;;;;;;;;;
100;Инвентарь, посуда и т.д.;листы для выпечки а;листы для выпечки алюминиевые;листы для выпечки;А;150;;Вспомогательное;основная;мойка;;;;;;;;;;
100;Инвентарь, посуда и т.д.;листы для выпечки а;листы для выпечки алюминиевые;листы для выпечки;А;150;;Вспомогательное;основная;дезинфекция;;;;;;;;;;
101;Инвентарь, посуда и т.д.;листы для выпечки н;листы для выпечки из нержавеющей стали;листы для выпечки;Н;150;;Вспомогательное;основная;мойка;;;;;;;;;;
101;Инвентарь, посуда и т.д.;листы для выпечки н;листы для выпечки из нержавеющей стали;листы для выпечки;Н;150;;Вспомогательное;основная;дезинфекция;;;;;;;;;;
102;Инвентарь, посуда и т.д.;листы от шпилек;листы от шпилек;листы от шпилек;;150;;Вспомогательное;основная;мойка;;;;;;;;;;
102;Инвентарь, посуда и т.д.;листы от шпилек;листы от шпилек;листы от шпилек;;150;;Вспомогательное;основная;дезинфекция;;;;;;;;;;
103;Инвентарь, посуда и т.д.;мусаты;мусаты;мусаты;;150;;Вспомогательное;основная;мойка;;;;;;;;;;
103;Инвентарь, посуда и т.д.;мусаты;мусаты;мусаты;;150;;Вспомогательное;основная;дезинфекция;;;;;;;;;;
104;Инвентарь, посуда и т.д.;ножи;ножи разделочные;ножи разделочные;;150;;Вспомогательное;основная;мойка;;;;;;;;;;
104;Инвентарь, посуда и т.д.;ножи;ножи разделочные;ножи разделочные;;150;;Вспомогательное;основная;дезинфекция;;;;;;;;;;
105;Инвентарь, посуда и т.д.;оборотная тара;оборотная тара;оборотная тара;;150;;Вспомогательное;основная;мойка;;;;;;;;;;
105;Инвентарь, посуда и т.д.;оборотная тара;оборотная тара;оборотная тара;;150;;Вспомогательное;основная;дезинфекция;;;;;;;;;;
106;Инвентарь, посуда и т.д.;отсадочные мешки;отсадочные мешки;отсадочные мешки;;150;;Вспомогательное;основная;мойка;;;;;;;;;;
106;Инвентарь, посуда и т.д.;отсадочные мешки;отсадочные мешки;отсадочные мешки;;150;;Вспомогательное;основная;дезинфекция;;;;;;;;;;
107;Инвентарь, посуда и т.д.;передвижные ёмкости;передвижные ёмкости;передвижные ёмкости;;150;;Вспомогательное;основная;мойка;;;;;;;;;;
107;Инвентарь, посуда и т.д.;передвижные ёмкости;передвижные ёмкости;передвижные ёмкости;;150;;Вспомогательное;основная;дезинфекция;;;;;;;;;;
108;Инвентарь, посуда и т.д.;посуда;посуда;посуда;;150;;Вспомогательное;основная;мойка;;;;;;;;;;
108;Инвентарь, посуда и т.д.;посуда;посуда;посуда;;150;;Вспомогательное;основная;дезинфекция;;;;;;;;;;
109;Инвентарь, посуда и т.д.;расстоечные термочехлы;расстоечные термочехлы;расстоечные термочехлы;;150;;Вспомогательное;основная;мойка;;;;;;;;;;
109;Инвентарь, посуда и т.д.;расстоечные термочехлы;расстоечные термочехлы;расстоечные термочехлы;;150;;Вспомогательное;основная;дезинфекция;;;;;;;;;;
110;Инвентарь, посуда и т.д.;секачи;секачи;секачи;;150;;Вспомогательное;основная;мойка;;;;;;;;;;
110;Инвентарь, посуда и т.д.;секачи;секачи;секачи;;150;;Вспомогательное;основная;дезинфекция;;;;;;;;;;
111;Инвентарь, посуда и т.д.;силапеновые коврики;силапеновые коврики;силапеновые коврики;;150;;Вспомогательное;основная;мойка;;;;;;;;;;
111;Инвентарь, посуда и т.д.;силапеновые коврики;силапеновые коврики;силапеновые коврики;;150;;Вспомогательное;основная;дезинфекция;;;;;;;;;;
112;Инвентарь, посуда и т.д.;съёмные детали оборудования а;съёмные детали оборудования алюминиевые;съёмные детали оборудования;А;150;;Вспомогательное;основная;мойка;;;;;;;;;;
112;Инвентарь, посуда и т.д.;съёмные детали оборудования а;съёмные детали оборудования алюминиевые;съёмные детали оборудования;А;150;;Вспомогательное;основная;дезинфекция;;;;;;;;;;
113;Инвентарь, посуда и т.д.;съёмные детали оборудования н;съёмные детали оборудования из нержавеющей стали;съёмные детали оборудования;Н;150;;Вспомогательное;основная;мойка;;;;;;;;;;
113;Инвентарь, посуда и т.д.;съёмные детали оборудования н;съёмные детали оборудования из нержавеющей стали;съёмные детали оборудования;Н;150;;Вспомогательное;основная;дезинфекция;;;;;;;;;;
114;Инвентарь, посуда и т.д.;тележки;тележки;тележки;;150;;Вспомогательное;основная;мойка;;;;;;;;;;
114;Инвентарь, посуда и т.д.;тележки;тележки;тележки;;150;;Вспомогательное;основная;дезинфекция;;;;;;;;;;
115;Инвентарь, посуда и т.д.;тележки подкатные;тележки подкатные;тележки подкатные;;150;;Вспомогательное;основная;мойка;;;;;;;;;;
115;Инвентарь, посуда и т.д.;тележки подкатные;тележки подкатные;тележки подкатные;;150;;Вспомогательное;основная;дезинфекция;;;;;;;;;;
116;Инвентарь, посуда и т.д.;формы для выпечки а;формы для выпечки алюминиевые;формы для выпечки;А;150;;Вспомогательное;основная;мойка;;;;;;;;;;
116;Инвентарь, посуда и т.д.;формы для выпечки а;формы для выпечки алюминиевые;формы для выпечки;А;150;;Вспомогательное;основная;дезинфекция;;;;;;;;;;
117;Инвентарь, посуда и т.д.;формы для выпечки н;формы для выпечки из нержавеющей стали;формы для выпечки;Н;150;;Вспомогательное;основная;мойка;;;;;;;;;;
117;Инвентарь, посуда и т.д.;формы для выпечки н;формы для выпечки из нержавеющей стали;формы для выпечки;Н;150;;Вспомогательное;основная;дезинфекция;;;;;;;;;;
118;Инвентарь, посуда и т.д.;формы для выпечки с;формы для выпечки силиконовые;формы для выпечки;С;150;;Вспомогательное;основная;мойка;;;;;;;;;;
118;Инвентарь, посуда и т.д.;формы для выпечки с;формы для выпечки силиконовые;формы для выпечки;С;150;;Вспомогательное;основная;дезинфекция;;;;;;;;;;
119;Инвентарь, посуда и т.д.;шампура;шампуры;шампуры;;150;;Вспомогательное;основная;мойка;;;;;;;;;;
119;Инвентарь, посуда и т.д.;шампура;шампуры;шампуры;;150;;Вспомогательное;основная;дезинфекция;;;;;;;;;;
120;Инвентарь, посуда и т.д.;шпильки;шпильки;шпильки;;150;;Вспомогательное;основная;мойка;;;;;;;;;;
120;Инвентарь, посуда и т.д.;шпильки;шпильки;шпильки;;150;;Вспомогательное;основная;дезинфекция;;;;;;;;;;
121;Инвентарь, посуда и т.д.;ёмкости для перетаривания;ёмкости для перетаривания;ёмкости для перетаривания;;150;;Вспомогательное;основная;мойка;;;;;;;;;;
121;Инвентарь, посуда и т.д.;ёмкости для перетаривания;ёмкости для перетаривания;ёмкости для перетаривания;;150;;Вспомогательное;основная;дезинфекция;;;;;;;;;;
122;Инвентарь, посуда и т.д.;ёмкости для сыпучих продуктов;ёмкости для сыпучих продуктов;ёмкости для сыпучих продуктов;;150;;Вспомогательное;основная;мойка;;;;;;;;;;
122;Инвентарь, посуда и т.д.;ёмкости для сыпучих продуктов;ёмкости для сыпучих продуктов;ёмкости для сыпучих продуктов;;150;;Вспомогательное;основная;дезинфекция;;;;;;;;;;
123;Моечный, уборочный инвентарь и оборудование;авд;АВД;АВД;;170;;Вспомогательное;основная;мойка;;;;;;;;;;
123;Моечный, уборочный инвентарь и оборудование;авд;АВД;АВД;;170;;Вспомогательное;основная;дезинфекция;;;;;;;;;;
124;Моечный, уборочный инвентарь и оборудование;ведра;ведра;ведра;;170;;Вспомогательное;основная;мойка;;;;;;;;;;
124;Моечный, уборочный инвентарь и оборудование;ведра;ведра;ведра;;170;;Вспомогательное;основная;дезинфекция;;;;;;;;;;
125;Моечный, уборочный инвентарь и оборудование;ветошь;ветошь;ветошь;;170;;Вспомогательное;основная;мойка;;;;;;;;;;
125;Моечный, уборочный инвентарь и оборудование;ветошь;ветошь;ветошь;;170;;Вспомогательное;основная;дезинфекция;;;;;;;;;;
126;Моечный, уборочный инвентарь и оборудование;мопы;мопы;мопы;;170;;Вспомогательное;основная;мойка;;;;;;;;;;
126;Моечный, уборочный инвентарь и оборудование;мопы;мопы;мопы;;170;;Вспомогательное;основная;дезинфекция;;;;;;;;;;
128;Моечный, уборочный инвентарь и оборудование;пылесосы;пылесос;пылесос;;170;;Вспомогательное;основная;мойка;;;;;;;;;;
128;Моечный, уборочный инвентарь и оборудование;пылесосы;пылесос;пылесос;;170;;Вспомогательное;основная;дезинфекция;;;;;;;;;;
129;Моечный, уборочный инвентарь и оборудование;сгоны;сгоны для воды;сгоны для воды;;170;;Вспомогательное;основная;мойка;;;;;;;;;;
129;Моечный, уборочный инвентарь и оборудование;сгоны;сгоны для воды;сгоны для воды;;170;;Вспомогательное;основная;дезинфекция;;;;;;;;;;
130;Моечный, уборочный инвентарь и оборудование;тележки уборочные;тележки уборочные;тележки уборочные;;170;;Вспомогательное;основная;мойка;;;;;;;;;;
130;Моечный, уборочный инвентарь и оборудование;тележки уборочные;тележки уборочные;тележки уборочные;;170;;Вспомогательное;основная;дезинфекция;;;;;;;;;;
131;Моечный, уборочный инвентарь и оборудование;щётки;щётки;щётки;;170;;Вспомогательное;основная;мойка;;;;;;;;;;
131;Моечный, уборочный инвентарь и оборудование;щётки;щётки;щётки;;170;;Вспомогательное;основная;дезинфекция;;;;;;;;;;
133;Посудомоечное оборудование;пмм туннельная;посудомоечная машина туннельная;посудомоечная машина;туннельная;160;;Вспомогательное;основная;мойка;;;;;;;;;;
133;Посудомоечное оборудование;пмм туннельная;посудомоечная машина туннельная;посудомоечная машина;туннельная;160;;Вспомогательное;основная;дезинфекция;;;;;;;;;;
134;Посудомоечное оборудование;таромоечная машина;таромоечная машина;таромоечная машина;;160;;Вспомогательное;основная;мойка;;;;;;;;;;
134;Посудомоечное оборудование;таромоечная машина;таромоечная машина;таромоечная машина;;160;;Вспомогательное;основная;дезинфекция;;;;;;;;;;
135;Холодильное оборудование;камеры мороз;камеры морозильные;камеры морозильные;;160;;Вспомогательное;основная;мойка;;;;;;;;;;
135;Холодильное оборудование;камеры мороз;камеры морозильные;камеры морозильные;;160;;Вспомогательное;основная;дезинфекция;;;;;;;;;;
136;Холодильное оборудование;камеры холод;камеры холодильные;камеры холодильные;;160;;Вспомогательное;основная;мойка;;;;;;;;;;
136;Холодильное оборудование;камеры холод;камеры холодильные;камеры холодильные;;160;;Вспомогательное;основная;дезинфекция;;;;;;;;;;
137;Холодильное оборудование;камеры шок замор;камеры шоковой заморозки;камеры шоковой заморозки;;160;;Вспомогательное;основная;мойка;;;;;;;;;;
137;Холодильное оборудование;камеры шок замор;камеры шоковой заморозки;камеры шоковой заморозки;;160;;Вспомогательное;основная;дезинфекция;;;;;;;;;;
138;Холодильное оборудование;ледогенератор;ледогенератор;ледогенератор;;160;;Вспомогательное;основная;мойка;;;;;;;;;;
138;Холодильное оборудование;ледогенератор;ледогенератор;ледогенератор;;160;;Вспомогательное;основная;дезинфекция;;;;;;;;;;
139;Холодильное оборудование;морозильный ларь;морозильный ларь;морозильный ларь;;160;;Вспомогательное;основная;мойка;;;;;;;;;;
139;Холодильное оборудование;морозильный ларь;морозильный ларь;морозильный ларь;;160;;Вспомогательное;основная;дезинфекция;;;;;;;;;;
140;Холодильное оборудование;холод столы;холодильные столы;холодильные столы;;160;;Вспомогательное;основная;мойка;;;;;;;;;;
140;Холодильное оборудование;холод столы;холодильные столы;холодильные столы;;160;;Вспомогательное;основная;дезинфекция;;;;;;;;;;
141;Холодильное оборудование;холод шкафы;холодильные шкафы;холодильные шкафы;;160;;Вспомогательное;основная;мойка;;;;;;;;;;
141;Холодильное оборудование;холод шкафы;холодильные шкафы;холодильные шкафы;;160;;Вспомогательное;основная;дезинфекция;;;;;;;;;;
142;Тепловое оборудование;варочные котлы;варочные котлы;варочные котлы;;150;;Вспомогательное;основная;мойка;;;;;;;;;;
142;Тепловое оборудование;варочные котлы;варочные котлы;варочные котлы;;150;;Вспомогательное;основная;дезинфекция;;;;;;;;;;
143;Тепловое оборудование;вафельницы;вафельницы;вафельницы;;150;;Вспомогательное;основная;мойка;;;;;;;;;;
143;Тепловое оборудование;вафельницы;вафельницы;вафельницы;;150;;Вспомогательное;основная;дезинфекция;;;;;;;;;;
144;Тепловое оборудование;грили;грили;грили;;150;;Вспомогательное;основная;мойка;;;;;;;;;;
144;Тепловое оборудование;грили;грили;грили;;150;;Вспомогательное;основная;дезинфекция;;;;;;;;;;
145;Тепловое оборудование;пароконвектоматы;пароконвектоматы;пароконвектоматы;;150;;Вспомогательное;основная;мойка;;;;;;;;;;
145;Тепловое оборудование;пароконвектоматы;пароконвектоматы;пароконвектоматы;;150;;Вспомогательное;основная;дезинфекция;;;;;;;;;;
146;Тепловое оборудование;печи подовые;печи подовые;печи подовые;;150;;Вспомогательное;основная;мойка;;;;;;;;;;
146;Тепловое оборудование;печи подовые;печи подовые;печи подовые;;150;;Вспомогательное;основная;дезинфекция;;;;;;;;;;
147;Тепловое оборудование;печи ротационные;печи ротационные;печи ротационные;;150;;Вспомогательное;основная;мойка;;;;;;;;;;
147;Тепловое оборудование;печи ротационные;печи ротационные;печи ротационные;;150;;Вспомогательное;основная;дезинфекция;;;;;;;;;;
148;Тепловое оборудование;плиты газ;плиты газовые;плиты газовые;;150;;Вспомогательное;основная;мойка;;;;;;;;;;
148;Тепловое оборудование;плиты газ;плиты газовые;плиты газовые;;150;;Вспомогательное;основная;дезинфекция;;;;;;;;;;
149;Тепловое оборудование;плиты индук;плиты индукционные;плиты индукционные;;150;;Вспомогательное;основная;мойка;;;;;;;;;;
149;Тепловое оборудование;плиты индук;плиты индукционные;плиты индукционные;;150;;Вспомогательное;основная;дезинфекция;;;;;;;;;;
150;Тепловое оборудование;плиты элек;плиты электрические;плиты электрические;;150;;Вспомогательное;основная;мойка;;;;;;;;;;
150;Тепловое оборудование;плиты элек;плиты электрические;плиты электрические;;150;;Вспомогательное;основная;дезинфекция;;;;;;;;;;
151;Тепловое оборудование;расстоечные шкафы;расстоечные шкафы;расстоечные шкафы;;150;;Вспомогательное;основная;мойка;;;;;;;;;;
151;Тепловое оборудование;расстоечные шкафы;расстоечные шкафы;расстоечные шкафы;;150;;Вспомогательное;основная;дезинфекция;;;;;;;;;;
152;Тепловое оборудование;сковороды;сковороды;сковороды;;150;;Вспомогательное;основная;мойка;;;;;;;;;;
152;Тепловое оборудование;сковороды;сковороды;сковороды;;150;;Вспомогательное;основная;дезинфекция;;;;;;;;;;
153;Тепловое оборудование;фритюры;фритюры;фритюры;;150;;Вспомогательное;основная;мойка;;;;;;;;;;
153;Тепловое оборудование;фритюры;фритюры;фритюры;;150;;Вспомогательное;основная;дезинфекция;;;;;;;;;;
154;Технологическое оборудование;бисквиторезки;бисквиторезки;бисквиторезки;;150;;Вспомогательное;основная;мойка;;;;;;;;;;
154;Технологическое оборудование;бисквиторезки;бисквиторезки;бисквиторезки;;150;;Вспомогательное;основная;дезинфекция;;;;;;;;;;
155;Технологическое оборудование;блендеры;блендеры;блендеры;;150;;Вспомогательное;основная;мойка;;;;;;;;;;
155;Технологическое оборудование;блендеры;блендеры;блендеры;;150;;Вспомогательное;основная;дезинфекция;;;;;;;;;;
156;Технологическое оборудование;вакуумные роторные шприцы;вакуумные роторные шприцы;вакуумные роторные шприцы;;150;;Вспомогательное;основная;мойка;;;;;;;;;;
156;Технологическое оборудование;вакуумные роторные шприцы;вакуумные роторные шприцы;вакуумные роторные шприцы;;150;;Вспомогательное;основная;дезинфекция;;;;;;;;;;
158;Технологическое оборудование;весы настольные;весы настольные;весы настольные;;150;;Вспомогательное;основная;мойка;;;;;;;;;;
158;Технологическое оборудование;весы настольные;весы настольные;весы настольные;;150;;Вспомогательное;основная;дезинфекция;;;;;;;;;;
159;Технологическое оборудование;водяные бани;водяные бани;водяные бани;;150;;Вспомогательное;основная;мойка;;;;;;;;;;
159;Технологическое оборудование;водяные бани;водяные бани;водяные бани;;150;;Вспомогательное;основная;дезинфекция;;;;;;;;;;
160;Технологическое оборудование;депозитор волюметрический;депозитор волюметрический;депозитор волюметрический;;150;;Вспомогательное;основная;мойка;;;;;;;;;;
160;Технологическое оборудование;депозитор волюметрический;депозитор волюметрический;депозитор волюметрический;;150;;Вспомогательное;основная;дезинфекция;;;;;;;;;;
161;Технологическое оборудование;дозатор для геля (пульверизатор);дозатор для геля (пульверизатор);дозатор для геля (пульверизатор);;150;;Вспомогательное;основная;мойка;;;;;;;;;;
161;Технологическое оборудование;дозатор для геля (пульверизатор);дозатор для геля (пульверизатор);дозатор для геля (пульверизатор);;150;;Вспомогательное;основная;дезинфекция;;;;;;;;;;
162;Технологическое оборудование;дозаторы для жидкостей;дозаторы для жидкостей;дозаторы для жидкостей;;150;;Вспомогательное;основная;мойка;;;;;;;;;;
162;Технологическое оборудование;дозаторы для жидкостей;дозаторы для жидкостей;дозаторы для жидкостей;;150;;Вспомогательное;основная;дезинфекция;;;;;;;;;;
163;Технологическое оборудование;дробилки;дробилки;дробилки;;150;;Вспомогательное;основная;мойка;;;;;;;;;;
163;Технологическое оборудование;дробилки;дробилки;дробилки;;150;;Вспомогательное;основная;дезинфекция;;;;;;;;;;
164;Технологическое оборудование;измельчители;измельчители;измельчители;;150;;Вспомогательное;основная;мойка;;;;;;;;;;
164;Технологическое оборудование;измельчители;измельчители;измельчители;;150;;Вспомогательное;основная;дезинфекция;;;;;;;;;;
165;Технологическое оборудование;картофелечистки;картофелечистки;картофелечистки;;150;;Вспомогательное;основная;мойка;;;;;;;;;;
165;Технологическое оборудование;картофелечистки;картофелечистки;картофелечистки;;150;;Вспомогательное;основная;дезинфекция;;;;;;;;;;
166;Технологическое оборудование;машина для резки конд изделий;машина для резки кондитерских изделий;машина для резки кондитерских изделий;;150;;Вспомогательное;основная;мойка;;;;;;;;;;
166;Технологическое оборудование;машина для резки конд изделий;машина для резки кондитерских изделий;машина для резки кондитерских изделий;;150;;Вспомогательное;основная;дезинфекция;;;;;;;;;;
167;Технологическое оборудование;металлодетектор;металлодетектор;металлодетектор;;150;;Вспомогательное;основная;мойка;;;;;;;;;;
167;Технологическое оборудование;металлодетектор;металлодетектор;металлодетектор;;150;;Вспомогательное;основная;дезинфекция;;;;;;;;;;
168;Технологическое оборудование;миксеры планетарные;миксеры планетарные;миксеры планетарные;;150;;Вспомогательное;основная;мойка;;;;;;;;;;
168;Технологическое оборудование;миксеры планетарные;миксеры планетарные;миксеры планетарные;;150;;Вспомогательное;основная;дезинфекция;;;;;;;;;;
169;Технологическое оборудование;минифилы (дозаторы крема);минифилы (дозаторы крема);минифилы (дозаторы крема);;150;;Вспомогательное;основная;мойка;;;;;;;;;;
169;Технологическое оборудование;минифилы (дозаторы крема);минифилы (дозаторы крема);минифилы (дозаторы крема);;150;;Вспомогательное;основная;дезинфекция;;;;;;;;;;
170;Технологическое оборудование;овощерезки;овощерезки;овощерезки;;150;;Вспомогательное;основная;мойка;;;;;;;;;;
170;Технологическое оборудование;овощерезки;овощерезки;овощерезки;;150;;Вспомогательное;основная;дезинфекция;;;;;;;;;;
171;Технологическое оборудование;овощечистки;овощечистки;овощечистки;;150;;Вспомогательное;основная;мойка;;;;;;;;;;
171;Технологическое оборудование;овощечистки;овощечистки;овощечистки;;150;;Вспомогательное;основная;дезинфекция;;;;;;;;;;
172;Технологическое оборудование;отсадочные машины;отсадочные машины;отсадочные машины;;150;;Вспомогательное;основная;мойка;;;;;;;;;;
172;Технологическое оборудование;отсадочные машины;отсадочные машины;отсадочные машины;;150;;Вспомогательное;основная;дезинфекция;;;;;;;;;;
173;Технологическое оборудование;пневматические распылители;пневматические распылители;пневматические распылители;;150;;Вспомогательное;основная;мойка;;;;;;;;;;
173;Технологическое оборудование;пневматические распылители;пневматические распылители;пневматические распылители;;150;;Вспомогательное;основная;дезинфекция;;;;;;;;;;
174;Технологическое оборудование;прессы для теста;прессы для теста;прессы для теста;;150;;Вспомогательное;основная;мойка;;;;;;;;;;
174;Технологическое оборудование;прессы для теста;прессы для теста;прессы для теста;;150;;Вспомогательное;основная;дезинфекция;;;;;;;;;;
175;Технологическое оборудование;производственные столы д;производственные столы деревянные;производственные столы;Д;150;;Вспомогательное;основная;мойка;;;;;;;;;;
175;Технологическое оборудование;производственные столы д;производственные столы деревянные;производственные столы;Д;150;;Вспомогательное;основная;дезинфекция;;;;;;;;;;
176;Технологическое оборудование;производственные столы н;производственные столы из нержавеющий стали;производственные столы;Н;150;;Вспомогательное;основная;мойка;;;;;;;;;;
176;Технологическое оборудование;производственные столы н;производственные столы из нержавеющий стали;производственные столы;Н;150;;Вспомогательное;основная;дезинфекция;;;;;;;;;;
177;Технологическое оборудование;просеиватели мука;просеиватели для муки;просеиватели для муки;;150;;Вспомогательное;основная;мойка;;;;;;;;;;
177;Технологическое оборудование;просеиватели мука;просеиватели для муки;просеиватели для муки;;150;;Вспомогательное;основная;дезинфекция;;;;;;;;;;
178;Технологическое оборудование;просеиватели сахар;просеиватели для сахара;просеиватели для сахара;;150;;Вспомогательное;основная;мойка;;;;;;;;;;
178;Технологическое оборудование;просеиватели сахар;просеиватели для сахара;просеиватели для сахара;;150;;Вспомогательное;основная;дезинфекция;;;;;;;;;;
179;Технологическое оборудование;протирочные машины;протирочные машины;протирочные машины;;150;;Вспомогательное;основная;мойка;;;;;;;;;;
179;Технологическое оборудование;протирочные машины;протирочные машины;протирочные машины;;150;;Вспомогательное;основная;дезинфекция;;;;;;;;;;
180;Технологическое оборудование;распылители для желе и сиропов;распылители для желе и сиропов;распылители для желе и сиропов;;150;;Вспомогательное;основная;мойка;;;;;;;;;;
180;Технологическое оборудование;распылители для желе и сиропов;распылители для желе и сиропов;распылители для желе и сиропов;;150;;Вспомогательное;основная;дезинфекция;;;;;;;;;;
181;Технологическое оборудование;рентгеновские системы контроля;рентгеновские системы контроля;рентгеновские системы контроля;;150;;Вспомогательное;основная;мойка;;;;;;;;;;
181;Технологическое оборудование;рентгеновские системы контроля;рентгеновские системы контроля;рентгеновские системы контроля;;150;;Вспомогательное;основная;дезинфекция;;;;;;;;;;
182;Технологическое оборудование;слайсера;слайсеры;слайсеры;;150;;Вспомогательное;основная;мойка;;;;;;;;;;
182;Технологическое оборудование;слайсера;слайсеры;слайсеры;;150;;Вспомогательное;основная;дезинфекция;;;;;;;;;;
183;Технологическое оборудование;солодоварки;солодоварки;солодоварки;;150;;Вспомогательное;основная;мойка;;;;;;;;;;
183;Технологическое оборудование;солодоварки;солодоварки;солодоварки;;150;;Вспомогательное;основная;дезинфекция;;;;;;;;;;
184;Технологическое оборудование;тарталетницы;тарталетницы;тарталетницы;;150;;Вспомогательное;основная;мойка;;;;;;;;;;
184;Технологическое оборудование;тарталетницы;тарталетницы;тарталетницы;;150;;Вспомогательное;основная;дезинфекция;;;;;;;;;;
185;Технологическое оборудование;термощупы;термощупы;термощупы;;150;;Вспомогательное;основная;мойка;;;;;;;;;;
185;Технологическое оборудование;термощупы;термощупы;термощупы;;150;;Вспомогательное;основная;дезинфекция;;;;;;;;;;
186;Технологическое оборудование;тестоделители;тестоделители;тестоделители;;150;;Вспомогательное;основная;мойка;;;;;;;;;;
186;Технологическое оборудование;тестоделители;тестоделители;тестоделители;;150;;Вспомогательное;основная;дезинфекция;;;;;;;;;;
187;Технологическое оборудование;тестомесы;тестомесы;тестомесы;;150;;Вспомогательное;основная;мойка;;;;;;;;;;
187;Технологическое оборудование;тестомесы;тестомесы;тестомесы;;150;;Вспомогательное;основная;дезинфекция;;;;;;;;;;
188;Технологическое оборудование;тестоокруглители;тестоокруглители;тестоокруглители;;150;;Вспомогательное;основная;мойка;;;;;;;;;;
188;Технологическое оборудование;тестоокруглители;тестоокруглители;тестоокруглители;;150;;Вспомогательное;основная;дезинфекция;;;;;;;;;;
189;Технологическое оборудование;тестораскатки;тестораскатки;тестораскатки;;150;;Вспомогательное;основная;мойка;;;;;;;;;;
189;Технологическое оборудование;тестораскатки;тестораскатки;тестораскатки;;150;;Вспомогательное;основная;дезинфекция;;;;;;;;;;
190;Технологическое оборудование;ультразвуковые нарезки;ультразвуковые нарезки;ультразвуковые нарезки;;150;;Вспомогательное;основная;мойка;;;;;;;;;;
190;Технологическое оборудование;ультразвуковые нарезки;ультразвуковые нарезки;ультразвуковые нарезки;;150;;Вспомогательное;основная;дезинфекция;;;;;;;;;;
191;Технологическое оборудование;ферментаторы;ферментаторы;ферментаторы;;150;;Вспомогательное;основная;мойка;;;;;;;;;;
191;Технологическое оборудование;ферментаторы;ферментаторы;ферментаторы;;150;;Вспомогательное;основная;дезинфекция;;;;;;;;;;
192;Технологическое оборудование;шприц-дозатор начинки;шприц-дозатор начинки;шприц-дозатор начинки;;150;;Вспомогательное;основная;мойка;;;;;;;;;;
192;Технологическое оборудование;шприц-дозатор начинки;шприц-дозатор начинки;шприц-дозатор начинки;;150;;Вспомогательное;основная;дезинфекция;;;;;;;;;;
193;Упаковочное оборудование;flow pack;flow pack;flow pack;;160;;Вспомогательное;основная;мойка;;;;;;;;;;
193;Упаковочное оборудование;flow pack;flow pack;flow pack;;160;;Вспомогательное;основная;дезинфекция;;;;;;;;;;
194;Упаковочное оборудование;автоматическиеклипсаторы;автоматические клипсаторы;автоматические клипсаторы;;160;;Вспомогательное;основная;мойка;;;;;;;;;;
194;Упаковочное оборудование;автоматическиеклипсаторы;автоматические клипсаторы;автоматические клипсаторы;;160;;Вспомогательное;основная;дезинфекция;;;;;;;;;;
195;Упаковочное оборудование;вакуумные упаковщики;вакуумные упаковщики;вакуумные упаковщики;;160;;Вспомогательное;основная;мойка;;;;;;;;;;
195;Упаковочное оборудование;вакуумные упаковщики;вакуумные упаковщики;вакуумные упаковщики;;160;;Вспомогательное;основная;дезинфекция;;;;;;;;;;
196;Упаковочное оборудование;запайщики;запайщики;запайщики;;160;;Вспомогательное;основная;мойка;;;;;;;;;;
196;Упаковочное оборудование;запайщики;запайщики;запайщики;;160;;Вспомогательное;основная;дезинфекция;;;;;;;;;;
197;Упаковочное оборудование;принтера для этикеток;принтер для этикеток;принтер для этикеток;;160;;Вспомогательное;основная;мойка;;;;;;;;;;
197;Упаковочное оборудование;принтера для этикеток;принтер для этикеток;принтер для этикеток;;160;;Вспомогательное;основная;дезинфекция;;;;;;;;;;
198;Упаковочное оборудование;термоусадочные туннели;термоусадочные туннели;термоусадочные туннели;;160;;Вспомогательное;основная;мойка;;;;;;;;;;
198;Упаковочное оборудование;термоусадочные туннели;термоусадочные туннели;термоусадочные туннели;;160;;Вспомогательное;основная;дезинфекция;;;;;;;;;;
199;Упаковочное оборудование;этикетировщики;этикетировщики;этикетировщики;;160;;Вспомогательное;основная;мойка;;;;;;;;;;
199;Упаковочное оборудование;этикетировщики;этикетировщики;этикетировщики;;160;;Вспомогательное;основная;дезинфекция;;;;;;;;;;
200;Сантехническое оборудование;диспенсердозатор;Диспенсер / дозатор для спецжидкостей;;;100;;Моечное;основная;мойка;;;;;;;;по мере  заполнения 2/3 объёма;сотрудник внутреннего клининга;
200;Сантехническое оборудование;диспенсердозатор;Диспенсер / дозатор для спецжидкостей;;;100;;Моечное;основная;дезинфекция;;;;;;;;по мере  заполнения 2/3 объёма;сотрудник внутреннего клининга;
201;Технологическое оборудование;прибор кисл теста;Прибор для определения кислотности теста;;;100;;Моечное;основная;мойка;;;;;;;;по мере  заполнения 2/3 объёма;сотрудник внутреннего клининга;
201;Технологическое оборудование;прибор кисл теста;Прибор для определения кислотности теста;;;100;;Моечное;основная;дезинфекция;;;;;;;;по мере  заполнения 2/3 объёма;сотрудник внутреннего клининга;
202;Холодильное оборудование;холодильная витрина;Холодильная витрина;;;100;;Моечное;основная;мойка;;;;;;;;по мере  заполнения 2/3 объёма;сотрудник внутреннего клининга;
202;Холодильное оборудование;холодильная витрина;Холодильная витрина;;;100;;Моечное;основная;дезинфекция;;;;;;;;по мере  заполнения 2/3 объёма;сотрудник внутреннего клининга;
200;Сантехническое оборудование;диспенсердозатор;Диспенсер / дозатор для спецжидкостей;;;100;;Моечное;основная;мойка;;;;;;;;после каждого удаления отходов;сотрудник внутреннего клининга;
200;Сантехническое оборудование;диспенсердозатор;Диспенсер / дозатор для спецжидкостей;;;100;;Моечное;основная;дезинфекция;;;;;;;;после каждого удаления отходов;сотрудник внутреннего клининга;
200;Сантехническое оборудование;диспенсердозатор;Диспенсер / дозатор для спецжидкостей;;;100;;Моечное;генеральная;мойка;;;;;;;;1 раз в месяц;сотрудник внутреннего клининга;
200;Сантехническое оборудование;диспенсердозатор;Диспенсер / дозатор для спецжидкостей;;;100;;Моечное;генеральная;дезинфекция;;;;;;;;1 раз в месяц;сотрудник внутреннего клининга;
201;Технологическое оборудование;прибор кисл теста;Прибор для определения кислотности теста;;;100;;Моечное;основная;мойка;;;;;;;;после каждого удаления отходов;сотрудник внутреннего клининга;
201;Технологическое оборудование;прибор кисл теста;Прибор для определения кислотности теста;;;100;;Моечное;основная;дезинфекция;;;;;;;;после каждого удаления отходов;сотрудник внутреннего клининга;
201;Технологическое оборудование;прибор кисл теста;Прибор для определения кислотности теста;;;100;;Моечное;генеральная;мойка;;;;;;;;1 раз в месяц;сотрудник внутреннего клининга;
201;Технологическое оборудование;прибор кисл теста;Прибор для определения кислотности теста;;;100;;Моечное;генеральная;дезинфекция;;;;;;;;1 раз в месяц;сотрудник внутреннего клининга;
202;Холодильное оборудование;холодильная витрина;Холодильная витрина;;;100;;Моечное;основная;мойка;;;;;;;;после каждого удаления отходов;сотрудник внутреннего клининга;
202;Холодильное оборудование;холодильная витрина;Холодильная витрина;;;100;;Моечное;основная;дезинфекция;;;;;;;;после каждого удаления отходов;сотрудник внутреннего клининга;
202;Холодильное оборудование;холодильная витрина;Холодильная витрина;;;100;;Моечное;генеральная;мойка;;;;;;;;1 раз в месяц;сотрудник внутреннего клининга;
202;Холодильное оборудование;холодильная витрина;Холодильная витрина;;;100;;Моечное;генеральная;дезинфекция;;;;;;;;1 раз в месяц;сотрудник внутреннего клининга;
36;Поверхности;потолок () п;потолок подвесной;потолок (высота _____м);П;10;;Моечное;поддерживающая;мойка;;;;;;;;1 раз в 3 месяца обеспыливание;сотрудник внутреннего клининга;
36;Поверхности;потолок () п;потолок подвесной;потолок (высота _____м);П;10;;Моечное;поддерживающая;дезинфекция;;;;;;;;1 раз в 3 месяца обеспыливание;сотрудник внутреннего клининга;
36;Поверхности;потолок () п;потолок подвесной;потолок (высота _____м);П;10;;Моечное;генеральная;мойка;;;;;;;;1 раз в 12 месяцев;сотрудник внутреннего клининга;
36;Поверхности;потолок () п;потолок подвесной;потолок (высота _____м);П;10;;Моечное;генеральная;дезинфекция;;;;;;;;1 раз в 12 месяцев;сотрудник внутреннего клининга;
200;Сантехническое оборудование;диспенсердозатор;Диспенсер / дозатор для спецжидкостей;;;100;;Моечное;поддерживающая;мойка;;;;;;;;1 раз в 3 месяца обеспыливание;сотрудник внутреннего клининга;
200;Сантехническое оборудование;диспенсердозатор;Диспенсер / дозатор для спецжидкостей;;;100;;Моечное;поддерживающая;дезинфекция;;;;;;;;1 раз в 3 месяца обеспыливание;сотрудник внутреннего клининга;
200;Сантехническое оборудование;диспенсердозатор;Диспенсер / дозатор для спецжидкостей;;;100;;Моечное;генеральная;мойка;;;;;;;;1 раз в 12 месяцев;сотрудник внутреннего клининга;
200;Сантехническое оборудование;диспенсердозатор;Диспенсер / дозатор для спецжидкостей;;;100;;Моечное;генеральная;дезинфекция;;;;;;;;1 раз в 12 месяцев;сотрудник внутреннего клининга;
201;Технологическое оборудование;прибор кисл теста;Прибор для определения кислотности теста;;;100;;Моечное;поддерживающая;мойка;;;;;;;;1 раз в 3 месяца обеспыливание;сотрудник внутреннего клининга;
201;Технологическое оборудование;прибор кисл теста;Прибор для определения кислотности теста;;;100;;Моечное;поддерживающая;дезинфекция;;;;;;;;1 раз в 3 месяца обеспыливание;сотрудник внутреннего клининга;
201;Технологическое оборудование;прибор кисл теста;Прибор для определения кислотности теста;;;100;;Моечное;генеральная;мойка;;;;;;;;1 раз в 12 месяцев;сотрудник внутреннего клининга;
201;Технологическое оборудование;прибор кисл теста;Прибор для определения кислотности теста;;;100;;Моечное;генеральная;дезинфекция;;;;;;;;1 раз в 12 месяцев;сотрудник внутреннего клининга;
202;Холодильное оборудование;холодильная витрина;Холодильная витрина;;;100;;Моечное;поддерживающая;мойка;;;;;;;;1 раз в 3 месяца обеспыливание;сотрудник внутреннего клининга;
202;Холодильное оборудование;холодильная витрина;Холодильная витрина;;;100;;Моечное;поддерживающая;дезинфекция;;;;;;;;1 раз в 3 месяца обеспыливание;сотрудник внутреннего клининга;
202;Холодильное оборудование;холодильная витрина;Холодильная витрина;;;100;;Моечное;генеральная;мойка;;;;;;;;1 раз в 12 месяцев;сотрудник внутреннего клининга;
202;Холодильное оборудование;холодильная витрина;Холодильная витрина;;;100;;Моечное;генеральная;дезинфекция;;;;;;;;1 раз в 12 месяцев;сотрудник внутреннего клининга;
35;Поверхности;потолок () ок;потолок окрашенный;потолок (высота _____м);ОК;10;;Моечное;поддерживающая;мойка;;;;;;;;1 раз в 3 месяца обеспыливание;сотрудник внутреннего клининга;
35;Поверхности;потолок () ок;потолок окрашенный;потолок (высота _____м);ОК;10;;Моечное;поддерживающая;дезинфекция;;;;;;;;1 раз в 3 месяца обеспыливание;сотрудник внутреннего клининга;
35;Поверхности;потолок () ок;потолок окрашенный;потолок (высота _____м);ОК;10;;Моечное;генеральная;мойка;;;;;;;;1 раз в 6 месяцев;сотрудник внутреннего клининга;
35;Поверхности;потолок () ок;потолок окрашенный;потолок (высота _____м);ОК;10;;Моечное;генеральная;дезинфекция;;;;;;;;1 раз в 6 месяцев;сотрудник внутреннего клининга;
200;Сантехническое оборудование;диспенсердозатор;Диспенсер / дозатор для спецжидкостей;;;100;;Моечное;генеральная;мойка;;;;;;;;1 раз в 6 месяцев;сотрудник внутреннего клининга;
200;Сантехническое оборудование;диспенсердозатор;Диспенсер / дозатор для спецжидкостей;;;100;;Моечное;генеральная;дезинфекция;;;;;;;;1 раз в 6 месяцев;сотрудник внутреннего клининга;
201;Технологическое оборудование;прибор кисл теста;Прибор для определения кислотности теста;;;100;;Моечное;генеральная;мойка;;;;;;;;1 раз в 6 месяцев;сотрудник внутреннего клининга;
201;Технологическое оборудование;прибор кисл теста;Прибор для определения кислотности теста;;;100;;Моечное;генеральная;дезинфекция;;;;;;;;1 раз в 6 месяцев;сотрудник внутреннего клининга;
202;Холодильное оборудование;холодильная витрина;Холодильная витрина;;;100;;Моечное;генеральная;мойка;;;;;;;;1 раз в 6 месяцев;сотрудник внутреннего клининга;
202;Холодильное оборудование;холодильная витрина;Холодильная витрина;;;100;;Моечное;генеральная;дезинфекция;;;;;;;;1 раз в 6 месяцев;сотрудник внутреннего клининга;
5;Поверхности;вентиляционные трубы;вентиляционные трубы;вентиляционные трубы;;30;;Моечное;поддерживающая;мойка;;;;;;;;1 раз в 3 месяца обеспыливание;сотрудник внутреннего клининга;
5;Поверхности;вентиляционные трубы;вентиляционные трубы;вентиляционные трубы;;30;;Моечное;поддерживающая;дезинфекция;;;;;;;;1 раз в 3 месяца обеспыливание;сотрудник внутреннего клининга;
5;Поверхности;вентиляционные трубы;вентиляционные трубы;вентиляционные трубы;;30;;Моечное;генеральная;мойка;;;;;;;;1 раз в 6/12 месяцев;сотрудник внутреннего клининга;
5;Поверхности;вентиляционные трубы;вентиляционные трубы;вентиляционные трубы;;30;;Моечное;генеральная;дезинфекция;;;;;;;;1 раз в 6/12 месяцев;сотрудник внутреннего клининга;
200;Сантехническое оборудование;диспенсердозатор;Диспенсер / дозатор для спецжидкостей;;;100;;Моечное;генеральная;мойка;;;;;;;;1 раз в 6/12 месяцев;сотрудник внутреннего клининга;
200;Сантехническое оборудование;диспенсердозатор;Диспенсер / дозатор для спецжидкостей;;;100;;Моечное;генеральная;дезинфекция;;;;;;;;1 раз в 6/12 месяцев;сотрудник внутреннего клининга;
201;Технологическое оборудование;прибор кисл теста;Прибор для определения кислотности теста;;;100;;Моечное;генеральная;мойка;;;;;;;;1 раз в 6/12 месяцев;сотрудник внутреннего клининга;
201;Технологическое оборудование;прибор кисл теста;Прибор для определения кислотности теста;;;100;;Моечное;генеральная;дезинфекция;;;;;;;;1 раз в 6/12 месяцев;сотрудник внутреннего клининга;
202;Холодильное оборудование;холодильная витрина;Холодильная витрина;;;100;;Моечное;генеральная;мойка;;;;;;;;1 раз в 6/12 месяцев;сотрудник внутреннего клининга;
202;Холодильное оборудование;холодильная витрина;Холодильная витрина;;;100;;Моечное;генеральная;дезинфекция;;;;;;;;1 раз в 6/12 месяцев;сотрудник внутреннего клининга;
18;Поверхности;диффузоры;диффузоры;диффузоры;;35;;Моечное;поддерживающая;мойка;;;;;;;;1 раз в 3 месяца обеспыливание;сотрудник внутреннего клининга;
18;Поверхности;диффузоры;диффузоры;диффузоры;;35;;Моечное;поддерживающая;дезинфекция;;;;;;;;1 раз в 3 месяца обеспыливание;сотрудник внутреннего клининга;
18;Поверхности;диффузоры;диффузоры;диффузоры;;35;;Моечное;генеральная;мойка;;;;;;;;1 раз в 6/12 месяцев;сотрудник внутреннего клининга;
18;Поверхности;диффузоры;диффузоры;диффузоры;;35;;Моечное;генеральная;дезинфекция;;;;;;;;1 раз в 6/12 месяцев;сотрудник внутреннего клининга;
39;Поверхности;светильники;светильники;светильники;;20;;Моечное;поддерживающая;мойка;;;;;;;;1 раз в 3 месяца обеспыливание;сотрудник внутреннего клининга;
39;Поверхности;светильники;светильники;светильники;;20;;Моечное;поддерживающая;дезинфекция;;;;;;;;1 раз в 3 месяца обеспыливание;сотрудник внутреннего клининга;
39;Поверхности;светильники;светильники;светильники;;20;;Моечное;генеральная;мойка;;;;;;;;1 раз в 6/12 месяцев;сотрудник внутреннего клининга;
39;Поверхности;светильники;светильники;светильники;;20;;Моечное;генеральная;дезинфекция;;;;;;;;1 раз в 6/12 месяцев;сотрудник внутреннего клининга;
21;Поверхности;инсектицидные лампы;инсектицидные лампы;инсектицидные лампы;;45;;Моечное;генеральная;мойка;;;;;;;;1 раз в месяц;сотрудник инженерной службы;
200;Сантехническое оборудование;диспенсердозатор;Диспенсер / дозатор для спецжидкостей;;;100;;Моечное;генеральная;мойка;;;;;;;;1 раз в месяц;сотрудник инженерной службы;
201;Технологическое оборудование;прибор кисл теста;Прибор для определения кислотности теста;;;100;;Моечное;генеральная;мойка;;;;;;;;1 раз в месяц;сотрудник инженерной службы;
202;Холодильное оборудование;холодильная витрина;Холодильная витрина;;;100;;Моечное;генеральная;мойка;;;;;;;;1 раз в месяц;сотрудник инженерной службы;
41;Поверхности;стены (выше 2 м);стены (выше 2 м);стены (выше 2 м);;30;;Моечное;поддерживающая;мойка;;;;;;;;1 раз в 3 месяца обеспыливание;сотрудник внутреннего клининга;
41;Поверхности;стены (выше 2 м);стены (выше 2 м);стены (выше 2 м);;30;;Моечное;поддерживающая;дезинфекция;;;;;;;;1 раз в 3 месяца обеспыливание;сотрудник внутреннего клининга;
41;Поверхности;стены (выше 2 м);стены (выше 2 м);стены (выше 2 м);;30;;Моечное;генеральная;мойка;;;;;;;;1 раз в 6 месяцев;сотрудник внутреннего клининга;
41;Поверхности;стены (выше 2 м);стены (выше 2 м);стены (выше 2 м);;30;;Моечное;генеральная;дезинфекция;;;;;;;;1 раз в 6 месяцев;сотрудник внутреннего клининга;
22;Поверхности;кабель-каналы;кабель-каналы;кабель-каналы;;60;;Моечное;поддерживающая;мойка;;;;;;;;1 раз в 3 месяца обеспыливание;сотрудник внутреннего клининга;
22;Поверхности;кабель-каналы;кабель-каналы;кабель-каналы;;60;;Моечное;поддерживающая;дезинфекция;;;;;;;;1 раз в 3 месяца обеспыливание;сотрудник внутреннего клининга;
22;Поверхности;кабель-каналы;кабель-каналы;кабель-каналы;;60;;Моечное;генеральная;мойка;;;;;;;;1 раз в 6 месяцев;сотрудник внутреннего клининга;
22;Поверхности;кабель-каналы;кабель-каналы;кабель-каналы;;60;;Моечное;генеральная;дезинфекция;;;;;;;;1 раз в 6 месяцев;сотрудник внутреннего клининга;
6;Поверхности;водопроводные трубы;водопроводные трубы;водопроводные трубы;;60;;Моечное;поддерживающая;мойка;;;;;;;;1 раз в 3 месяца обеспыливание;сотрудник внутреннего клининга;
6;Поверхности;водопроводные трубы;водопроводные трубы;водопроводные трубы;;60;;Моечное;поддерживающая;дезинфекция;;;;;;;;1 раз в 3 месяца обеспыливание;сотрудник внутреннего клининга;
6;Поверхности;водопроводные трубы;водопроводные трубы;водопроводные трубы;;60;;Моечное;генеральная;мойка;;;;;;;;1 раз в 6 месяцев;сотрудник внутреннего клининга;
6;Поверхности;водопроводные трубы;водопроводные трубы;водопроводные трубы;;60;;Моечное;генеральная;дезинфекция;;;;;;;;1 раз в 6 месяцев;сотрудник внутреннего клининга;
71;Мебель;стеллажи;стеллажи;стеллажи;;130;;Моечное;поддерживающая;мойка;;;;;;;;1 раз в 3 месяца обеспыливание;сотрудник внутреннего клининга;
71;Мебель;стеллажи;стеллажи;стеллажи;;130;;Моечное;поддерживающая;дезинфекция;;;;;;;;1 раз в 3 месяца обеспыливание;сотрудник внутреннего клининга;
71;Мебель;стеллажи;стеллажи;стеллажи;;130;;Моечное;генеральная;мойка;;;;;;;;1 раз в 6 месяцев;сотрудник внутреннего клининга;
71;Мебель;стеллажи;стеллажи;стеллажи;;130;;Моечное;генеральная;дезинфекция;;;;;;;;1 раз в 6 месяцев;сотрудник внутреннего клининга;
42;Поверхности;стены (до 2 м);стены (до 2 м);стены (до 2 м);;40;;Моечное;генеральная;мойка;;;;;;;;1 раз в месяц;сотрудник внутреннего клининга;
42;Поверхности;стены (до 2 м);стены (до 2 м);стены (до 2 м);;40;;Моечное;генеральная;дезинфекция;;;;;;;;1 раз в месяц;сотрудник внутреннего клининга;
6;Поверхности;водопроводные трубы;водопроводные трубы;водопроводные трубы;;60;;Моечное;генеральная;мойка;;;;;;;;1 раз в месяц;сотрудник внутреннего клининга;
6;Поверхности;водопроводные трубы;водопроводные трубы;водопроводные трубы;;60;;Моечное;генеральная;дезинфекция;;;;;;;;1 раз в месяц;сотрудник внутреннего клининга;
22;Поверхности;кабель-каналы;кабель-каналы;кабель-каналы;;60;;Моечное;генеральная;мойка;;;;;;;;1 раз в месяц;сотрудник внутреннего клининга;
22;Поверхности;кабель-каналы;кабель-каналы;кабель-каналы;;60;;Моечное;генеральная;дезинфекция;;;;;;;;1 раз в месяц;сотрудник внутреннего клининга;
38;Поверхности;розетки;розетки;розетки;;65;;Моечное;генеральная;мойка;;;;;;;;1 раз в месяц;сотрудник внутреннего клининга;
38;Поверхности;розетки;розетки;розетки;;65;;Моечное;генеральная;дезинфекция;;;;;;;;1 раз в месяц;сотрудник внутреннего клининга;
30;Поверхности;отопительные приборы;отопительные приборы;отопительные приборы;;70;;Моечное;поддерживающая;мойка;;;;;;;;1 раз в месяц обеспыливание;сотрудник внутреннего клининга;
30;Поверхности;отопительные приборы;отопительные приборы;отопительные приборы;;70;;Моечное;поддерживающая;дезинфекция;;;;;;;;1 раз в месяц обеспыливание;сотрудник внутреннего клининга;
30;Поверхности;отопительные приборы;отопительные приборы;отопительные приборы;;70;;Моечное;генеральная;мойка;;;;;;;;1 раз в 6 месяцев;сотрудник внутреннего клининга;
30;Поверхности;отопительные приборы;отопительные приборы;отопительные приборы;;70;;Моечное;генеральная;дезинфекция;;;;;;;;1 раз в 6 месяцев;сотрудник внутреннего клининга;
200;Сантехническое оборудование;диспенсердозатор;Диспенсер / дозатор для спецжидкостей;;;100;;Моечное;поддерживающая;мойка;;;;;;;;1 раз в месяц обеспыливание;сотрудник внутреннего клининга;
200;Сантехническое оборудование;диспенсердозатор;Диспенсер / дозатор для спецжидкостей;;;100;;Моечное;поддерживающая;дезинфекция;;;;;;;;1 раз в месяц обеспыливание;сотрудник внутреннего клининга;
201;Технологическое оборудование;прибор кисл теста;Прибор для определения кислотности теста;;;100;;Моечное;поддерживающая;мойка;;;;;;;;1 раз в месяц обеспыливание;сотрудник внутреннего клининга;
201;Технологическое оборудование;прибор кисл теста;Прибор для определения кислотности теста;;;100;;Моечное;поддерживающая;дезинфекция;;;;;;;;1 раз в месяц обеспыливание;сотрудник внутреннего клининга;
202;Холодильное оборудование;холодильная витрина;Холодильная витрина;;;100;;Моечное;поддерживающая;мойка;;;;;;;;1 раз в месяц обеспыливание;сотрудник внутреннего клининга;
202;Холодильное оборудование;холодильная витрина;Холодильная витрина;;;100;;Моечное;поддерживающая;дезинфекция;;;;;;;;1 раз в месяц обеспыливание;сотрудник внутреннего клининга;
28;Поверхности;окна внешние;окна внешние;окна внешние;;55;;Моечное;генеральная;мойка;;;;;;;;1 раз в месяц (летний период);сотрудник внутреннего клининга;
200;Сантехническое оборудование;диспенсердозатор;Диспенсер / дозатор для спецжидкостей;;;100;;Моечное;генеральная;мойка;;;;;;;;1 раз в месяц (летний период);сотрудник внутреннего клининга;
201;Технологическое оборудование;прибор кисл теста;Прибор для определения кислотности теста;;;100;;Моечное;генеральная;мойка;;;;;;;;1 раз в месяц (летний период);сотрудник внутреннего клининга;
202;Холодильное оборудование;холодильная витрина;Холодильная витрина;;;100;;Моечное;генеральная;мойка;;;;;;;;1 раз в месяц (летний период);сотрудник внутреннего клининга;
200;Сантехническое оборудование;диспенсердозатор;Диспенсер / дозатор для спецжидкостей;;;100;;Моечное;основная;мойка;;;;;;;;1 раз в неделю;сотрудник внутреннего клининга;
201;Технологическое оборудование;прибор кисл теста;Прибор для определения кислотности теста;;;100;;Моечное;основная;мойка;;;;;;;;1 раз в неделю;сотрудник внутреннего клининга;
202;Холодильное оборудование;холодильная витрина;Холодильная витрина;;;100;;Моечное;основная;мойка;;;;;;;;1 раз в неделю;сотрудник внутреннего клининга;
8;Поверхности;выключатели;выключатели;выключатели;;65;;Моечное;поддерживающая;дезинфекция;;;;;;;;2 раза в смену;сотрудник внутреннего клининга;
8;Поверхности;выключатели;выключатели;выключатели;;65;;Моечное;генеральная;мойка;;;;;;;;1 раз в месяц;сотрудник внутреннего клининга;
8;Поверхности;выключатели;выключатели;выключатели;;65;;Моечное;генеральная;дезинфекция;;;;;;;;1 раз в месяц;сотрудник внутреннего клининга;
200;Сантехническое оборудование;диспенсердозатор;Диспенсер / дозатор для спецжидкостей;;;100;;Моечное;поддерживающая;дезинфекция;;;;;;;;2 раза в смену;сотрудник внутреннего клининга;
201;Технологическое оборудование;прибор кисл теста;Прибор для определения кислотности теста;;;100;;Моечное;поддерживающая;дезинфекция;;;;;;;;2 раза в смену;сотрудник внутреннего клининга;
202;Холодильное оборудование;холодильная витрина;Холодильная витрина;;;100;;Моечное;поддерживающая;дезинфекция;;;;;;;;2 раза в смену;сотрудник внутреннего клининга;
61;Санитарный пост;дозаторы для мылаантисептика;дозаторы для мыла и антисептика;дозаторы для мыла и антисептика;;110;;Моечное;основная;мойка;;;;;;;;при замене продукта;сотрудник внутреннего клининга;
61;Санитарный пост;дозаторы для мылаантисептика;дозаторы для мыла и антисептика;дозаторы для мыла и антисептика;;110;;Моечное;основная;дезинфекция;;;;;;;;при замене продукта;сотрудник внутреннего клининга;
61;Санитарный пост;дозаторы для мылаантисептика;дозаторы для мыла и антисептика;дозаторы для мыла и антисептика;;110;;Моечное;поддерживающая;дезинфекция;;;;;;;;2 раза в смену;сотрудник внутреннего клининга;
61;Санитарный пост;дозаторы для мылаантисептика;дозаторы для мыла и антисептика;дозаторы для мыла и антисептика;;110;;Моечное;генеральная;мойка;;;;;;;;1 раз в месяц;сотрудник внутреннего клининга;
61;Санитарный пост;дозаторы для мылаантисептика;дозаторы для мыла и антисептика;дозаторы для мыла и антисептика;;110;;Моечное;генеральная;дезинфекция;;;;;;;;1 раз в месяц;сотрудник внутреннего клининга;
200;Сантехническое оборудование;диспенсердозатор;Диспенсер / дозатор для спецжидкостей;;;100;;Моечное;основная;мойка;;;;;;;;при замене продукта;сотрудник внутреннего клининга;
200;Сантехническое оборудование;диспенсердозатор;Диспенсер / дозатор для спецжидкостей;;;100;;Моечное;основная;дезинфекция;;;;;;;;при замене продукта;сотрудник внутреннего клининга;
201;Технологическое оборудование;прибор кисл теста;Прибор для определения кислотности теста;;;100;;Моечное;основная;мойка;;;;;;;;при замене продукта;сотрудник внутреннего клининга;
201;Технологическое оборудование;прибор кисл теста;Прибор для определения кислотности теста;;;100;;Моечное;основная;дезинфекция;;;;;;;;при замене продукта;сотрудник внутреннего клининга;
202;Холодильное оборудование;холодильная витрина;Холодильная витрина;;;100;;Моечное;основная;мойка;;;;;;;;при замене продукта;сотрудник внутреннего клининга;
202;Холодильное оборудование;холодильная витрина;Холодильная витрина;;;100;;Моечное;основная;дезинфекция;;;;;;;;при замене продукта;сотрудник внутреннего клининга;
1;Поверхности;пол;пол;пол;;200;;Моечное;основная;мойка;;;;;;;;1 раз в неделю;сотрудник внутреннего клининга;
1;Поверхности;пол;пол;пол;;200;;Моечное;основная;дезинфекция;;;;;;;;1 раз в неделю;сотрудник внутреннего клининга;
1;Поверхности;пол;пол;пол;;200;;Моечное;генеральная;мойка;;;;;;;;1 раз в месяц;сотрудник внутреннего клининга;
1;Поверхности;пол;пол;пол;;200;;Моечное;генеральная;дезинфекция;;;;;;;;1 раз в месяц;сотрудник внутреннего клининга;
200;Сантехническое оборудование;диспенсердозатор;Диспенсер / дозатор для спецжидкостей;;;100;;Моечное;основная;дезинфекция;;;;;;;;1 раз в неделю;сотрудник внутреннего клининга;
201;Технологическое оборудование;прибор кисл теста;Прибор для определения кислотности теста;;;100;;Моечное;основная;дезинфекция;;;;;;;;1 раз в неделю;сотрудник внутреннего клининга;
202;Холодильное оборудование;холодильная витрина;Холодильная витрина;;;100;;Моечное;основная;дезинфекция;;;;;;;;1 раз в неделю;сотрудник внутреннего клининга;
200;Сантехническое оборудование;диспенсердозатор;Диспенсер / дозатор для спецжидкостей;;;100;;Моечное;основная;мойка;;;;;;;;1 раз в смену;сотрудник внутреннего клининга;
200;Сантехническое оборудование;диспенсердозатор;Диспенсер / дозатор для спецжидкостей;;;100;;Моечное;основная;дезинфекция;;;;;;;;1 раз в смену;сотрудник внутреннего клининга;
201;Технологическое оборудование;прибор кисл теста;Прибор для определения кислотности теста;;;100;;Моечное;основная;мойка;;;;;;;;1 раз в смену;сотрудник внутреннего клининга;
201;Технологическое оборудование;прибор кисл теста;Прибор для определения кислотности теста;;;100;;Моечное;основная;дезинфекция;;;;;;;;1 раз в смену;сотрудник внутреннего клининга;
202;Холодильное оборудование;холодильная витрина;Холодильная витрина;;;100;;Моечное;основная;мойка;;;;;;;;1 раз в смену;сотрудник внутреннего клининга;
202;Холодильное оборудование;холодильная витрина;Холодильная витрина;;;100;;Моечное;основная;дезинфекция;;;;;;;;1 раз в смену;сотрудник внутреннего клининга;
75;Мебель;шкафы;шкафы;шкафы;;130;;Моечное;основная;мойка;;;;;;;;1 раз в неделю;сотрудник внутреннего клининга;
75;Мебель;шкафы;шкафы;шкафы;;130;;Моечное;основная;дезинфекция;;;;;;;;1 раз в неделю;сотрудник внутреннего клининга;
75;Мебель;шкафы;шкафы;шкафы;;130;;Моечное;генеральная;мойка;;;;;;;;1 раз в месяц;сотрудник внутреннего клининга;
75;Мебель;шкафы;шкафы;шкафы;;130;;Моечное;генеральная;дезинфекция;;;;;;;;1 раз в месяц;сотрудник внутреннего клининга;
71;Мебель;стеллажи;стеллажи;стеллажи;;130;;Моечное;основная;мойка;;;;;;;;1 раз в неделю;сотрудник внутреннего клининга;
71;Мебель;стеллажи;стеллажи;стеллажи;;130;;Моечное;основная;дезинфекция;;;;;;;;1 раз в неделю;сотрудник внутреннего клининга;
71;Мебель;стеллажи;стеллажи;стеллажи;;130;;Моечное;генеральная;мойка;;;;;;;;1 раз в месяц;сотрудник внутреннего клининга;
71;Мебель;стеллажи;стеллажи;стеллажи;;130;;Моечное;генеральная;дезинфекция;;;;;;;;1 раз в месяц;сотрудник внутреннего клининга;
69;Мебель;полки;полки;полки;;130;;Моечное;основная;мойка;;;;;;;;1 раз в неделю;сотрудник внутреннего клининга;
69;Мебель;полки;полки;полки;;130;;Моечное;основная;дезинфекция;;;;;;;;1 раз в неделю;сотрудник внутреннего клининга;
69;Мебель;полки;полки;полки;;130;;Моечное;генеральная;мойка;;;;;;;;1 раз в месяц;сотрудник внутреннего клининга;
69;Мебель;полки;полки;полки;;130;;Моечное;генеральная;дезинфекция;;;;;;;;1 раз в месяц;сотрудник внутреннего клининга;
53;Сантехническое оборудование;раковина;раковина;раковина;;90;;Моечное;основная;мойка;;;;;;;;1 раз в смену;сотрудник внутреннего клининга;
53;Сантехническое оборудование;раковина;раковина;раковина;;90;;Моечное;основная;дезинфекция;;;;;;;;1 раз в смену;сотрудник внутреннего клининга;
53;Сантехническое оборудование;раковина;раковина;раковина;;90;;Моечное;генеральная;мойка;;;;;;;;1 раз в месяц;сотрудник внутреннего клининга;
53;Сантехническое оборудование;раковина;раковина;раковина;;90;;Моечное;генеральная;дезинфекция;;;;;;;;1 раз в месяц;сотрудник внутреннего клининга;
54;Сантехническое оборудование;смеситель;смеситель;смеситель;;90;;Моечное;основная;мойка;;;;;;;;1 раз в смену;сотрудник внутреннего клининга;
54;Сантехническое оборудование;смеситель;смеситель;смеситель;;90;;Моечное;основная;дезинфекция;;;;;;;;1 раз в смену;сотрудник внутреннего клининга;
54;Сантехническое оборудование;смеситель;смеситель;смеситель;;90;;Моечное;генеральная;мойка;;;;;;;;1 раз в месяц;сотрудник внутреннего клининга;
54;Сантехническое оборудование;смеситель;смеситель;смеситель;;90;;Моечное;генеральная;дезинфекция;;;;;;;;1 раз в месяц;сотрудник внутреннего клининга;
55;Сантехническое оборудование;технологическая мойка;технологическая мойка;технологическая мойка;;100;;Моечное;основная;мойка;;;;;;;;1 раз в смену;сотрудник внутреннего клининга;
55;Сантехническое оборудование;технологическая мойка;технологическая мойка;технологическая мойка;;100;;Моечное;основная;дезинфекция;;;;;;;;1 раз в смену;сотрудник внутреннего клининга;
55;Сантехническое оборудование;технологическая мойка;технологическая мойка;технологическая мойка;;100;;Моечное;генеральная;мойка;;;;;;;;1 раз в месяц;сотрудник внутреннего клининга;
55;Сантехническое оборудование;технологическая мойка;технологическая мойка;технологическая мойка;;100;;Моечное;генеральная;дезинфекция;;;;;;;;1 раз в месяц;сотрудник внутреннего клининга;
64;Санитарный пост;санитарный пост;санитарный пост;санитарный пост;;110;;Моечное;основная;мойка;;;;;;;;1 раз в смену;сотрудник внутреннего клининга;
64;Санитарный пост;санитарный пост;санитарный пост;санитарный пост;;110;;Моечное;основная;дезинфекция;;;;;;;;1 раз в смену;сотрудник внутреннего клининга;
64;Санитарный пост;санитарный пост;санитарный пост;санитарный пост;;110;;Моечное;генеральная;мойка;;;;;;;;1 раз в месяц;сотрудник внутреннего клининга;
64;Санитарный пост;санитарный пост;санитарный пост;санитарный пост;;110;;Моечное;генеральная;дезинфекция;;;;;;;;1 раз в месяц;сотрудник внутреннего клининга;
31;Поверхности;пластиковые паллеты;пластиковые паллеты;пластиковые паллеты;;175;;Моечное;генеральная;мойка;;;;;;;;1 раз в месяц;сотрудник внутреннего клининга;
31;Поверхности;пластиковые паллеты;пластиковые паллеты;пластиковые паллеты;;175;;Моечное;генеральная;дезинфекция;;;;;;;;1 раз в месяц;сотрудник внутреннего клининга;
1;Поверхности;пол;пол;пол;;200;;Моечное;поддерживающая;дезинфекция;;;;;;;;1 раз в смену;сотрудник внутреннего клининга;
200;Сантехническое оборудование;диспенсердозатор;Диспенсер / дозатор для спецжидкостей;;;100;;Моечное;поддерживающая;дезинфекция;;;;;;;;1 раз в смену;сотрудник внутреннего клининга;
201;Технологическое оборудование;прибор кисл теста;Прибор для определения кислотности теста;;;100;;Моечное;поддерживающая;дезинфекция;;;;;;;;1 раз в смену;сотрудник внутреннего клининга;
202;Холодильное оборудование;холодильная витрина;Холодильная витрина;;;100;;Моечное;поддерживающая;дезинфекция;;;;;;;;1 раз в смену;сотрудник внутреннего клининга;
44;Поверхности;стоки;стоки;стоки;;195;;Моечное;основная;мойка;;;;;;;;1 раз в смену;сотрудник внутреннего клининга;
44;Поверхности;стоки;стоки;стоки;;195;;Моечное;основная;дезинфекция;;;;;;;;1 раз в смену;сотрудник внутреннего клининга;
44;Поверхности;стоки;стоки;стоки;;195;;Моечное;поддерживающая;мойка;;;;;;;;по мере необходимости;сотрудник внутреннего клининга;
44;Поверхности;стоки;стоки;стоки;;195;;Моечное;генеральная;мойка;;;;;;;;1 раз в месяц;сотрудник внутреннего клининга;
44;Поверхности;стоки;стоки;стоки;;195;;Моечное;генеральная;дезинфекция;;;;;;;;1 раз в месяц;сотрудник внутреннего клининга;
45;Поверхности;трапы;трапы;трапы;;195;;Моечное;основная;мойка;;;;;;;;1 раз в смену;сотрудник внутреннего клининга;
45;Поверхности;трапы;трапы;трапы;;195;;Моечное;основная;дезинфекция;;;;;;;;1 раз в смену;сотрудник внутреннего клининга;
45;Поверхности;трапы;трапы;трапы;;195;;Моечное;поддерживающая;мойка;;;;;;;;по мере необходимости;сотрудник внутреннего клининга;
45;Поверхности;трапы;трапы;трапы;;195;;Моечное;генеральная;мойка;;;;;;;;1 раз в месяц;сотрудник внутреннего клининга;
45;Поверхности;трапы;трапы;трапы;;195;;Моечное;генеральная;дезинфекция;;;;;;;;1 раз в месяц;сотрудник внутреннего клининга;
200;Сантехническое оборудование;диспенсердозатор;Диспенсер / дозатор для спецжидкостей;;;100;;Моечное;поддерживающая;мойка;;;;;;;;по мере необходимости;сотрудник внутреннего клининга;
201;Технологическое оборудование;прибор кисл теста;Прибор для определения кислотности теста;;;100;;Моечное;поддерживающая;мойка;;;;;;;;по мере необходимости;сотрудник внутреннего клининга;
202;Холодильное оборудование;холодильная витрина;Холодильная витрина;;;100;;Моечное;поддерживающая;мойка;;;;;;;;по мере необходимости;сотрудник внутреннего клининга;
1;Поверхности;пол;пол;пол;;200;;Моечное;основная;мойка;;;;;;;;1 раз в смену;сотрудник внутреннего клининга;
1;Поверхности;пол;пол;пол;;200;;Моечное;основная;дезинфекция;;;;;;;;1 раз в смену;сотрудник внутреннего клининга;
60;Санитарный пост;диспенсердержатель для полотенец;диспенсер/держатель для полотенец;диспенсер для полотенец;;110;;Моечное;основная;мойка;;;;;;;;1 раз в смену;сотрудник внутреннего клининга;
60;Санитарный пост;диспенсердержатель для полотенец;диспенсер/держатель для полотенец;диспенсер для полотенец;;110;;Моечное;основная;дезинфекция;;;;;;;;1 раз в смену;сотрудник внутреннего клининга;
60;Санитарный пост;диспенсердержатель для полотенец;диспенсер/держатель для полотенец;диспенсер для полотенец;;110;;Моечное;генеральная;мойка;;;;;;;;1 раз в месяц;сотрудник внутреннего клининга;
60;Санитарный пост;диспенсердержатель для полотенец;диспенсер/держатель для полотенец;диспенсер для полотенец;;110;;Моечное;генеральная;дезинфекция;;;;;;;;1 раз в месяц;сотрудник внутреннего клининга;
69;Мебель;полки;полки;полки;;130;;Моечное;основная;мойка;;;;;;;;1 раз в смену;сотрудник внутреннего клининга;
69;Мебель;полки;полки;полки;;130;;Моечное;основная;дезинфекция;;;;;;;;1 раз в смену;сотрудник внутреннего клининга;
127;Моечный, уборочный инвентарь и оборудование;поломоечная машина;поломоечная машина;поломоечная машина;;170;;Моечное;основная;мойка;;;;;;;;1 раз в смену;сотрудник внутреннего клининга;
127;Моечный, уборочный инвентарь и оборудование;поломоечная машина;поломоечная машина;поломоечная машина;;170;;Моечное;основная;дезинфекция;;;;;;;;1 раз в смену;сотрудник внутреннего клининга;
127;Моечный, уборочный инвентарь и оборудование;поломоечная машина;поломоечная машина;поломоечная машина;;170;;Моечное;генеральная;мойка;;;;;;;;1 раз в месяц;сотрудник внутреннего клининга;
127;Моечный, уборочный инвентарь и оборудование;поломоечная машина;поломоечная машина;поломоечная машина;;170;;Моечное;генеральная;дезинфекция;;;;;;;;1 раз в месяц;сотрудник внутреннего клининга;
132;Посудомоечное оборудование;пмм купольная;посудомоечная машина купольная;посудомоечная машина;купольная;160;;Моечное;основная;мойка;;;;;;;;1 раз в смену;сотрудник внутреннего клининга;
132;Посудомоечное оборудование;пмм купольная;посудомоечная машина купольная;посудомоечная машина;купольная;160;;Моечное;основная;дезинфекция;;;;;;;;1 раз в смену;сотрудник внутреннего клининга;
132;Посудомоечное оборудование;пмм купольная;посудомоечная машина купольная;посудомоечная машина;купольная;160;;Моечное;генеральная;мойка;;;;;;;;1 раз в месяц;сотрудник внутреннего клининга;
132;Посудомоечное оборудование;пмм купольная;посудомоечная машина купольная;посудомоечная машина;купольная;160;;Моечное;генеральная;дезинфекция;;;;;;;;1 раз в месяц;сотрудник внутреннего клининга;
157;Технологическое оборудование;весы напольные;весы напольные;весы напольные;;150;;Моечное;основная;мойка;;;;;;;;1 раз в смену;сотрудник внутреннего клининга;
157;Технологическое оборудование;весы напольные;весы напольные;весы напольные;;150;;Моечное;основная;дезинфекция;;;;;;;;1 раз в смену;сотрудник внутреннего клининга;
157;Технологическое оборудование;весы напольные;весы напольные;весы напольные;;150;;Моечное;генеральная;мойка;;;;;;;;1 раз в месяц;сотрудник внутреннего клининга;
157;Технологическое оборудование;весы напольные;весы напольные;весы напольные;;150;;Моечное;генеральная;дезинфекция;;;;;;;;1 раз в месяц;сотрудник внутреннего клининга;
200;Сантехническое оборудование;диспенсердозатор;Диспенсер / дозатор для спецжидкостей;;;100;;Моечное;основная;мойка;;;;;;;;1 раз в смену (внутренние поверхности);сотрудник внутреннего клининга;
200;Сантехническое оборудование;диспенсердозатор;Диспенсер / дозатор для спецжидкостей;;;100;;Моечное;генеральная;мойка;;;;;;;;1 раз в месяц (внешние и внутренние поверхности);сотрудник внутреннего клининга;
200;Сантехническое оборудование;диспенсердозатор;Диспенсер / дозатор для спецжидкостей;;;100;;Моечное;генеральная;дезинфекция;;;;;;;;1 раз в месяц (внешние и внутренние поверхности);сотрудник внутреннего клининга;
201;Технологическое оборудование;прибор кисл теста;Прибор для определения кислотности теста;;;100;;Моечное;основная;мойка;;;;;;;;1 раз в смену (внутренние поверхности);сотрудник внутреннего клининга;
201;Технологическое оборудование;прибор кисл теста;Прибор для определения кислотности теста;;;100;;Моечное;генеральная;мойка;;;;;;;;1 раз в месяц (внешние и внутренние поверхности);сотрудник внутреннего клининга;
201;Технологическое оборудование;прибор кисл теста;Прибор для определения кислотности теста;;;100;;Моечное;генеральная;дезинфекция;;;;;;;;1 раз в месяц (внешние и внутренние поверхности);сотрудник внутреннего клининга;
202;Холодильное оборудование;холодильная витрина;Холодильная витрина;;;100;;Моечное;основная;мойка;;;;;;;;1 раз в смену (внутренние поверхности);сотрудник внутреннего клининга;
202;Холодильное оборудование;холодильная витрина;Холодильная витрина;;;100;;Моечное;генеральная;мойка;;;;;;;;1 раз в месяц (внешние и внутренние поверхности);сотрудник внутреннего клининга;
202;Холодильное оборудование;холодильная витрина;Холодильная витрина;;;100;;Моечное;генеральная;дезинфекция;;;;;;;;1 раз в месяц (внешние и внутренние поверхности);сотрудник внутреннего клининга;
108;Инвентарь, посуда и т.д.;посуда;посуда;посуда;;150;;Моечное;основная;мойка;;;;;;;;после каждого использования;сотрудник внутреннего клининга;
108;Инвентарь, посуда и т.д.;посуда;посуда;посуда;;150;;Моечное;основная;дезинфекция;;;;;;;;после каждого использования;сотрудник внутреннего клининга;
108;Инвентарь, посуда и т.д.;посуда;посуда;посуда;;150;;Моечное;генеральная;мойка;;;;;;;;1 раз в месяц;сотрудник внутреннего клининга;
108;Инвентарь, посуда и т.д.;посуда;посуда;посуда;;150;;Моечное;генеральная;дезинфекция;;;;;;;;1 раз в месяц;сотрудник внутреннего клининга;
200;Сантехническое оборудование;диспенсердозатор;Диспенсер / дозатор для спецжидкостей;;;100;;Моечное;основная;мойка;;;;;;;;после каждого использования;сотрудник внутреннего клининга;
200;Сантехническое оборудование;диспенсердозатор;Диспенсер / дозатор для спецжидкостей;;;100;;Моечное;основная;дезинфекция;;;;;;;;после каждого использования;сотрудник внутреннего клининга;
201;Технологическое оборудование;прибор кисл теста;Прибор для определения кислотности теста;;;100;;Моечное;основная;мойка;;;;;;;;после каждого использования;сотрудник внутреннего клининга;
201;Технологическое оборудование;прибор кисл теста;Прибор для определения кислотности теста;;;100;;Моечное;основная;дезинфекция;;;;;;;;после каждого использования;сотрудник внутреннего клининга;
202;Холодильное оборудование;холодильная витрина;Холодильная витрина;;;100;;Моечное;основная;мойка;;;;;;;;после каждого использования;сотрудник внутреннего клининга;
202;Холодильное оборудование;холодильная витрина;Холодильная витрина;;;100;;Моечное;основная;дезинфекция;;;;;;;;после каждого использования;сотрудник внутреннего клининга;
97;Инвентарь, посуда и т.д.;инвентарь;инвентарь;инвентарь;;150;;Моечное;основная;мойка;;;;;;;;после каждого использования;сотрудник внутреннего клининга;
97;Инвентарь, посуда и т.д.;инвентарь;инвентарь;инвентарь;;150;;Моечное;основная;дезинфекция;;;;;;;;после каждого использования;сотрудник внутреннего клининга;
97;Инвентарь, посуда и т.д.;инвентарь;инвентарь;инвентарь;;150;;Моечное;генеральная;мойка;;;;;;;;1 раз в месяц;сотрудник внутреннего клининга;
97;Инвентарь, посуда и т.д.;инвентарь;инвентарь;инвентарь;;150;;Моечное;генеральная;дезинфекция;;;;;;;;1 раз в месяц;сотрудник внутреннего клининга;
112;Инвентарь, посуда и т.д.;съёмные детали оборудования а;съёмные детали оборудования алюминиевые;съёмные детали оборудования;А;150;;Моечное;основная;мойка;;;;;;;;после каждого использования;сотрудник внутреннего клининга;
112;Инвентарь, посуда и т.д.;съёмные детали оборудования а;съёмные детали оборудования алюминиевые;съёмные детали оборудования;А;150;;Моечное;основная;дезинфекция;;;;;;;;после каждого использования;сотрудник внутреннего клининга;
112;Инвентарь, посуда и т.д.;съёмные детали оборудования а;съёмные детали оборудования алюминиевые;съёмные детали оборудования;А;150;;Моечное;генеральная;мойка;;;;;;;;1 раз в месяц;сотрудник внутреннего клининга;
112;Инвентарь, посуда и т.д.;съёмные детали оборудования а;съёмные детали оборудования алюминиевые;съёмные детали оборудования;А;150;;Моечное;генеральная;дезинфекция;;;;;;;;1 раз в месяц;сотрудник внутреннего клининга;
113;Инвентарь, посуда и т.д.;съёмные детали оборудования н;съёмные детали оборудования из нержавеющей стали;съёмные детали оборудования;Н;150;;Моечное;основная;мойка;;;;;;;;после каждого использования;сотрудник внутреннего клининга;
113;Инвентарь, посуда и т.д.;съёмные детали оборудования н;съёмные детали оборудования из нержавеющей стали;съёмные детали оборудования;Н;150;;Моечное;основная;дезинфекция;;;;;;;;после каждого использования;сотрудник внутреннего клининга;
113;Инвентарь, посуда и т.д.;съёмные детали оборудования н;съёмные детали оборудования из нержавеющей стали;съёмные детали оборудования;Н;150;;Моечное;генеральная;мойка;;;;;;;;1 раз в месяц;сотрудник внутреннего клининга;
113;Инвентарь, посуда и т.д.;съёмные детали оборудования н;съёмные детали оборудования из нержавеющей стали;съёмные детали оборудования;Н;150;;Моечное;генеральная;дезинфекция;;;;;;;;1 раз в месяц;сотрудник внутреннего клининга;
95;Инвентарь, посуда и т.д.;доски;доски;доски;;150;;Моечное;основная;мойка;;;;;;;;после каждого использования;сотрудник внутреннего клининга;
95;Инвентарь, посуда и т.д.;доски;доски;доски;;150;;Моечное;основная;дезинфекция;;;;;;;;после каждого использования;сотрудник внутреннего клининга;
95;Инвентарь, посуда и т.д.;доски;доски;доски;;150;;Моечное;генеральная;мойка;;;;;;;;1 раз в месяц;сотрудник внутреннего клининга;
95;Инвентарь, посуда и т.д.;доски;доски;доски;;150;;Моечное;генеральная;дезинфекция;;;;;;;;1 раз в месяц;сотрудник внутреннего клининга;
93;Инвентарь, посуда и т.д.;гастроёмкости;гастроёмкости;гастроёмкости;;150;;Моечное;основная;мойка;;;;;;;;после каждого использования;сотрудник внутреннего клининга;
93;Инвентарь, посуда и т.д.;гастроёмкости;гастроёмкости;гастроёмкости;;150;;Моечное;основная;дезинфекция;;;;;;;;после каждого использования;сотрудник внутреннего клининга;
93;Инвентарь, посуда и т.д.;гастроёмкости;гастроёмкости;гастроёмкости;;150;;Моечное;генеральная;мойка;;;;;;;;1 раз в месяц;сотрудник внутреннего клининга;
93;Инвентарь, посуда и т.д.;гастроёмкости;гастроёмкости;гастроёмкости;;150;;Моечное;генеральная;дезинфекция;;;;;;;;1 раз в месяц;сотрудник внутреннего клининга;
94;Инвентарь, посуда и т.д.;дежи;дежи;дежи;;150;;Моечное;основная;мойка;;;;;;;;после каждого использования;сотрудник внутреннего клининга;
94;Инвентарь, посуда и т.д.;дежи;дежи;дежи;;150;;Моечное;основная;дезинфекция;;;;;;;;после каждого использования;сотрудник внутреннего клининга;
94;Инвентарь, посуда и т.д.;дежи;дежи;дежи;;150;;Моечное;генеральная;мойка;;;;;;;;1 раз в месяц;сотрудник внутреннего клининга;
94;Инвентарь, посуда и т.д.;дежи;дежи;дежи;;150;;Моечное;генеральная;дезинфекция;;;;;;;;1 раз в месяц;сотрудник внутреннего клининга;
102;Инвентарь, посуда и т.д.;листы от шпилек;листы от шпилек;листы от шпилек;;150;;Моечное;основная;мойка;;;;;;;;после каждого использования;сотрудник внутреннего клининга;
102;Инвентарь, посуда и т.д.;листы от шпилек;листы от шпилек;листы от шпилек;;150;;Моечное;основная;дезинфекция;;;;;;;;после каждого использования;сотрудник внутреннего клининга;
102;Инвентарь, посуда и т.д.;листы от шпилек;листы от шпилек;листы от шпилек;;150;;Моечное;генеральная;мойка;;;;;;;;1 раз в месяц;сотрудник внутреннего клининга;
102;Инвентарь, посуда и т.д.;листы от шпилек;листы от шпилек;листы от шпилек;;150;;Моечное;генеральная;дезинфекция;;;;;;;;1 раз в месяц;сотрудник внутреннего клининга;
104;Инвентарь, посуда и т.д.;ножи;ножи разделочные;ножи разделочные;;150;;Моечное;основная;мойка;;;;;;;;в конце смены;сотрудник внутреннего клининга;
104;Инвентарь, посуда и т.д.;ножи;ножи разделочные;ножи разделочные;;150;;Моечное;основная;дезинфекция;;;;;;;;в конце смены;сотрудник внутреннего клининга;
104;Инвентарь, посуда и т.д.;ножи;ножи разделочные;ножи разделочные;;150;;Моечное;поддерживающая;дезинфекция;;;;;;;;через каждые 2 часа работы;сотрудник внутреннего клининга;
104;Инвентарь, посуда и т.д.;ножи;ножи разделочные;ножи разделочные;;150;;Моечное;генеральная;мойка;;;;;;;;1 раз в месяц;сотрудник внутреннего клининга;
104;Инвентарь, посуда и т.д.;ножи;ножи разделочные;ножи разделочные;;150;;Моечное;генеральная;дезинфекция;;;;;;;;1 раз в месяц;сотрудник внутреннего клининга;
200;Сантехническое оборудование;диспенсердозатор;Диспенсер / дозатор для спецжидкостей;;;100;;Моечное;основная;мойка;;;;;;;;в конце смены;сотрудник внутреннего клининга;
200;Сантехническое оборудование;диспенсердозатор;Диспенсер / дозатор для спецжидкостей;;;100;;Моечное;основная;дезинфекция;;;;;;;;в конце смены;сотрудник внутреннего клининга;
200;Сантехническое оборудование;диспенсердозатор;Диспенсер / дозатор для спецжидкостей;;;100;;Моечное;поддерживающая;дезинфекция;;;;;;;;через каждые 2 часа работы;сотрудник внутреннего клининга;
201;Технологическое оборудование;прибор кисл теста;Прибор для определения кислотности теста;;;100;;Моечное;основная;мойка;;;;;;;;в конце смены;сотрудник внутреннего клининга;
201;Технологическое оборудование;прибор кисл теста;Прибор для определения кислотности теста;;;100;;Моечное;основная;дезинфекция;;;;;;;;в конце смены;сотрудник внутреннего клининга;
201;Технологическое оборудование;прибор кисл теста;Прибор для определения кислотности теста;;;100;;Моечное;поддерживающая;дезинфекция;;;;;;;;через каждые 2 часа работы;сотрудник внутреннего клининга;
202;Холодильное оборудование;холодильная витрина;Холодильная витрина;;;100;;Моечное;основная;мойка;;;;;;;;в конце смены;сотрудник внутреннего клининга;
202;Холодильное оборудование;холодильная витрина;Холодильная витрина;;;100;;Моечное;основная;дезинфекция;;;;;;;;в конце смены;сотрудник внутреннего клининга;
202;Холодильное оборудование;холодильная витрина;Холодильная витрина;;;100;;Моечное;поддерживающая;дезинфекция;;;;;;;;через каждые 2 часа работы;сотрудник внутреннего клининга;
122;Инвентарь, посуда и т.д.;ёмкости для сыпучих продуктов;ёмкости для сыпучих продуктов;ёмкости для сыпучих продуктов;;150;;Моечное;основная;мойка;;;;;;;;1 раз в неделю (внешние поверхности);сотрудник производства;
122;Инвентарь, посуда и т.д.;ёмкости для сыпучих продуктов;ёмкости для сыпучих продуктов;ёмкости для сыпучих продуктов;;150;;Моечное;основная;дезинфекция;;;;;;;;1 раз в неделю (внешние поверхности);сотрудник производства;
122;Инвентарь, посуда и т.д.;ёмкости для сыпучих продуктов;ёмкости для сыпучих продуктов;ёмкости для сыпучих продуктов;;150;;Моечное;генеральная;мойка;;;;;;;;по мере освобождения  (внешние и внутренние поверхности);сотрудник внутреннего клининга;
122;Инвентарь, посуда и т.д.;ёмкости для сыпучих продуктов;ёмкости для сыпучих продуктов;ёмкости для сыпучих продуктов;;150;;Моечное;генеральная;дезинфекция;;;;;;;;по мере освобождения  (внешние и внутренние поверхности);сотрудник внутреннего клининга;
200;Сантехническое оборудование;диспенсердозатор;Диспенсер / дозатор для спецжидкостей;;;100;;Моечное;основная;мойка;;;;;;;;1 раз в неделю (внешние поверхности);сотрудник производства;
200;Сантехническое оборудование;диспенсердозатор;Диспенсер / дозатор для спецжидкостей;;;100;;Моечное;основная;дезинфекция;;;;;;;;1 раз в неделю (внешние поверхности);сотрудник производства;
200;Сантехническое оборудование;диспенсердозатор;Диспенсер / дозатор для спецжидкостей;;;100;;Моечное;генеральная;мойка;;;;;;;;по мере освобождения  (внешние и внутренние поверхности);сотрудник внутреннего клининга;
200;Сантехническое оборудование;диспенсердозатор;Диспенсер / дозатор для спецжидкостей;;;100;;Моечное;генеральная;дезинфекция;;;;;;;;по мере освобождения  (внешние и внутренние поверхности);сотрудник внутреннего клининга;
201;Технологическое оборудование;прибор кисл теста;Прибор для определения кислотности теста;;;100;;Моечное;основная;мойка;;;;;;;;1 раз в неделю (внешние поверхности);сотрудник производства;
201;Технологическое оборудование;прибор кисл теста;Прибор для определения кислотности теста;;;100;;Моечное;основная;дезинфекция;;;;;;;;1 раз в неделю (внешние поверхности);сотрудник производства;
201;Технологическое оборудование;прибор кисл теста;Прибор для определения кислотности теста;;;100;;Моечное;генеральная;мойка;;;;;;;;по мере освобождения  (внешние и внутренние поверхности);сотрудник внутреннего клининга;
201;Технологическое оборудование;прибор кисл теста;Прибор для определения кислотности теста;;;100;;Моечное;генеральная;дезинфекция;;;;;;;;по мере освобождения  (внешние и внутренние поверхности);сотрудник внутреннего клининга;
202;Холодильное оборудование;холодильная витрина;Холодильная витрина;;;100;;Моечное;основная;мойка;;;;;;;;1 раз в неделю (внешние поверхности);сотрудник производства;
202;Холодильное оборудование;холодильная витрина;Холодильная витрина;;;100;;Моечное;основная;дезинфекция;;;;;;;;1 раз в неделю (внешние поверхности);сотрудник производства;
202;Холодильное оборудование;холодильная витрина;Холодильная витрина;;;100;;Моечное;генеральная;мойка;;;;;;;;по мере освобождения  (внешние и внутренние поверхности);сотрудник внутреннего клининга;
202;Холодильное оборудование;холодильная витрина;Холодильная витрина;;;100;;Моечное;генеральная;дезинфекция;;;;;;;;по мере освобождения  (внешние и внутренние поверхности);сотрудник внутреннего клининга;
105;Инвентарь, посуда и т.д.;оборотная тара;оборотная тара;оборотная тара;;150;;Моечное;основная;мойка;;;;;;;;после каждого использования;сотрудник внутреннего клининга;
105;Инвентарь, посуда и т.д.;оборотная тара;оборотная тара;оборотная тара;;150;;Моечное;основная;дезинфекция;;;;;;;;после каждого использования;сотрудник внутреннего клининга;
105;Инвентарь, посуда и т.д.;оборотная тара;оборотная тара;оборотная тара;;150;;Моечное;поддерживающая;мойка;;;;;;;;по мере необходимости (удаление маркировки);сотрудник внутреннего клининга;
105;Инвентарь, посуда и т.д.;оборотная тара;оборотная тара;оборотная тара;;150;;Моечное;генеральная;мойка;;;;;;;;1 раз в месяц;сотрудник внутреннего клининга;
105;Инвентарь, посуда и т.д.;оборотная тара;оборотная тара;оборотная тара;;150;;Моечное;генеральная;дезинфекция;;;;;;;;1 раз в месяц;сотрудник внутреннего клининга;
200;Сантехническое оборудование;диспенсердозатор;Диспенсер / дозатор для спецжидкостей;;;100;;Моечное;поддерживающая;мойка;;;;;;;;по мере необходимости (удаление маркировки);сотрудник внутреннего клининга;
201;Технологическое оборудование;прибор кисл теста;Прибор для определения кислотности теста;;;100;;Моечное;поддерживающая;мойка;;;;;;;;по мере необходимости (удаление маркировки);сотрудник внутреннего клининга;
202;Холодильное оборудование;холодильная витрина;Холодильная витрина;;;100;;Моечное;поддерживающая;мойка;;;;;;;;по мере необходимости (удаление маркировки);сотрудник внутреннего клининга;
32;Поверхности;пластиковые подкаты;пластиковые подкаты;пластиковые подкаты;;175;;Моечное;основная;мойка;;;;;;;;1 раз в неделю;сотрудник внутреннего клининга;
32;Поверхности;пластиковые подкаты;пластиковые подкаты;пластиковые подкаты;;175;;Моечное;основная;дезинфекция;;;;;;;;1 раз в неделю;сотрудник внутреннего клининга;
32;Поверхности;пластиковые подкаты;пластиковые подкаты;пластиковые подкаты;;175;;Моечное;генеральная;мойка;;;;;;;;1 раз в месяц;сотрудник внутреннего клининга;
32;Поверхности;пластиковые подкаты;пластиковые подкаты;пластиковые подкаты;;175;;Моечное;генеральная;дезинфекция;;;;;;;;1 раз в месяц;сотрудник внутреннего клининга;
11;Поверхности;гидравлические тележки;гидравлические тележки;гидравлические тележки;;180;;Моечное;основная;мойка;;;;;;;;1 раз в неделю;сотрудник внутреннего клининга;
11;Поверхности;гидравлические тележки;гидравлические тележки;гидравлические тележки;;180;;Моечное;основная;дезинфекция;;;;;;;;1 раз в неделю;сотрудник внутреннего клининга;
11;Поверхности;гидравлические тележки;гидравлические тележки;гидравлические тележки;;180;;Моечное;поддерживающая;мойка;;;;;;;;по мере загрязнения;сотрудник внутреннего клининга;
11;Поверхности;гидравлические тележки;гидравлические тележки;гидравлические тележки;;180;;Моечное;генеральная;мойка;;;;;;;;1 раз в месяц;сотрудник внутреннего клининга;
11;Поверхности;гидравлические тележки;гидравлические тележки;гидравлические тележки;;180;;Моечное;генеральная;дезинфекция;;;;;;;;1 раз в месяц;сотрудник внутреннего клининга;
114;Инвентарь, посуда и т.д.;тележки;тележки;тележки;;150;;Моечное;основная;мойка;;;;;;;;1 раз в неделю;сотрудник внутреннего клининга;
114;Инвентарь, посуда и т.д.;тележки;тележки;тележки;;150;;Моечное;основная;дезинфекция;;;;;;;;1 раз в неделю;сотрудник внутреннего клининга;
114;Инвентарь, посуда и т.д.;тележки;тележки;тележки;;150;;Моечное;поддерживающая;мойка;;;;;;;;по мере загрязнения;сотрудник внутреннего клининга;
114;Инвентарь, посуда и т.д.;тележки;тележки;тележки;;150;;Моечное;генеральная;мойка;;;;;;;;1 раз в месяц;сотрудник внутреннего клининга;
114;Инвентарь, посуда и т.д.;тележки;тележки;тележки;;150;;Моечное;генеральная;дезинфекция;;;;;;;;1 раз в месяц;сотрудник внутреннего клининга;
115;Инвентарь, посуда и т.д.;тележки подкатные;тележки подкатные;тележки подкатные;;150;;Моечное;основная;мойка;;;;;;;;1 раз в неделю;сотрудник внутреннего клининга;
115;Инвентарь, посуда и т.д.;тележки подкатные;тележки подкатные;тележки подкатные;;150;;Моечное;основная;дезинфекция;;;;;;;;1 раз в неделю;сотрудник внутреннего клининга;
115;Инвентарь, посуда и т.д.;тележки подкатные;тележки подкатные;тележки подкатные;;150;;Моечное;поддерживающая;мойка;;;;;;;;по мере загрязнения;сотрудник внутреннего клининга;
115;Инвентарь, посуда и т.д.;тележки подкатные;тележки подкатные;тележки подкатные;;150;;Моечное;генеральная;мойка;;;;;;;;1 раз в месяц;сотрудник внутреннего клининга;
115;Инвентарь, посуда и т.д.;тележки подкатные;тележки подкатные;тележки подкатные;;150;;Моечное;генеральная;дезинфекция;;;;;;;;1 раз в месяц;сотрудник внутреннего клининга;
130;Моечный, уборочный инвентарь и оборудование;тележки уборочные;тележки уборочные;тележки уборочные;;170;;Моечное;основная;мойка;;;;;;;;1 раз в неделю;сотрудник внутреннего клининга;
130;Моечный, уборочный инвентарь и оборудование;тележки уборочные;тележки уборочные;тележки уборочные;;170;;Моечное;основная;дезинфекция;;;;;;;;1 раз в неделю;сотрудник внутреннего клининга;
130;Моечный, уборочный инвентарь и оборудование;тележки уборочные;тележки уборочные;тележки уборочные;;170;;Моечное;поддерживающая;мойка;;;;;;;;по мере загрязнения;сотрудник внутреннего клининга;
130;Моечный, уборочный инвентарь и оборудование;тележки уборочные;тележки уборочные;тележки уборочные;;170;;Моечное;генеральная;мойка;;;;;;;;1 раз в месяц;сотрудник внутреннего клининга;
130;Моечный, уборочный инвентарь и оборудование;тележки уборочные;тележки уборочные;тележки уборочные;;170;;Моечное;генеральная;дезинфекция;;;;;;;;1 раз в месяц;сотрудник внутреннего клининга;
200;Сантехническое оборудование;диспенсердозатор;Диспенсер / дозатор для спецжидкостей;;;100;;Моечное;поддерживающая;мойка;;;;;;;;по мере загрязнения;сотрудник внутреннего клининга;
201;Технологическое оборудование;прибор кисл теста;Прибор для определения кислотности теста;;;100;;Моечное;поддерживающая;мойка;;;;;;;;по мере загрязнения;сотрудник внутреннего клининга;
202;Холодильное оборудование;холодильная витрина;Холодильная витрина;;;100;;Моечное;поддерживающая;мойка;;;;;;;;по мере загрязнения;сотрудник внутреннего клининга;
120;Инвентарь, посуда и т.д.;шпильки;шпильки;шпильки;;150;;Моечное;основная;мойка;;;;;;;;1 раз в неделю;сотрудник внутреннего клининга;
120;Инвентарь, посуда и т.д.;шпильки;шпильки;шпильки;;150;;Моечное;основная;дезинфекция;;;;;;;;1 раз в неделю;сотрудник внутреннего клининга;
120;Инвентарь, посуда и т.д.;шпильки;шпильки;шпильки;;150;;Моечное;поддерживающая;мойка;;;;;;;;по мере загрязнения;сотрудник внутреннего клининга;
120;Инвентарь, посуда и т.д.;шпильки;шпильки;шпильки;;150;;Моечное;генеральная;мойка;;;;;;;;1 раз в месяц;сотрудник внутреннего клининга;
120;Инвентарь, посуда и т.д.;шпильки;шпильки;шпильки;;150;;Моечное;генеральная;дезинфекция;;;;;;;;1 раз в месяц;сотрудник внутреннего клининга;
106;Инвентарь, посуда и т.д.;отсадочные мешки;отсадочные мешки;отсадочные мешки;;150;;Моечное;основная;мойка;;;;;;;;после каждого использования;сотрудник внутреннего клининга;
106;Инвентарь, посуда и т.д.;отсадочные мешки;отсадочные мешки;отсадочные мешки;;150;;Моечное;основная;дезинфекция;;;;;;;;после каждого использования;сотрудник внутреннего клининга;
106;Инвентарь, посуда и т.д.;отсадочные мешки;отсадочные мешки;отсадочные мешки;;150;;Моечное;генеральная;мойка;;;;;;;;1 раз в месяц;сотрудник внутреннего клининга;
106;Инвентарь, посуда и т.д.;отсадочные мешки;отсадочные мешки;отсадочные мешки;;150;;Моечное;генеральная;дезинфекция;;;;;;;;1 раз в месяц;сотрудник внутреннего клининга;
116;Инвентарь, посуда и т.д.;формы для выпечки а;формы для выпечки алюминиевые;формы для выпечки;А;150;;Моечное;основная;мойка;;;;;;;;после каждого использования;сотрудник внутреннего клининга;
116;Инвентарь, посуда и т.д.;формы для выпечки а;формы для выпечки алюминиевые;формы для выпечки;А;150;;Моечное;основная;дезинфекция;;;;;;;;после каждого использования;сотрудник внутреннего клининга;
116;Инвентарь, посуда и т.д.;формы для выпечки а;формы для выпечки алюминиевые;формы для выпечки;А;150;;Моечное;генеральная;мойка;;;;;;;;1 раз в месяц;сотрудник внутреннего клининга;
116;Инвентарь, посуда и т.д.;формы для выпечки а;формы для выпечки алюминиевые;формы для выпечки;А;150;;Моечное;генеральная;дезинфекция;;;;;;;;1 раз в месяц;сотрудник внутреннего клининга;
117;Инвентарь, посуда и т.д.;формы для выпечки н;формы для выпечки из нержавеющей стали;формы для выпечки;Н;150;;Моечное;основная;мойка;;;;;;;;после каждого использования;сотрудник внутреннего клининга;
117;Инвентарь, посуда и т.д.;формы для выпечки н;формы для выпечки из нержавеющей стали;формы для выпечки;Н;150;;Моечное;основная;дезинфекция;;;;;;;;после каждого использования;сотрудник внутреннего клининга;
117;Инвентарь, посуда и т.д.;формы для выпечки н;формы для выпечки из нержавеющей стали;формы для выпечки;Н;150;;Моечное;генеральная;мойка;;;;;;;;1 раз в месяц;сотрудник внутреннего клининга;
117;Инвентарь, посуда и т.д.;формы для выпечки н;формы для выпечки из нержавеющей стали;формы для выпечки;Н;150;;Моечное;генеральная;дезинфекция;;;;;;;;1 раз в месяц;сотрудник внутреннего клининга;
118;Инвентарь, посуда и т.д.;формы для выпечки с;формы для выпечки силиконовые;формы для выпечки;С;150;;Моечное;основная;мойка;;;;;;;;после каждого использования;сотрудник внутреннего клининга;
118;Инвентарь, посуда и т.д.;формы для выпечки с;формы для выпечки силиконовые;формы для выпечки;С;150;;Моечное;основная;дезинфекция;;;;;;;;после каждого использования;сотрудник внутреннего клининга;
118;Инвентарь, посуда и т.д.;формы для выпечки с;формы для выпечки силиконовые;формы для выпечки;С;150;;Моечное;генеральная;мойка;;;;;;;;1 раз в месяц;сотрудник внутреннего клининга;
118;Инвентарь, посуда и т.д.;формы для выпечки с;формы для выпечки силиконовые;формы для выпечки;С;150;;Моечное;генеральная;дезинфекция;;;;;;;;1 раз в месяц;сотрудник внутреннего клининга;
100;Инвентарь, посуда и т.д.;листы для выпечки а;листы для выпечки алюминиевые;листы для выпечки;А;150;;Моечное;основная;мойка;;;;;;;;после каждого использования;сотрудник внутреннего клининга;
100;Инвентарь, посуда и т.д.;листы для выпечки а;листы для выпечки алюминиевые;листы для выпечки;А;150;;Моечное;основная;дезинфекция;;;;;;;;после каждого использования;сотрудник внутреннего клининга;
100;Инвентарь, посуда и т.д.;листы для выпечки а;листы для выпечки алюминиевые;листы для выпечки;А;150;;Моечное;генеральная;мойка;;;;;;;;1 раз в месяц;сотрудник внутреннего клининга;
100;Инвентарь, посуда и т.д.;листы для выпечки а;листы для выпечки алюминиевые;листы для выпечки;А;150;;Моечное;генеральная;дезинфекция;;;;;;;;1 раз в месяц;сотрудник внутреннего клининга;
101;Инвентарь, посуда и т.д.;листы для выпечки н;листы для выпечки из нержавеющей стали;листы для выпечки;Н;150;;Моечное;основная;мойка;;;;;;;;после каждого использования;сотрудник внутреннего клининга;
101;Инвентарь, посуда и т.д.;листы для выпечки н;листы для выпечки из нержавеющей стали;листы для выпечки;Н;150;;Моечное;основная;дезинфекция;;;;;;;;после каждого использования;сотрудник внутреннего клининга;
101;Инвентарь, посуда и т.д.;листы для выпечки н;листы для выпечки из нержавеющей стали;листы для выпечки;Н;150;;Моечное;генеральная;мойка;;;;;;;;1 раз в месяц;сотрудник внутреннего клининга;
101;Инвентарь, посуда и т.д.;листы для выпечки н;листы для выпечки из нержавеющей стали;листы для выпечки;Н;150;;Моечное;генеральная;дезинфекция;;;;;;;;1 раз в месяц;сотрудник внутреннего клининга;
109;Инвентарь, посуда и т.д.;расстоечные термочехлы;расстоечные термочехлы;расстоечные термочехлы;;150;;Моечное;основная;мойка;;;;;;;;1 раз в неделю;сотрудник внутреннего клининга;
109;Инвентарь, посуда и т.д.;расстоечные термочехлы;расстоечные термочехлы;расстоечные термочехлы;;150;;Моечное;основная;дезинфекция;;;;;;;;1 раз в неделю;сотрудник внутреннего клининга;
109;Инвентарь, посуда и т.д.;расстоечные термочехлы;расстоечные термочехлы;расстоечные термочехлы;;150;;Моечное;поддерживающая;мойка;;;;;;;;по мере загрязнения;сотрудник внутреннего клининга;
109;Инвентарь, посуда и т.д.;расстоечные термочехлы;расстоечные термочехлы;расстоечные термочехлы;;150;;Моечное;генеральная;мойка;;;;;;;;1 раз в месяц;сотрудник внутреннего клининга;
109;Инвентарь, посуда и т.д.;расстоечные термочехлы;расстоечные термочехлы;расстоечные термочехлы;;150;;Моечное;генеральная;дезинфекция;;;;;;;;1 раз в месяц;сотрудник внутреннего клининга;
81;Многоразовые резиновые СИЗ;перчатки;перчатки;перчатки;;150;;Моечное;основная;дезинфекция;;;;;;;;1 раз в смену;сотрудник внутреннего клининга;
81;Многоразовые резиновые СИЗ;перчатки;перчатки;перчатки;;150;;Моечное;генеральная;мойка;;;;;;;;1 раз в месяц;сотрудник внутреннего клининга;
81;Многоразовые резиновые СИЗ;перчатки;перчатки;перчатки;;150;;Моечное;генеральная;дезинфекция;;;;;;;;1 раз в месяц;сотрудник внутреннего клининга;
83;Многоразовые резиновые СИЗ;фартуки;фартуки;фартуки;;150;;Моечное;основная;дезинфекция;;;;;;;;1 раз в смену;сотрудник внутреннего клининга;
83;Многоразовые резиновые СИЗ;фартуки;фартуки;фартуки;;150;;Моечное;генеральная;мойка;;;;;;;;1 раз в месяц;сотрудник внутреннего клининга;
83;Многоразовые резиновые СИЗ;фартуки;фартуки;фартуки;;150;;Моечное;генеральная;дезинфекция;;;;;;;;1 раз в месяц;сотрудник внутреннего клининга;
37;Поверхности;резиновые коврики;резиновые коврики;резиновые коврики;;190;;Моечное;основная;мойка;;;;;;;;1 раз в смену;сотрудник внутреннего клининга;
37;Поверхности;резиновые коврики;резиновые коврики;резиновые коврики;;190;;Моечное;основная;дезинфекция;;;;;;;;1 раз в смену;сотрудник внутреннего клининга;
37;Поверхности;резиновые коврики;резиновые коврики;резиновые коврики;;190;;Моечное;генеральная;мойка;;;;;;;;1 раз в месяц;сотрудник внутреннего клининга;
37;Поверхности;резиновые коврики;резиновые коврики;резиновые коврики;;190;;Моечное;генеральная;дезинфекция;;;;;;;;1 раз в месяц;сотрудник внутреннего клининга;
12;Поверхности;двери;двери;двери;;90;;Моечное;генеральная;мойка;;;;;;;;1 раз в месяц;сотрудник внутреннего клининга;
12;Поверхности;двери;двери;двери;;90;;Моечное;генеральная;дезинфекция;;;;;;;;1 раз в месяц;сотрудник внутреннего клининга;
13;Поверхности;дверные ручки;дверные ручки;дверные ручки;;65;;Моечное;поддерживающая;дезинфекция;;;;;;;;2 раза в смену;сотрудник внутреннего клининга;
13;Поверхности;дверные ручки;дверные ручки;дверные ручки;;65;;Моечное;генеральная;мойка;;;;;;;;1 раз в месяц;сотрудник внутреннего клининга;
13;Поверхности;дверные ручки;дверные ручки;дверные ручки;;65;;Моечное;генеральная;дезинфекция;;;;;;;;1 раз в месяц;сотрудник внутреннего клининга;
86;Бытовая техника;стиральные машины;стиральная машина;стиральная машина;;160;;Моечное;основная;мойка;;;;;;;;1 раз в неделю;сотрудник внутреннего клининга;
86;Бытовая техника;стиральные машины;стиральная машина;стиральная машина;;160;;Моечное;основная;дезинфекция;;;;;;;;1 раз в неделю;сотрудник внутреннего клининга;
86;Бытовая техника;стиральные машины;стиральная машина;стиральная машина;;160;;Моечное;генеральная;мойка;;;;;;;;1 раз в месяц;сотрудник внутреннего клининга;
86;Бытовая техника;стиральные машины;стиральная машина;стиральная машина;;160;;Моечное;генеральная;дезинфекция;;;;;;;;1 раз в месяц;сотрудник внутреннего клининга;
97;Инвентарь, посуда и т.д.;инвентарь;инвентарь;инвентарь;;150;;Моечное;основная;мойка;;;;;;;;1 раз в смену;сотрудник внутреннего клининга;
97;Инвентарь, посуда и т.д.;инвентарь;инвентарь;инвентарь;;150;;Моечное;основная;дезинфекция;;;;;;;;1 раз в смену;сотрудник внутреннего клининга;
114;Инвентарь, посуда и т.д.;тележки;тележки;тележки;;150;;Моечное;основная;мойка;;;;;;;;1 раз в смену;сотрудник внутреннего клининга;
114;Инвентарь, посуда и т.д.;тележки;тележки;тележки;;150;;Моечное;основная;дезинфекция;;;;;;;;1 раз в смену;сотрудник внутреннего клининга;
123;Моечный, уборочный инвентарь и оборудование;авд;АВД;АВД;;170;;Моечное;основная;мойка;;;;;;;;1 раз в смену;сотрудник внутреннего клининга;
123;Моечный, уборочный инвентарь и оборудование;авд;АВД;АВД;;170;;Моечное;основная;дезинфекция;;;;;;;;1 раз в смену;сотрудник внутреннего клининга;
123;Моечный, уборочный инвентарь и оборудование;авд;АВД;АВД;;170;;Моечное;генеральная;мойка;;;;;;;;1 раз в месяц;сотрудник внутреннего клининга;
123;Моечный, уборочный инвентарь и оборудование;авд;АВД;АВД;;170;;Моечное;генеральная;дезинфекция;;;;;;;;1 раз в месяц;сотрудник внутреннего клининга;
128;Моечный, уборочный инвентарь и оборудование;пылесосы;пылесос;пылесос;;170;;Моечное;основная;мойка;;;;;;;;1 раз в смену;сотрудник внутреннего клининга;
128;Моечный, уборочный инвентарь и оборудование;пылесосы;пылесос;пылесос;;170;;Моечное;основная;дезинфекция;;;;;;;;1 раз в смену;сотрудник внутреннего клининга;
128;Моечный, уборочный инвентарь и оборудование;пылесосы;пылесос;пылесос;;170;;Моечное;генеральная;мойка;;;;;;;;1 раз в месяц;сотрудник внутреннего клининга;
128;Моечный, уборочный инвентарь и оборудование;пылесосы;пылесос;пылесос;;170;;Моечное;генеральная;дезинфекция;;;;;;;;1 раз в месяц;сотрудник внутреннего клининга;
126;Моечный, уборочный инвентарь и оборудование;мопы;мопы;мопы;;170;;Моечное;основная;дезинфекция;;;;;;;;после каждого использования;сотрудник внутреннего клининга;
126;Моечный, уборочный инвентарь и оборудование;мопы;мопы;мопы;;170;;Моечное;генеральная;дезинфекция;;;;;;;;1 раз в месяц;сотрудник внутреннего клининга;
2;Поверхности;бактерицидные лампы;бактерицидные лампы;бактерицидные лампы;;40;;Моечное;основная;мойка;;;;;;;;;;
2;Поверхности;бактерицидные лампы;бактерицидные лампы;бактерицидные лампы;;40;;Моечное;основная;дезинфекция;;;;;;;;;;
3;Поверхности;бойлера;бойлер;бойлер;;70;;Моечное;основная;мойка;;;;;;;;;;
3;Поверхности;бойлера;бойлер;бойлер;;70;;Моечное;основная;дезинфекция;;;;;;;;;;
4;Поверхности;вентиляторы;вентилятор;вентилятор;;80;;Моечное;основная;мойка;;;;;;;;;;
4;Поверхности;вентиляторы;вентилятор;вентилятор;;80;;Моечное;основная;дезинфекция;;;;;;;;;;
7;Поверхности;воротароллета;ворота/роллета;ворота/роллета;;90;;Моечное;основная;мойка;;;;;;;;;;
7;Поверхности;воротароллета;ворота/роллета;ворота/роллета;;90;;Моечное;основная;дезинфекция;;;;;;;;;;
9;Поверхности;вытяжные зонты а;вытяжные зонты алюминиевые;вытяжные зонты;А;25;;Моечное;основная;мойка;;;;;;;;;;
9;Поверхности;вытяжные зонты а;вытяжные зонты алюминиевые;вытяжные зонты;А;25;;Моечное;основная;дезинфекция;;;;;;;;;;
10;Поверхности;вытяжные зонты н;вытяжные зонты из нержавеющей стали;вытяжные зонты;Н;25;;Моечное;основная;мойка;;;;;;;;;;
10;Поверхности;вытяжные зонты н;вытяжные зонты из нержавеющей стали;вытяжные зонты;Н;25;;Моечное;основная;дезинфекция;;;;;;;;;;
14;Поверхности;демосистема (контактная поверхность);демосистема (контактная поверхность);демосистема (контактная поверхность);;70;;Моечное;основная;мойка;;;;;;;;;;
14;Поверхности;демосистема (контактная поверхность);демосистема (контактная поверхность);демосистема (контактная поверхность);;70;;Моечное;основная;дезинфекция;;;;;;;;;;
15;Поверхности;держатели для досок;держатели для досок;держатели для досок;;70;;Моечное;основная;мойка;;;;;;;;;;
15;Поверхности;держатели для досок;держатели для досок;держатели для досок;;70;;Моечное;основная;дезинфекция;;;;;;;;;;
16;Поверхности;держатели для инвентаря;держатели для инвентаря;держатели для инвентаря;;70;;Моечное;основная;мойка;;;;;;;;;;
16;Поверхности;держатели для инвентаря;держатели для инвентаря;держатели для инвентаря;;70;;Моечное;основная;дезинфекция;;;;;;;;;;
17;Поверхности;держатели для ножей;держатели для ножей;держатели для ножей;;70;;Моечное;основная;мойка;;;;;;;;;;
17;Поверхности;держатели для ножей;держатели для ножей;держатели для ножей;;70;;Моечное;основная;дезинфекция;;;;;;;;;;
19;Поверхности;завесы пвх;завесы ПВХ;завесы ПВХ;;80;;Моечное;основная;мойка;;;;;;;;;;
19;Поверхности;завесы пвх;завесы ПВХ;завесы ПВХ;;80;;Моечное;основная;дезинфекция;;;;;;;;;;
20;Поверхности;завесы тепловые;завесы тепловые;завесы тепловые;;80;;Моечное;основная;мойка;;;;;;;;;;
20;Поверхности;завесы тепловые;завесы тепловые;завесы тепловые;;80;;Моечное;основная;дезинфекция;;;;;;;;;;
23;Поверхности;кондиционер;кондиционер;кондиционер;;50;;Моечное;основная;мойка;;;;;;;;;;
23;Поверхности;кондиционер;кондиционер;кондиционер;;50;;Моечное;основная;дезинфекция;;;;;;;;;;
24;Поверхности;контейнеры для отходов;контейнеры для отходов;контейнеры для отходов;;190;;Моечное;основная;мойка;;;;;;;;;;
24;Поверхности;контейнеры для отходов;контейнеры для отходов;контейнеры для отходов;;190;;Моечное;основная;дезинфекция;;;;;;;;;;
25;Поверхности;лестницы;лестницы;лестницы;;180;;Моечное;основная;мойка;;;;;;;;;;
25;Поверхности;лестницы;лестницы;лестницы;;180;;Моечное;основная;дезинфекция;;;;;;;;;;
26;Поверхности;металлоконструкции;металлоконструкции;металлоконструкции;;70;;Моечное;основная;мойка;;;;;;;;;;
26;Поверхности;металлоконструкции;металлоконструкции;металлоконструкции;;70;;Моечное;основная;дезинфекция;;;;;;;;;;
27;Поверхности;мусорные корзины;мусорные корзины;мусорные корзины;;185;;Моечное;основная;мойка;;;;;;;;;;
27;Поверхности;мусорные корзины;мусорные корзины;мусорные корзины;;185;;Моечное;основная;дезинфекция;;;;;;;;;;
29;Поверхности;окна внутрицеховые;окна внутрицеховые;окна внутрицеховые;;55;;Моечное;основная;мойка;;;;;;;;;;
29;Поверхности;окна внутрицеховые;окна внутрицеховые;окна внутрицеховые;;55;;Моечное;основная;дезинфекция;;;;;;;;;;
33;Поверхности;погрузчики;погрузчики;погрузчики;;180;;Моечное;основная;мойка;;;;;;;;;;
33;Поверхности;погрузчики;погрузчики;погрузчики;;180;;Моечное;основная;дезинфекция;;;;;;;;;;
34;Поверхности;пожарный щит;пожарный щит;пожарный щит;;70;;Моечное;основная;мойка;;;;;;;;;;
34;Поверхности;пожарный щит;пожарный щит;пожарный щит;;70;;Моечное;основная;дезинфекция;;;;;;;;;;
40;Поверхности;сплит-системы;сплит-системы;сплит-системы;;50;;Моечное;основная;мойка;;;;;;;;;;
40;Поверхности;сплит-системы;сплит-системы;сплит-системы;;50;;Моечное;основная;дезинфекция;;;;;;;;;;
43;Поверхности;стерилизатор;стерилизатор;стерилизатор;;70;;Моечное;основная;мойка;;;;;;;;;;
43;Поверхности;стерилизатор;стерилизатор;стерилизатор;;70;;Моечное;основная;дезинфекция;;;;;;;;;;
46;Поверхности;часы;часы;часы;;80;;Моечное;основная;мойка;;;;;;;;;;
46;Поверхности;часы;часы;часы;;80;;Моечное;основная;дезинфекция;;;;;;;;;;
47;Поверхности;штабелёры;штабелёр;штабелёр;;180;;Моечное;основная;мойка;;;;;;;;;;
47;Поверхности;штабелёры;штабелёр;штабелёр;;180;;Моечное;основная;дезинфекция;;;;;;;;;;
48;Поверхности;электрощиты;электрощит;электрощит;;70;;Моечное;основная;мойка;;;;;;;;;;
48;Поверхности;электрощиты;электрощит;электрощит;;70;;Моечное;основная;дезинфекция;;;;;;;;;;
49;Поверхности;ёлки для колец;ёлки для колец;ёлки для колец;;170;;Моечное;основная;мойка;;;;;;;;;;
49;Поверхности;ёлки для колец;ёлки для колец;ёлки для колец;;170;;Моечное;основная;дезинфекция;;;;;;;;;;
50;Сантехническое оборудование;душевая кабина;душевая кабина;душевая кабина;;100;;Моечное;основная;мойка;;;;;;;;;;
50;Сантехническое оборудование;душевая кабина;душевая кабина;душевая кабина;;100;;Моечное;основная;дезинфекция;;;;;;;;;;
51;Сантехническое оборудование;душевые секции;душевые секции;душевые секции;;100;;Моечное;основная;мойка;;;;;;;;;;
51;Сантехническое оборудование;душевые секции;душевые секции;душевые секции;;100;;Моечное;основная;дезинфекция;;;;;;;;;;
52;Сантехническое оборудование;писсуар;писсуар;писсуар;;90;;Моечное;основная;мойка;;;;;;;;;;
52;Сантехническое оборудование;писсуар;писсуар;писсуар;;90;;Моечное;основная;дезинфекция;;;;;;;;;;
56;Сантехническое оборудование;унитаз;унитаз;унитаз;;90;;Моечное;основная;мойка;;;;;;;;;;
56;Сантехническое оборудование;унитаз;унитаз;унитаз;;90;;Моечное;основная;дезинфекция;;;;;;;;;;
57;Санитарный пост;бак для грязной одежды;бак для грязной одежды;бак для грязной одежды;;110;;Моечное;основная;мойка;;;;;;;;;;
57;Санитарный пост;бак для грязной одежды;бак для грязной одежды;бак для грязной одежды;;110;;Моечное;основная;дезинфекция;;;;;;;;;;
58;Санитарный пост;дезинфицирующие маты;дезинфицирующие маты;дезинфицирующие маты;;120;;Моечное;основная;мойка;;;;;;;;;;
58;Санитарный пост;дезинфицирующие маты;дезинфицирующие маты;дезинфицирующие маты;;120;;Моечное;основная;дезинфекция;;;;;;;;;;
59;Санитарный пост;диспенсер для тб;диспенсер для тулетной бумаги;диспенсер для тулетной бумаги;;110;;Моечное;основная;мойка;;;;;;;;;;
59;Санитарный пост;диспенсер для тб;диспенсер для тулетной бумаги;диспенсер для тулетной бумаги;;110;;Моечное;основная;дезинфекция;;;;;;;;;;
62;Санитарный пост;корзиныдиспенсеры для сиз;корзины/диспенсеры для СИЗ;корзины/диспенсеры для СИЗ;;110;;Моечное;основная;мойка;;;;;;;;;;
62;Санитарный пост;корзиныдиспенсеры для сиз;корзины/диспенсеры для СИЗ;корзины/диспенсеры для СИЗ;;110;;Моечное;основная;дезинфекция;;;;;;;;;;
63;Санитарный пост;модульный санпропускник;модульный санпропускник;модульный санпропускник;;120;;Моечное;основная;мойка;;;;;;;;;;
63;Санитарный пост;модульный санпропускник;модульный санпропускник;модульный санпропускник;;120;;Моечное;основная;дезинфекция;;;;;;;;;;
65;Санитарный пост;сушилка для рук;сушилка для рук;сушилка для рук;;110;;Моечное;основная;мойка;;;;;;;;;;
65;Санитарный пост;сушилка для рук;сушилка для рук;сушилка для рук;;110;;Моечное;основная;дезинфекция;;;;;;;;;;
66;Мебель;вешалки;вешалки;вешалки;;130;;Моечное;основная;мойка;;;;;;;;;;
66;Мебель;вешалки;вешалки;вешалки;;130;;Моечное;основная;дезинфекция;;;;;;;;;;
67;Мебель;зеркала;зеркала;зеркала;;130;;Моечное;основная;мойка;;;;;;;;;;
67;Мебель;зеркала;зеркала;зеркала;;130;;Моечное;основная;дезинфекция;;;;;;;;;;
68;Мебель;обувницы;обувницы;обувницы;;130;;Моечное;основная;мойка;;;;;;;;;;
68;Мебель;обувницы;обувницы;обувницы;;130;;Моечное;основная;дезинфекция;;;;;;;;;;
70;Мебель;скамейки;скамейки;скамейки;;130;;Моечное;основная;мойка;;;;;;;;;;
70;Мебель;скамейки;скамейки;скамейки;;130;;Моечное;основная;дезинфекция;;;;;;;;;;
72;Мебель;столы;столы;столы;;130;;Моечное;основная;мойка;;;;;;;;;;
72;Мебель;столы;столы;столы;;130;;Моечное;основная;дезинфекция;;;;;;;;;;
73;Мебель;стулья;стулья;стулья;;130;;Моечное;основная;мойка;;;;;;;;;;
73;Мебель;стулья;стулья;стулья;;130;;Моечное;основная;дезинфекция;;;;;;;;;;
74;Мебель;сушилка для обуви;сушилка для обуви;сушилка для обуви;;130;;Моечное;основная;мойка;;;;;;;;;;
74;Мебель;сушилка для обуви;сушилка для обуви;сушилка для обуви;;130;;Моечное;основная;дезинфекция;;;;;;;;;;
76;Офисная техника;компьютеры;компьютер;компьютер;;140;;Моечное;основная;мойка;;;;;;;;;;
76;Офисная техника;компьютеры;компьютер;компьютер;;140;;Моечное;основная;дезинфекция;;;;;;;;;;
77;Офисная техника;мониторы;монитор;монитор;;140;;Моечное;основная;мойка;;;;;;;;;;
77;Офисная техника;мониторы;монитор;монитор;;140;;Моечное;основная;дезинфекция;;;;;;;;;;
78;Офисная техника;принтера;принтер;принтер;;140;;Моечное;основная;мойка;;;;;;;;;;
78;Офисная техника;принтера;принтер;принтер;;140;;Моечное;основная;дезинфекция;;;;;;;;;;
79;Офисная техника;телефоны;телефон;телефон;;140;;Моечное;основная;мойка;;;;;;;;;;
79;Офисная техника;телефоны;телефон;телефон;;140;;Моечное;основная;дезинфекция;;;;;;;;;;
80;Многоразовые резиновые СИЗ;нарукавники;нарукавники;нарукавники;;150;;Моечное;основная;мойка;;;;;;;;;;
80;Многоразовые резиновые СИЗ;нарукавники;нарукавники;нарукавники;;150;;Моечное;основная;дезинфекция;;;;;;;;;;
82;Многоразовые резиновые СИЗ;сапоги;сапоги;сапоги;;150;;Моечное;основная;мойка;;;;;;;;;;
82;Многоразовые резиновые СИЗ;сапоги;сапоги;сапоги;;150;;Моечное;основная;дезинфекция;;;;;;;;;;
84;Бытовая техника;кулера;кулер;кулер;;160;;Моечное;основная;мойка;;;;;;;;;;
84;Бытовая техника;кулера;кулер;кулер;;160;;Моечное;основная;дезинфекция;;;;;;;;;;
85;Бытовая техника;микроволновки;микроволновая печь;микроволновая печь;;160;;Моечное;основная;мойка;;;;;;;;;;
85;Бытовая техника;микроволновки;микроволновая печь;микроволновая печь;;160;;Моечное;основная;дезинфекция;;;;;;;;;;
87;Бытовая техника;сушильные машины;сушильная машина;сушильная машина;;160;;Моечное;основная;мойка;;;;;;;;;;
87;Бытовая техника;сушильные машины;сушильная машина;сушильная машина;;160;;Моечное;основная;дезинфекция;;;;;;;;;;
88;Бытовая техника;термопоты;термопот;термопот;;160;;Моечное;основная;мойка;;;;;;;;;;
88;Бытовая техника;термопоты;термопот;термопот;;160;;Моечное;основная;дезинфекция;;;;;;;;;;
89;Бытовая техника;холодильники;холодильник бытовой;холодильник бытовой;;160;;Моечное;основная;мойка;;;;;;;;;;
89;Бытовая техника;холодильники;холодильник бытовой;холодильник бытовой;;160;;Моечное;основная;дезинфекция;;;;;;;;;;
90;Бытовая техника;чайники;чайник электрический;чайник электрический;;160;;Моечное;основная;мойка;;;;;;;;;;
90;Бытовая техника;чайники;чайник электрический;чайник электрический;;160;;Моечное;основная;дезинфекция;;;;;;;;;;
91;Инвентарь, посуда и т.д.;вешала;вешала;вешала;;150;;Моечное;основная;мойка;;;;;;;;;;
91;Инвентарь, посуда и т.д.;вешала;вешала;вешала;;150;;Моечное;основная;дезинфекция;;;;;;;;;;
92;Инвентарь, посуда и т.д.;внутрицеховая тара (вёдра ящики);внутрицеховая тара (вёдра, ящики);внутрицеховая тара (вёдра, ящики);;150;;Моечное;основная;мойка;;;;;;;;;;
92;Инвентарь, посуда и т.д.;внутрицеховая тара (вёдра ящики);внутрицеховая тара (вёдра, ящики);внутрицеховая тара (вёдра, ящики);;150;;Моечное;основная;дезинфекция;;;;;;;;;;
96;Инвентарь, посуда и т.д.;изотермические контейнеры (bigbox);изотермические контейнеры (bigbox);изотермические контейнеры (bigbox);;150;;Моечное;основная;мойка;;;;;;;;;;
96;Инвентарь, посуда и т.д.;изотермические контейнеры (bigbox);изотермические контейнеры (bigbox);изотермические контейнеры (bigbox);;150;;Моечное;основная;дезинфекция;;;;;;;;;;
98;Инвентарь, посуда и т.д.;корзины для расстойки теста;корзины для расстойки теста;корзины для расстойки теста;;150;;Моечное;основная;мойка;;;;;;;;;;
98;Инвентарь, посуда и т.д.;корзины для расстойки теста;корзины для расстойки теста;корзины для расстойки теста;;150;;Моечное;основная;дезинфекция;;;;;;;;;;
99;Инвентарь, посуда и т.д.;крючки;крючки;крючки;;150;;Моечное;основная;мойка;;;;;;;;;;
99;Инвентарь, посуда и т.д.;крючки;крючки;крючки;;150;;Моечное;основная;дезинфекция;;;;;;;;;;
103;Инвентарь, посуда и т.д.;мусаты;мусаты;мусаты;;150;;Моечное;основная;мойка;;;;;;;;;;
103;Инвентарь, посуда и т.д.;мусаты;мусаты;мусаты;;150;;Моечное;основная;дезинфекция;;;;;;;;;;
107;Инвентарь, посуда и т.д.;передвижные ёмкости;передвижные ёмкости;передвижные ёмкости;;150;;Моечное;основная;мойка;;;;;;;;;;
107;Инвентарь, посуда и т.д.;передвижные ёмкости;передвижные ёмкости;передвижные ёмкости;;150;;Моечное;основная;дезинфекция;;;;;;;;;;
110;Инвентарь, посуда и т.д.;секачи;секачи;секачи;;150;;Моечное;основная;мойка;;;;;;;;;;
110;Инвентарь, посуда и т.д.;секачи;секачи;секачи;;150;;Моечное;основная;дезинфекция;;;;;;;;;;
111;Инвентарь, посуда и т.д.;силапеновые коврики;силапеновые коврики;силапеновые коврики;;150;;Моечное;основная;мойка;;;;;;;;;;
111;Инвентарь, посуда и т.д.;силапеновые коврики;силапеновые коврики;силапеновые коврики;;150;;Моечное;основная;дезинфекция;;;;;;;;;;
119;Инвентарь, посуда и т.д.;шампура;шампуры;шампуры;;150;;Моечное;основная;мойка;;;;;;;;;;
119;Инвентарь, посуда и т.д.;шампура;шампуры;шампуры;;150;;Моечное;основная;дезинфекция;;;;;;;;;;
121;Инвентарь, посуда и т.д.;ёмкости для перетаривания;ёмкости для перетаривания;ёмкости для перетаривания;;150;;Моечное;основная;мойка;;;;;;;;;;
121;Инвентарь, посуда и т.д.;ёмкости для перетаривания;ёмкости для перетаривания;ёмкости для перетаривания;;150;;Моечное;основная;дезинфекция;;;;;;;;;;
124;Моечный, уборочный инвентарь и оборудование;ведра;ведра;ведра;;170;;Моечное;основная;мойка;;;;;;;;;;
124;Моечный, уборочный инвентарь и оборудование;ведра;ведра;ведра;;170;;Моечное;основная;дезинфекция;;;;;;;;;;
125;Моечный, уборочный инвентарь и оборудование;ветошь;ветошь;ветошь;;170;;Моечное;основная;мойка;;;;;;;;;;
125;Моечный, уборочный инвентарь и оборудование;ветошь;ветошь;ветошь;;170;;Моечное;основная;дезинфекция;;;;;;;;;;
129;Моечный, уборочный инвентарь и оборудование;сгоны;сгоны для воды;сгоны для воды;;170;;Моечное;основная;мойка;;;;;;;;;;
129;Моечный, уборочный инвентарь и оборудование;сгоны;сгоны для воды;сгоны для воды;;170;;Моечное;основная;дезинфекция;;;;;;;;;;
131;Моечный, уборочный инвентарь и оборудование;щётки;щётки;щётки;;170;;Моечное;основная;мойка;;;;;;;;;;
131;Моечный, уборочный инвентарь и оборудование;щётки;щётки;щётки;;170;;Моечное;основная;дезинфекция;;;;;;;;;;
133;Посудомоечное оборудование;пмм туннельная;посудомоечная машина туннельная;посудомоечная машина;туннельная;160;;Моечное;основная;мойка;;;;;;;;;;
133;Посудомоечное оборудование;пмм туннельная;посудомоечная машина туннельная;посудомоечная машина;туннельная;160;;Моечное;основная;дезинфекция;;;;;;;;;;
134;Посудомоечное оборудование;таромоечная машина;таромоечная машина;таромоечная машина;;160;;Моечное;основная;мойка;;;;;;;;;;
134;Посудомоечное оборудование;таромоечная машина;таромоечная машина;таромоечная машина;;160;;Моечное;основная;дезинфекция;;;;;;;;;;
135;Холодильное оборудование;камеры мороз;камеры морозильные;камеры морозильные;;160;;Моечное;основная;мойка;;;;;;;;;;
135;Холодильное оборудование;камеры мороз;камеры морозильные;камеры морозильные;;160;;Моечное;основная;дезинфекция;;;;;;;;;;
136;Холодильное оборудование;камеры холод;камеры холодильные;камеры холодильные;;160;;Моечное;основная;мойка;;;;;;;;;;
136;Холодильное оборудование;камеры холод;камеры холодильные;камеры холодильные;;160;;Моечное;основная;дезинфекция;;;;;;;;;;
137;Холодильное оборудование;камеры шок замор;камеры шоковой заморозки;камеры шоковой заморозки;;160;;Моечное;основная;мойка;;;;;;;;;;
137;Холодильное оборудование;камеры шок замор;камеры шоковой заморозки;камеры шоковой заморозки;;160;;Моечное;основная;дезинфекция;;;;;;;;;;
138;Холодильное оборудование;ледогенератор;ледогенератор;ледогенератор;;160;;Моечное;основная;мойка;;;;;;;;;;
138;Холодильное оборудование;ледогенератор;ледогенератор;ледогенератор;;160;;Моечное;основная;дезинфекция;;;;;;;;;;
139;Холодильное оборудование;морозильный ларь;морозильный ларь;морозильный ларь;;160;;Моечное;основная;мойка;;;;;;;;;;
139;Холодильное оборудование;морозильный ларь;морозильный ларь;морозильный ларь;;160;;Моечное;основная;дезинфекция;;;;;;;;;;
140;Холодильное оборудование;холод столы;холодильные столы;холодильные столы;;160;;Моечное;основная;мойка;;;;;;;;;;
140;Холодильное оборудование;холод столы;холодильные столы;холодильные столы;;160;;Моечное;основная;дезинфекция;;;;;;;;;;
141;Холодильное оборудование;холод шкафы;холодильные шкафы;холодильные шкафы;;160;;Моечное;основная;мойка;;;;;;;;;;
141;Холодильное оборудование;холод шкафы;холодильные шкафы;холодильные шкафы;;160;;Моечное;основная;дезинфекция;;;;;;;;;;
142;Тепловое оборудование;варочные котлы;варочные котлы;варочные котлы;;150;;Моечное;основная;мойка;;;;;;;;;;
142;Тепловое оборудование;варочные котлы;варочные котлы;варочные котлы;;150;;Моечное;основная;дезинфекция;;;;;;;;;;
143;Тепловое оборудование;вафельницы;вафельницы;вафельницы;;150;;Моечное;основная;мойка;;;;;;;;;;
143;Тепловое оборудование;вафельницы;вафельницы;вафельницы;;150;;Моечное;основная;дезинфекция;;;;;;;;;;
144;Тепловое оборудование;грили;грили;грили;;150;;Моечное;основная;мойка;;;;;;;;;;
144;Тепловое оборудование;грили;грили;грили;;150;;Моечное;основная;дезинфекция;;;;;;;;;;
145;Тепловое оборудование;пароконвектоматы;пароконвектоматы;пароконвектоматы;;150;;Моечное;основная;мойка;;;;;;;;;;
145;Тепловое оборудование;пароконвектоматы;пароконвектоматы;пароконвектоматы;;150;;Моечное;основная;дезинфекция;;;;;;;;;;
146;Тепловое оборудование;печи подовые;печи подовые;печи подовые;;150;;Моечное;основная;мойка;;;;;;;;;;
146;Тепловое оборудование;печи подовые;печи подовые;печи подовые;;150;;Моечное;основная;дезинфекция;;;;;;;;;;
147;Тепловое оборудование;печи ротационные;печи ротационные;печи ротационные;;150;;Моечное;основная;мойка;;;;;;;;;;
147;Тепловое оборудование;печи ротационные;печи ротационные;печи ротационные;;150;;Моечное;основная;дезинфекция;;;;;;;;;;
148;Тепловое оборудование;плиты газ;плиты газовые;плиты газовые;;150;;Моечное;основная;мойка;;;;;;;;;;
148;Тепловое оборудование;плиты газ;плиты газовые;плиты газовые;;150;;Моечное;основная;дезинфекция;;;;;;;;;;
149;Тепловое оборудование;плиты индук;плиты индукционные;плиты индукционные;;150;;Моечное;основная;мойка;;;;;;;;;;
149;Тепловое оборудование;плиты индук;плиты индукционные;плиты индукционные;;150;;Моечное;основная;дезинфекция;;;;;;;;;;
150;Тепловое оборудование;плиты элек;плиты электрические;плиты электрические;;150;;Моечное;основная;мойка;;;;;;;;;;
150;Тепловое оборудование;плиты элек;плиты электрические;плиты электрические;;150;;Моечное;основная;дезинфекция;;;;;;;;;;
151;Тепловое оборудование;расстоечные шкафы;расстоечные шкафы;расстоечные шкафы;;150;;Моечное;основная;мойка;;;;;;;;;;
151;Тепловое оборудование;расстоечные шкафы;расстоечные шкафы;расстоечные шкафы;;150;;Моечное;основная;дезинфекция;;;;;;;;;;
152;Тепловое оборудование;сковороды;сковороды;сковороды;;150;;Моечное;основная;мойка;;;;;;;;;;
152;Тепловое оборудование;сковороды;сковороды;сковороды;;150;;Моечное;основная;дезинфекция;;;;;;;;;;
153;Тепловое оборудование;фритюры;фритюры;фритюры;;150;;Моечное;основная;мойка;;;;;;;;;;
153;Тепловое оборудование;фритюры;фритюры;фритюры;;150;;Моечное;основная;дезинфекция;;;;;;;;;;
154;Технологическое оборудование;бисквиторезки;бисквиторезки;бисквиторезки;;150;;Моечное;основная;мойка;;;;;;;;;;
154;Технологическое оборудование;бисквиторезки;бисквиторезки;бисквиторезки;;150;;Моечное;основная;дезинфекция;;;;;;;;;;
155;Технологическое оборудование;блендеры;блендеры;блендеры;;150;;Моечное;основная;мойка;;;;;;;;;;
155;Технологическое оборудование;блендеры;блендеры;блендеры;;150;;Моечное;основная;дезинфекция;;;;;;;;;;
156;Технологическое оборудование;вакуумные роторные шприцы;вакуумные роторные шприцы;вакуумные роторные шприцы;;150;;Моечное;основная;мойка;;;;;;;;;;
156;Технологическое оборудование;вакуумные роторные шприцы;вакуумные роторные шприцы;вакуумные роторные шприцы;;150;;Моечное;основная;дезинфекция;;;;;;;;;;
158;Технологическое оборудование;весы настольные;весы настольные;весы настольные;;150;;Моечное;основная;мойка;;;;;;;;;;
158;Технологическое оборудование;весы настольные;весы настольные;весы настольные;;150;;Моечное;основная;дезинфекция;;;;;;;;;;
159;Технологическое оборудование;водяные бани;водяные бани;водяные бани;;150;;Моечное;основная;мойка;;;;;;;;;;
159;Технологическое оборудование;водяные бани;водяные бани;водяные бани;;150;;Моечное;основная;дезинфекция;;;;;;;;;;
160;Технологическое оборудование;депозитор волюметрический;депозитор волюметрический;депозитор волюметрический;;150;;Моечное;основная;мойка;;;;;;;;;;
160;Технологическое оборудование;депозитор волюметрический;депозитор волюметрический;депозитор волюметрический;;150;;Моечное;основная;дезинфекция;;;;;;;;;;
161;Технологическое оборудование;дозатор для геля (пульверизатор);дозатор для геля (пульверизатор);дозатор для геля (пульверизатор);;150;;Моечное;основная;мойка;;;;;;;;;;
161;Технологическое оборудование;дозатор для геля (пульверизатор);дозатор для геля (пульверизатор);дозатор для геля (пульверизатор);;150;;Моечное;основная;дезинфекция;;;;;;;;;;
162;Технологическое оборудование;дозаторы для жидкостей;дозаторы для жидкостей;дозаторы для жидкостей;;150;;Моечное;основная;мойка;;;;;;;;;;
162;Технологическое оборудование;дозаторы для жидкостей;дозаторы для жидкостей;дозаторы для жидкостей;;150;;Моечное;основная;дезинфекция;;;;;;;;;;
163;Технологическое оборудование;дробилки;дробилки;дробилки;;150;;Моечное;основная;мойка;;;;;;;;;;
163;Технологическое оборудование;дробилки;дробилки;дробилки;;150;;Моечное;основная;дезинфекция;;;;;;;;;;
164;Технологическое оборудование;измельчители;измельчители;измельчители;;150;;Моечное;основная;мойка;;;;;;;;;;
164;Технологическое оборудование;измельчители;измельчители;измельчители;;150;;Моечное;основная;дезинфекция;;;;;;;;;;
165;Технологическое оборудование;картофелечистки;картофелечистки;картофелечистки;;150;;Моечное;основная;мойка;;;;;;;;;;
165;Технологическое оборудование;картофелечистки;картофелечистки;картофелечистки;;150;;Моечное;основная;дезинфекция;;;;;;;;;;
166;Технологическое оборудование;машина для резки конд изделий;машина для резки кондитерских изделий;машина для резки кондитерских изделий;;150;;Моечное;основная;мойка;;;;;;;;;;
166;Технологическое оборудование;машина для резки конд изделий;машина для резки кондитерских изделий;машина для резки кондитерских изделий;;150;;Моечное;основная;дезинфекция;;;;;;;;;;
167;Технологическое оборудование;металлодетектор;металлодетектор;металлодетектор;;150;;Моечное;основная;мойка;;;;;;;;;;
167;Технологическое оборудование;металлодетектор;металлодетектор;металлодетектор;;150;;Моечное;основная;дезинфекция;;;;;;;;;;
168;Технологическое оборудование;миксеры планетарные;миксеры планетарные;миксеры планетарные;;150;;Моечное;основная;мойка;;;;;;;;;;
168;Технологическое оборудование;миксеры планетарные;миксеры планетарные;миксеры планетарные;;150;;Моечное;основная;дезинфекция;;;;;;;;;;
169;Технологическое оборудование;минифилы (дозаторы крема);минифилы (дозаторы крема);минифилы (дозаторы крема);;150;;Моечное;основная;мойка;;;;;;;;;;
169;Технологическое оборудование;минифилы (дозаторы крема);минифилы (дозаторы крема);минифилы (дозаторы крема);;150;;Моечное;основная;дезинфекция;;;;;;;;;;
170;Технологическое оборудование;овощерезки;овощерезки;овощерезки;;150;;Моечное;основная;мойка;;;;;;;;;;
170;Технологическое оборудование;овощерезки;овощерезки;овощерезки;;150;;Моечное;основная;дезинфекция;;;;;;;;;;
171;Технологическое оборудование;овощечистки;овощечистки;овощечистки;;150;;Моечное;основная;мойка;;;;;;;;;;
171;Технологическое оборудование;овощечистки;овощечистки;овощечистки;;150;;Моечное;основная;дезинфекция;;;;;;;;;;
172;Технологическое оборудование;отсадочные машины;отсадочные машины;отсадочные машины;;150;;Моечное;основная;мойка;;;;;;;;;;
172;Технологическое оборудование;отсадочные машины;отсадочные машины;отсадочные машины;;150;;Моечное;основная;дезинфекция;;;;;;;;;;
173;Технологическое оборудование;пневматические распылители;пневматические распылители;пневматические распылители;;150;;Моечное;основная;мойка;;;;;;;;;;
173;Технологическое оборудование;пневматические распылители;пневматические распылители;пневматические распылители;;150;;Моечное;основная;дезинфекция;;;;;;;;;;
174;Технологическое оборудование;прессы для теста;прессы для теста;прессы для теста;;150;;Моечное;основная;мойка;;;;;;;;;;
174;Технологическое оборудование;прессы для теста;прессы для теста;прессы для теста;;150;;Моечное;основная;дезинфекция;;;;;;;;;;
175;Технологическое оборудование;производственные столы д;производственные столы деревянные;производственные столы;Д;150;;Моечное;основная;мойка;;;;;;;;;;
175;Технологическое оборудование;производственные столы д;производственные столы деревянные;производственные столы;Д;150;;Моечное;основная;дезинфекция;;;;;;;;;;
176;Технологическое оборудование;производственные столы н;производственные столы из нержавеющий стали;производственные столы;Н;150;;Моечное;основная;мойка;;;;;;;;;;
176;Технологическое оборудование;производственные столы н;производственные столы из нержавеющий стали;производственные столы;Н;150;;Моечное;основная;дезинфекция;;;;;;;;;;
177;Технологическое оборудование;просеиватели мука;просеиватели для муки;просеиватели для муки;;150;;Моечное;основная;мойка;;;;;;;;;;
177;Технологическое оборудование;просеиватели мука;просеиватели для муки;просеиватели для муки;;150;;Моечное;основная;дезинфекция;;;;;;;;;;
178;Технологическое оборудование;просеиватели сахар;просеиватели для сахара;просеиватели для сахара;;150;;Моечное;основная;мойка;;;;;;;;;;
178;Технологическое оборудование;просеиватели сахар;просеиватели для сахара;просеиватели для сахара;;150;;Моечное;основная;дезинфекция;;;;;;;;;;
179;Технологическое оборудование;протирочные машины;протирочные машины;протирочные машины;;150;;Моечное;основная;мойка;;;;;;;;;;
179;Технологическое оборудование;протирочные машины;протирочные машины;протирочные машины;;150;;Моечное;основная;дезинфекция;;;;;;;;;;
180;Технологическое оборудование;распылители для желе и сиропов;распылители для желе и сиропов;распылители для желе и сиропов;;150;;Моечное;основная;мойка;;;;;;;;;;
180;Технологическое оборудование;распылители для желе и сиропов;распылители для желе и сиропов;распылители для желе и сиропов;;150;;Моечное;основная;дезинфекция;;;;;;;;;;
181;Технологическое оборудование;рентгеновские системы контроля;рентгеновские системы контроля;рентгеновские системы контроля;;150;;Моечное;основная;мойка;;;;;;;;;;
181;Технологическое оборудование;рентгеновские системы контроля;рентгеновские системы контроля;рентгеновские системы контроля;;150;;Моечное;основная;дезинфекция;;;;;;;;;;
182;Технологическое оборудование;слайсера;слайсеры;слайсеры;;150;;Моечное;основная;мойка;;;;;;;;;;
182;Технологическое оборудование;слайсера;слайсеры;слайсеры;;150;;Моечное;основная;дезинфекция;;;;;;;;;;
183;Технологическое оборудование;солодоварки;солодоварки;солодоварки;;150;;Моечное;основная;мойка;;;;;;;;;;
183;Технологическое оборудование;солодоварки;солодоварки;солодоварки;;150;;Моечное;основная;дезинфекция;;;;;;;;;;
184;Технологическое оборудование;тарталетницы;тарталетницы;тарталетницы;;150;;Моечное;основная;мойка;;;;;;;;;;
184;Технологическое оборудование;тарталетницы;тарталетницы;тарталетницы;;150;;Моечное;основная;дезинфекция;;;;;;;;;;
185;Технологическое оборудование;термощупы;термощупы;термощупы;;150;;Моечное;основная;мойка;;;;;;;;;;
185;Технологическое оборудование;термощупы;термощупы;термощупы;;150;;Моечное;основная;дезинфекция;;;;;;;;;;
186;Технологическое оборудование;тестоделители;тестоделители;тестоделители;;150;;Моечное;основная;мойка;;;;;;;;;;
186;Технологическое оборудование;тестоделители;тестоделители;тестоделители;;150;;Моечное;основная;дезинфекция;;;;;;;;;;
187;Технологическое оборудование;тестомесы;тестомесы;тестомесы;;150;;Моечное;основная;мойка;;;;;;;;;;
187;Технологическое оборудование;тестомесы;тестомесы;тестомесы;;150;;Моечное;основная;дезинфекция;;;;;;;;;;
188;Технологическое оборудование;тестоокруглители;тестоокруглители;тестоокруглители;;150;;Моечное;основная;мойка;;;;;;;;;;
188;Технологическое оборудование;тестоокруглители;тестоокруглители;тестоокруглители;;150;;Моечное;основная;дезинфекция;;;;;;;;;;
189;Технологическое оборудование;тестораскатки;тестораскатки;тестораскатки;;150;;Моечное;основная;мойка;;;;;;;;;;
189;Технологическое оборудование;тестораскатки;тестораскатки;тестораскатки;;150;;Моечное;основная;дезинфекция;;;;;;;;;;
190;Технологическое оборудование;ультразвуковые нарезки;ультразвуковые нарезки;ультразвуковые нарезки;;150;;Моечное;основная;мойка;;;;;;;;;;
190;Технологическое оборудование;ультразвуковые нарезки;ультразвуковые нарезки;ультразвуковые нарезки;;150;;Моечное;основная;дезинфекция;;;;;;;;;;
191;Технологическое оборудование;ферментаторы;ферментаторы;ферментаторы;;150;;Моечное;основная;мойка;;;;;;;;;;
191;Технологическое оборудование;ферментаторы;ферментаторы;ферментаторы;;150;;Моечное;основная;дезинфекция;;;;;;;;;;
192;Технологическое оборудование;шприц-дозатор начинки;шприц-дозатор начинки;шприц-дозатор начинки;;150;;Моечное;основная;мойка;;;;;;;;;;
192;Технологическое оборудование;шприц-дозатор начинки;шприц-дозатор начинки;шприц-дозатор начинки;;150;;Моечное;основная;дезинфекция;;;;;;;;;;
193;Упаковочное оборудование;flow pack;flow pack;flow pack;;160;;Моечное;основная;мойка;;;;;;;;;;
193;Упаковочное оборудование;flow pack;flow pack;flow pack;;160;;Моечное;основная;дезинфекция;;;;;;;;;;
194;Упаковочное оборудование;автоматическиеклипсаторы;автоматические клипсаторы;автоматические клипсаторы;;160;;Моечное;основная;мойка;;;;;;;;;;
194;Упаковочное оборудование;автоматическиеклипсаторы;автоматические клипсаторы;автоматические клипсаторы;;160;;Моечное;основная;дезинфекция;;;;;;;;;;
195;Упаковочное оборудование;вакуумные упаковщики;вакуумные упаковщики;вакуумные упаковщики;;160;;Моечное;основная;мойка;;;;;;;;;;
195;Упаковочное оборудование;вакуумные упаковщики;вакуумные упаковщики;вакуумные упаковщики;;160;;Моечное;основная;дезинфекция;;;;;;;;;;
196;Упаковочное оборудование;запайщики;запайщики;запайщики;;160;;Моечное;основная;мойка;;;;;;;;;;
196;Упаковочное оборудование;запайщики;запайщики;запайщики;;160;;Моечное;основная;дезинфекция;;;;;;;;;;
197;Упаковочное оборудование;принтера для этикеток;принтер для этикеток;принтер для этикеток;;160;;Моечное;основная;мойка;;;;;;;;;;
197;Упаковочное оборудование;принтера для этикеток;принтер для этикеток;принтер для этикеток;;160;;Моечное;основная;дезинфекция;;;;;;;;;;
198;Упаковочное оборудование;термоусадочные туннели;термоусадочные туннели;термоусадочные туннели;;160;;Моечное;основная;мойка;;;;;;;;;;
198;Упаковочное оборудование;термоусадочные туннели;термоусадочные туннели;термоусадочные туннели;;160;;Моечное;основная;дезинфекция;;;;;;;;;;
199;Упаковочное оборудование;этикетировщики;этикетировщики;этикетировщики;;160;;Моечное;основная;мойка;;;;;;;;;;
199;Упаковочное оборудование;этикетировщики;этикетировщики;этикетировщики;;160;;Моечное;основная;дезинфекция;;;;;;;;;;
200;Сантехническое оборудование;диспенсердозатор;Диспенсер / дозатор для спецжидкостей;;;100;;Офисное;основная;мойка;;;;;;;;по мере заполнения 2/3 объёма;сотрудник внутреннего клининга;
200;Сантехническое оборудование;диспенсердозатор;Диспенсер / дозатор для спецжидкостей;;;100;;Офисное;основная;дезинфекция;;;;;;;;по мере заполнения 2/3 объёма;сотрудник внутреннего клининга;
201;Технологическое оборудование;прибор кисл теста;Прибор для определения кислотности теста;;;100;;Офисное;основная;мойка;;;;;;;;по мере заполнения 2/3 объёма;сотрудник внутреннего клининга;
201;Технологическое оборудование;прибор кисл теста;Прибор для определения кислотности теста;;;100;;Офисное;основная;дезинфекция;;;;;;;;по мере заполнения 2/3 объёма;сотрудник внутреннего клининга;
202;Холодильное оборудование;холодильная витрина;Холодильная витрина;;;100;;Офисное;основная;мойка;;;;;;;;по мере заполнения 2/3 объёма;сотрудник внутреннего клининга;
202;Холодильное оборудование;холодильная витрина;Холодильная витрина;;;100;;Офисное;основная;дезинфекция;;;;;;;;по мере заполнения 2/3 объёма;сотрудник внутреннего клининга;
200;Сантехническое оборудование;диспенсердозатор;Диспенсер / дозатор для спецжидкостей;;;100;;Офисное;основная;мойка;;;;;;;;1 раз в неделю;сотрудник внутреннего клининга;
200;Сантехническое оборудование;диспенсердозатор;Диспенсер / дозатор для спецжидкостей;;;100;;Офисное;основная;дезинфекция;;;;;;;;1 раз в неделю;сотрудник внутреннего клининга;
200;Сантехническое оборудование;диспенсердозатор;Диспенсер / дозатор для спецжидкостей;;;100;;Офисное;поддерживающая;мойка;;;;;;;;по мере необходимости;сотрудник внутреннего клининга;
200;Сантехническое оборудование;диспенсердозатор;Диспенсер / дозатор для спецжидкостей;;;100;;Офисное;генеральная;мойка;;;;;;;;1 раз в месяц;сотрудник внутреннего клининга;
200;Сантехническое оборудование;диспенсердозатор;Диспенсер / дозатор для спецжидкостей;;;100;;Офисное;генеральная;дезинфекция;;;;;;;;1 раз в месяц;сотрудник внутреннего клининга;
201;Технологическое оборудование;прибор кисл теста;Прибор для определения кислотности теста;;;100;;Офисное;основная;мойка;;;;;;;;1 раз в неделю;сотрудник внутреннего клининга;
201;Технологическое оборудование;прибор кисл теста;Прибор для определения кислотности теста;;;100;;Офисное;основная;дезинфекция;;;;;;;;1 раз в неделю;сотрудник внутреннего клининга;
201;Технологическое оборудование;прибор кисл теста;Прибор для определения кислотности теста;;;100;;Офисное;поддерживающая;мойка;;;;;;;;по мере необходимости;сотрудник внутреннего клининга;
201;Технологическое оборудование;прибор кисл теста;Прибор для определения кислотности теста;;;100;;Офисное;генеральная;мойка;;;;;;;;1 раз в месяц;сотрудник внутреннего клининга;
201;Технологическое оборудование;прибор кисл теста;Прибор для определения кислотности теста;;;100;;Офисное;генеральная;дезинфекция;;;;;;;;1 раз в месяц;сотрудник внутреннего клининга;
202;Холодильное оборудование;холодильная витрина;Холодильная витрина;;;100;;Офисное;основная;мойка;;;;;;;;1 раз в неделю;сотрудник внутреннего клининга;
202;Холодильное оборудование;холодильная витрина;Холодильная витрина;;;100;;Офисное;основная;дезинфекция;;;;;;;;1 раз в неделю;сотрудник внутреннего клининга;
202;Холодильное оборудование;холодильная витрина;Холодильная витрина;;;100;;Офисное;поддерживающая;мойка;;;;;;;;по мере необходимости;сотрудник внутреннего клининга;
202;Холодильное оборудование;холодильная витрина;Холодильная витрина;;;100;;Офисное;генеральная;мойка;;;;;;;;1 раз в месяц;сотрудник внутреннего клининга;
202;Холодильное оборудование;холодильная витрина;Холодильная витрина;;;100;;Офисное;генеральная;дезинфекция;;;;;;;;1 раз в месяц;сотрудник внутреннего клининга;
36;Поверхности;потолок () п;потолок подвесной;потолок (высота _____м);П;10;;Офисное;поддерживающая;мойка;;;;;;;;1 раз в 3 месяца обеспыливание;сотрудник внутреннего клининга;
36;Поверхности;потолок () п;потолок подвесной;потолок (высота _____м);П;10;;Офисное;поддерживающая;дезинфекция;;;;;;;;1 раз в 3 месяца обеспыливание;сотрудник внутреннего клининга;
36;Поверхности;потолок () п;потолок подвесной;потолок (высота _____м);П;10;;Офисное;генеральная;мойка;;;;;;;;1 раз в 12 месяцев;сотрудник внутреннего клининга;
36;Поверхности;потолок () п;потолок подвесной;потолок (высота _____м);П;10;;Офисное;генеральная;дезинфекция;;;;;;;;1 раз в 12 месяцев;сотрудник внутреннего клининга;
200;Сантехническое оборудование;диспенсердозатор;Диспенсер / дозатор для спецжидкостей;;;100;;Офисное;поддерживающая;мойка;;;;;;;;1 раз в 3 месяца обеспыливание;сотрудник внутреннего клининга;
200;Сантехническое оборудование;диспенсердозатор;Диспенсер / дозатор для спецжидкостей;;;100;;Офисное;поддерживающая;дезинфекция;;;;;;;;1 раз в 3 месяца обеспыливание;сотрудник внутреннего клининга;
200;Сантехническое оборудование;диспенсердозатор;Диспенсер / дозатор для спецжидкостей;;;100;;Офисное;генеральная;мойка;;;;;;;;1 раз в 12 месяцев;сотрудник внутреннего клининга;
200;Сантехническое оборудование;диспенсердозатор;Диспенсер / дозатор для спецжидкостей;;;100;;Офисное;генеральная;дезинфекция;;;;;;;;1 раз в 12 месяцев;сотрудник внутреннего клининга;
201;Технологическое оборудование;прибор кисл теста;Прибор для определения кислотности теста;;;100;;Офисное;поддерживающая;мойка;;;;;;;;1 раз в 3 месяца обеспыливание;сотрудник внутреннего клининга;
201;Технологическое оборудование;прибор кисл теста;Прибор для определения кислотности теста;;;100;;Офисное;поддерживающая;дезинфекция;;;;;;;;1 раз в 3 месяца обеспыливание;сотрудник внутреннего клининга;
201;Технологическое оборудование;прибор кисл теста;Прибор для определения кислотности теста;;;100;;Офисное;генеральная;мойка;;;;;;;;1 раз в 12 месяцев;сотрудник внутреннего клининга;
201;Технологическое оборудование;прибор кисл теста;Прибор для определения кислотности теста;;;100;;Офисное;генеральная;дезинфекция;;;;;;;;1 раз в 12 месяцев;сотрудник внутреннего клининга;
202;Холодильное оборудование;холодильная витрина;Холодильная витрина;;;100;;Офисное;поддерживающая;мойка;;;;;;;;1 раз в 3 месяца обеспыливание;сотрудник внутреннего клининга;
202;Холодильное оборудование;холодильная витрина;Холодильная витрина;;;100;;Офисное;поддерживающая;дезинфекция;;;;;;;;1 раз в 3 месяца обеспыливание;сотрудник внутреннего клининга;
202;Холодильное оборудование;холодильная витрина;Холодильная витрина;;;100;;Офисное;генеральная;мойка;;;;;;;;1 раз в 12 месяцев;сотрудник внутреннего клининга;
202;Холодильное оборудование;холодильная витрина;Холодильная витрина;;;100;;Офисное;генеральная;дезинфекция;;;;;;;;1 раз в 12 месяцев;сотрудник внутреннего клининга;
18;Поверхности;диффузоры;диффузоры;диффузоры;;35;;Офисное;поддерживающая;мойка;;;;;;;;1 раз в 3 месяца обеспыливание;сотрудник внутреннего клининга;
18;Поверхности;диффузоры;диффузоры;диффузоры;;35;;Офисное;поддерживающая;дезинфекция;;;;;;;;1 раз в 3 месяца обеспыливание;сотрудник внутреннего клининга;
18;Поверхности;диффузоры;диффузоры;диффузоры;;35;;Офисное;генеральная;мойка;;;;;;;;1 раз в 12 месяцев;сотрудник внутреннего клининга;
18;Поверхности;диффузоры;диффузоры;диффузоры;;35;;Офисное;генеральная;дезинфекция;;;;;;;;1 раз в 12 месяцев;сотрудник внутреннего клининга;
35;Поверхности;потолок () ок;потолок окрашенный;потолок (высота _____м);ОК;10;;Офисное;поддерживающая;мойка;;;;;;;;1 раз в 3 месяца обеспыливание;сотрудник внутреннего клининга;
35;Поверхности;потолок () ок;потолок окрашенный;потолок (высота _____м);ОК;10;;Офисное;поддерживающая;дезинфекция;;;;;;;;1 раз в 3 месяца обеспыливание;сотрудник внутреннего клининга;
35;Поверхности;потолок () ок;потолок окрашенный;потолок (высота _____м);ОК;10;;Офисное;генеральная;мойка;;;;;;;;1 раз в 6 месяцев;сотрудник внутреннего клининга;
35;Поверхности;потолок () ок;потолок окрашенный;потолок (высота _____м);ОК;10;;Офисное;генеральная;дезинфекция;;;;;;;;1 раз в 6 месяцев;сотрудник внутреннего клининга;
200;Сантехническое оборудование;диспенсердозатор;Диспенсер / дозатор для спецжидкостей;;;100;;Офисное;генеральная;мойка;;;;;;;;1 раз в 6 месяцев;сотрудник внутреннего клининга;
200;Сантехническое оборудование;диспенсердозатор;Диспенсер / дозатор для спецжидкостей;;;100;;Офисное;генеральная;дезинфекция;;;;;;;;1 раз в 6 месяцев;сотрудник внутреннего клининга;
201;Технологическое оборудование;прибор кисл теста;Прибор для определения кислотности теста;;;100;;Офисное;генеральная;мойка;;;;;;;;1 раз в 6 месяцев;сотрудник внутреннего клининга;
201;Технологическое оборудование;прибор кисл теста;Прибор для определения кислотности теста;;;100;;Офисное;генеральная;дезинфекция;;;;;;;;1 раз в 6 месяцев;сотрудник внутреннего клининга;
202;Холодильное оборудование;холодильная витрина;Холодильная витрина;;;100;;Офисное;генеральная;мойка;;;;;;;;1 раз в 6 месяцев;сотрудник внутреннего клининга;
202;Холодильное оборудование;холодильная витрина;Холодильная витрина;;;100;;Офисное;генеральная;дезинфекция;;;;;;;;1 раз в 6 месяцев;сотрудник внутреннего клининга;
5;Поверхности;вентиляционные трубы;вентиляционные трубы;вентиляционные трубы;;30;;Офисное;поддерживающая;мойка;;;;;;;;1 раз в 3 месяца обеспыливание;сотрудник внутреннего клининга;
5;Поверхности;вентиляционные трубы;вентиляционные трубы;вентиляционные трубы;;30;;Офисное;поддерживающая;дезинфекция;;;;;;;;1 раз в 3 месяца обеспыливание;сотрудник внутреннего клининга;
5;Поверхности;вентиляционные трубы;вентиляционные трубы;вентиляционные трубы;;30;;Офисное;генеральная;мойка;;;;;;;;1 раз в 6/12 месяцев;сотрудник внутреннего клининга;
5;Поверхности;вентиляционные трубы;вентиляционные трубы;вентиляционные трубы;;30;;Офисное;генеральная;дезинфекция;;;;;;;;1 раз в 6/12 месяцев;сотрудник внутреннего клининга;
200;Сантехническое оборудование;диспенсердозатор;Диспенсер / дозатор для спецжидкостей;;;100;;Офисное;генеральная;мойка;;;;;;;;1 раз в 6/12 месяцев;сотрудник внутреннего клининга;
200;Сантехническое оборудование;диспенсердозатор;Диспенсер / дозатор для спецжидкостей;;;100;;Офисное;генеральная;дезинфекция;;;;;;;;1 раз в 6/12 месяцев;сотрудник внутреннего клининга;
201;Технологическое оборудование;прибор кисл теста;Прибор для определения кислотности теста;;;100;;Офисное;генеральная;мойка;;;;;;;;1 раз в 6/12 месяцев;сотрудник внутреннего клининга;
201;Технологическое оборудование;прибор кисл теста;Прибор для определения кислотности теста;;;100;;Офисное;генеральная;дезинфекция;;;;;;;;1 раз в 6/12 месяцев;сотрудник внутреннего клининга;
202;Холодильное оборудование;холодильная витрина;Холодильная витрина;;;100;;Офисное;генеральная;мойка;;;;;;;;1 раз в 6/12 месяцев;сотрудник внутреннего клининга;
202;Холодильное оборудование;холодильная витрина;Холодильная витрина;;;100;;Офисное;генеральная;дезинфекция;;;;;;;;1 раз в 6/12 месяцев;сотрудник внутреннего клининга;
18;Поверхности;диффузоры;диффузоры;диффузоры;;35;;Офисное;генеральная;мойка;;;;;;;;1 раз в 6/12 месяцев;сотрудник внутреннего клининга;
18;Поверхности;диффузоры;диффузоры;диффузоры;;35;;Офисное;генеральная;дезинфекция;;;;;;;;1 раз в 6/12 месяцев;сотрудник внутреннего клининга;
39;Поверхности;светильники;светильники;светильники;;20;;Офисное;поддерживающая;мойка;;;;;;;;1 раз в 3 месяца обеспыливание;сотрудник внутреннего клининга;
39;Поверхности;светильники;светильники;светильники;;20;;Офисное;поддерживающая;дезинфекция;;;;;;;;1 раз в 3 месяца обеспыливание;сотрудник внутреннего клининга;
39;Поверхности;светильники;светильники;светильники;;20;;Офисное;генеральная;мойка;;;;;;;;1 раз в 6/12 месяцев;сотрудник внутреннего клининга;
39;Поверхности;светильники;светильники;светильники;;20;;Офисное;генеральная;дезинфекция;;;;;;;;1 раз в 6/12 месяцев;сотрудник внутреннего клининга;
41;Поверхности;стены (выше 2 м);стены (выше 2 м);стены (выше 2 м);;30;;Офисное;поддерживающая;мойка;;;;;;;;1 раз в 3 месяца обеспыливание;сотрудник внутреннего клининга;
41;Поверхности;стены (выше 2 м);стены (выше 2 м);стены (выше 2 м);;30;;Офисное;поддерживающая;дезинфекция;;;;;;;;1 раз в 3 месяца обеспыливание;сотрудник внутреннего клининга;
41;Поверхности;стены (выше 2 м);стены (выше 2 м);стены (выше 2 м);;30;;Офисное;генеральная;мойка;;;;;;;;1 раз в 6 месяцев;сотрудник внутреннего клининга;
41;Поверхности;стены (выше 2 м);стены (выше 2 м);стены (выше 2 м);;30;;Офисное;генеральная;дезинфекция;;;;;;;;1 раз в 6 месяцев;сотрудник внутреннего клининга;
71;Мебель;стеллажи;стеллажи;стеллажи;;130;;Офисное;поддерживающая;мойка;;;;;;;;1 раз в 3 месяца обеспыливание;сотрудник внутреннего клининга;
71;Мебель;стеллажи;стеллажи;стеллажи;;130;;Офисное;поддерживающая;дезинфекция;;;;;;;;1 раз в 3 месяца обеспыливание;сотрудник внутреннего клининга;
71;Мебель;стеллажи;стеллажи;стеллажи;;130;;Офисное;генеральная;мойка;;;;;;;;1 раз в 6 месяцев;сотрудник внутреннего клининга;
71;Мебель;стеллажи;стеллажи;стеллажи;;130;;Офисное;генеральная;дезинфекция;;;;;;;;1 раз в 6 месяцев;сотрудник внутреннего клининга;
6;Поверхности;водопроводные трубы;водопроводные трубы;водопроводные трубы;;60;;Офисное;основная;мойка;;;;;;;;1 раз в неделю;сотрудник внутреннего клининга;
6;Поверхности;водопроводные трубы;водопроводные трубы;водопроводные трубы;;60;;Офисное;основная;дезинфекция;;;;;;;;1 раз в неделю;сотрудник внутреннего клининга;
6;Поверхности;водопроводные трубы;водопроводные трубы;водопроводные трубы;;60;;Офисное;генеральная;мойка;;;;;;;;1 раз в месяц;сотрудник внутреннего клининга;
6;Поверхности;водопроводные трубы;водопроводные трубы;водопроводные трубы;;60;;Офисное;генеральная;дезинфекция;;;;;;;;1 раз в месяц;сотрудник внутреннего клининга;
38;Поверхности;розетки;розетки;розетки;;65;;Офисное;основная;мойка;;;;;;;;1 раз в неделю;сотрудник внутреннего клининга;
38;Поверхности;розетки;розетки;розетки;;65;;Офисное;основная;дезинфекция;;;;;;;;1 раз в неделю;сотрудник внутреннего клининга;
38;Поверхности;розетки;розетки;розетки;;65;;Офисное;генеральная;мойка;;;;;;;;1 раз в месяц;сотрудник внутреннего клининга;
38;Поверхности;розетки;розетки;розетки;;65;;Офисное;генеральная;дезинфекция;;;;;;;;1 раз в месяц;сотрудник внутреннего клининга;
12;Поверхности;двери;двери;двери;;90;;Офисное;основная;мойка;;;;;;;;1 раз в неделю;сотрудник внутреннего клининга;
12;Поверхности;двери;двери;двери;;90;;Офисное;основная;дезинфекция;;;;;;;;1 раз в неделю;сотрудник внутреннего клининга;
12;Поверхности;двери;двери;двери;;90;;Офисное;генеральная;мойка;;;;;;;;1 раз в месяц;сотрудник внутреннего клининга;
12;Поверхности;двери;двери;двери;;90;;Офисное;генеральная;дезинфекция;;;;;;;;1 раз в месяц;сотрудник внутреннего клининга;
30;Поверхности;отопительные приборы;отопительные приборы;отопительные приборы;;70;;Офисное;поддерживающая;мойка;;;;;;;;1 раз в месяц обеспыливание;сотрудник внутреннего клининга;
30;Поверхности;отопительные приборы;отопительные приборы;отопительные приборы;;70;;Офисное;поддерживающая;дезинфекция;;;;;;;;1 раз в месяц обеспыливание;сотрудник внутреннего клининга;
30;Поверхности;отопительные приборы;отопительные приборы;отопительные приборы;;70;;Офисное;генеральная;мойка;;;;;;;;1 раз в 6 месяцев;сотрудник внутреннего клининга;
30;Поверхности;отопительные приборы;отопительные приборы;отопительные приборы;;70;;Офисное;генеральная;дезинфекция;;;;;;;;1 раз в 6 месяцев;сотрудник внутреннего клининга;
200;Сантехническое оборудование;диспенсердозатор;Диспенсер / дозатор для спецжидкостей;;;100;;Офисное;поддерживающая;мойка;;;;;;;;1 раз в месяц обеспыливание;сотрудник внутреннего клининга;
200;Сантехническое оборудование;диспенсердозатор;Диспенсер / дозатор для спецжидкостей;;;100;;Офисное;поддерживающая;дезинфекция;;;;;;;;1 раз в месяц обеспыливание;сотрудник внутреннего клининга;
201;Технологическое оборудование;прибор кисл теста;Прибор для определения кислотности теста;;;100;;Офисное;поддерживающая;мойка;;;;;;;;1 раз в месяц обеспыливание;сотрудник внутреннего клининга;
201;Технологическое оборудование;прибор кисл теста;Прибор для определения кислотности теста;;;100;;Офисное;поддерживающая;дезинфекция;;;;;;;;1 раз в месяц обеспыливание;сотрудник внутреннего клининга;
202;Холодильное оборудование;холодильная витрина;Холодильная витрина;;;100;;Офисное;поддерживающая;мойка;;;;;;;;1 раз в месяц обеспыливание;сотрудник внутреннего клининга;
202;Холодильное оборудование;холодильная витрина;Холодильная витрина;;;100;;Офисное;поддерживающая;дезинфекция;;;;;;;;1 раз в месяц обеспыливание;сотрудник внутреннего клининга;
13;Поверхности;дверные ручки;дверные ручки;дверные ручки;;65;;Офисное;поддерживающая;дезинфекция;;;;;;;;2 раза в смену;сотрудник внутреннего клининга;
13;Поверхности;дверные ручки;дверные ручки;дверные ручки;;65;;Офисное;генеральная;мойка;;;;;;;;1 раз в месяц;сотрудник внутреннего клининга;
13;Поверхности;дверные ручки;дверные ручки;дверные ручки;;65;;Офисное;генеральная;дезинфекция;;;;;;;;1 раз в месяц;сотрудник внутреннего клининга;
200;Сантехническое оборудование;диспенсердозатор;Диспенсер / дозатор для спецжидкостей;;;100;;Офисное;поддерживающая;дезинфекция;;;;;;;;2 раза в смену;сотрудник внутреннего клининга;
201;Технологическое оборудование;прибор кисл теста;Прибор для определения кислотности теста;;;100;;Офисное;поддерживающая;дезинфекция;;;;;;;;2 раза в смену;сотрудник внутреннего клининга;
202;Холодильное оборудование;холодильная витрина;Холодильная витрина;;;100;;Офисное;поддерживающая;дезинфекция;;;;;;;;2 раза в смену;сотрудник внутреннего клининга;
8;Поверхности;выключатели;выключатели;выключатели;;65;;Офисное;поддерживающая;дезинфекция;;;;;;;;2 раза в смену;сотрудник внутреннего клининга;
8;Поверхности;выключатели;выключатели;выключатели;;65;;Офисное;генеральная;мойка;;;;;;;;1 раз в месяц;сотрудник внутреннего клининга;
8;Поверхности;выключатели;выключатели;выключатели;;65;;Офисное;генеральная;дезинфекция;;;;;;;;1 раз в месяц;сотрудник внутреннего клининга;
28;Поверхности;окна внешние;окна внешние;окна внешние;;55;;Офисное;генеральная;мойка;;;;;;;;1 раз в месяц (летний период);сотрудник внутреннего клининга;
200;Сантехническое оборудование;диспенсердозатор;Диспенсер / дозатор для спецжидкостей;;;100;;Офисное;генеральная;мойка;;;;;;;;1 раз в месяц (летний период);сотрудник внутреннего клининга;
201;Технологическое оборудование;прибор кисл теста;Прибор для определения кислотности теста;;;100;;Офисное;генеральная;мойка;;;;;;;;1 раз в месяц (летний период);сотрудник внутреннего клининга;
202;Холодильное оборудование;холодильная витрина;Холодильная витрина;;;100;;Офисное;генеральная;мойка;;;;;;;;1 раз в месяц (летний период);сотрудник внутреннего клининга;
75;Мебель;шкафы;шкафы;шкафы;;130;;Офисное;генеральная;мойка;;;;;;;;1 раз в месяц;сотрудник внутреннего клининга;
75;Мебель;шкафы;шкафы;шкафы;;130;;Офисное;генеральная;дезинфекция;;;;;;;;1 раз в месяц;сотрудник внутреннего клининга;
1;Поверхности;пол;пол;пол;;200;;Офисное;генеральная;мойка;;;;;;;;1 раз в месяц;сотрудник внутреннего клининга;
1;Поверхности;пол;пол;пол;;200;;Офисное;генеральная;дезинфекция;;;;;;;;1 раз в месяц;сотрудник внутреннего клининга;
69;Мебель;полки;полки;полки;;130;;Офисное;генеральная;мойка;;;;;;;;1 раз в месяц;сотрудник внутреннего клининга;
69;Мебель;полки;полки;полки;;130;;Офисное;генеральная;дезинфекция;;;;;;;;1 раз в месяц;сотрудник внутреннего клининга;
72;Мебель;столы;столы;столы;;130;;Офисное;генеральная;мойка;;;;;;;;1 раз в месяц;сотрудник внутреннего клининга;
72;Мебель;столы;столы;столы;;130;;Офисное;генеральная;дезинфекция;;;;;;;;1 раз в месяц;сотрудник внутреннего клининга;
73;Мебель;стулья;стулья;стулья;;130;;Офисное;генеральная;мойка;;;;;;;;1 раз в месяц;сотрудник внутреннего клининга;
73;Мебель;стулья;стулья;стулья;;130;;Офисное;генеральная;дезинфекция;;;;;;;;1 раз в месяц;сотрудник внутреннего клининга;
76;Офисная техника;компьютеры;компьютер;компьютер;;140;;Офисное;генеральная;мойка;;;;;;;;1 раз в месяц;сотрудник внутреннего клининга;
78;Офисная техника;принтера;принтер;принтер;;140;;Офисное;генеральная;мойка;;;;;;;;1 раз в месяц;сотрудник внутреннего клининга;
79;Офисная техника;телефоны;телефон;телефон;;140;;Офисное;генеральная;мойка;;;;;;;;1 раз в месяц;сотрудник внутреннего клининга;
1;Поверхности;пол;пол;пол;;200;;Офисное;основная;мойка;;;;;;;;2 раза в смену;сотрудник внутреннего клининга;
1;Поверхности;пол;пол;пол;;200;;Офисное;основная;дезинфекция;;;;;;;;2 раза в смену;сотрудник внутреннего клининга;
1;Поверхности;пол;пол;пол;;200;;Офисное;поддерживающая;мойка;;;;;;;;по мере необходимости;сотрудник внутреннего клининга;
60;Санитарный пост;диспенсердержатель для полотенец;диспенсер/держатель для полотенец;диспенсер для полотенец;;110;;Офисное;основная;мойка;;;;;;;;2 раза в смену;сотрудник внутреннего клининга;
60;Санитарный пост;диспенсердержатель для полотенец;диспенсер/держатель для полотенец;диспенсер для полотенец;;110;;Офисное;основная;дезинфекция;;;;;;;;2 раза в смену;сотрудник внутреннего клининга;
60;Санитарный пост;диспенсердержатель для полотенец;диспенсер/держатель для полотенец;диспенсер для полотенец;;110;;Офисное;поддерживающая;мойка;;;;;;;;по мере необходимости;сотрудник внутреннего клининга;
60;Санитарный пост;диспенсердержатель для полотенец;диспенсер/держатель для полотенец;диспенсер для полотенец;;110;;Офисное;генеральная;мойка;;;;;;;;1 раз в месяц;сотрудник внутреннего клининга;
60;Санитарный пост;диспенсердержатель для полотенец;диспенсер/держатель для полотенец;диспенсер для полотенец;;110;;Офисное;генеральная;дезинфекция;;;;;;;;1 раз в месяц;сотрудник внутреннего клининга;
69;Мебель;полки;полки;полки;;130;;Офисное;основная;мойка;;;;;;;;2 раза в смену;сотрудник внутреннего клининга;
69;Мебель;полки;полки;полки;;130;;Офисное;основная;дезинфекция;;;;;;;;2 раза в смену;сотрудник внутреннего клининга;
69;Мебель;полки;полки;полки;;130;;Офисное;поддерживающая;мойка;;;;;;;;по мере необходимости;сотрудник внутреннего клининга;
127;Моечный, уборочный инвентарь и оборудование;поломоечная машина;поломоечная машина;поломоечная машина;;170;;Офисное;основная;мойка;;;;;;;;2 раза в смену;сотрудник внутреннего клининга;
127;Моечный, уборочный инвентарь и оборудование;поломоечная машина;поломоечная машина;поломоечная машина;;170;;Офисное;основная;дезинфекция;;;;;;;;2 раза в смену;сотрудник внутреннего клининга;
127;Моечный, уборочный инвентарь и оборудование;поломоечная машина;поломоечная машина;поломоечная машина;;170;;Офисное;поддерживающая;мойка;;;;;;;;по мере необходимости;сотрудник внутреннего клининга;
127;Моечный, уборочный инвентарь и оборудование;поломоечная машина;поломоечная машина;поломоечная машина;;170;;Офисное;генеральная;мойка;;;;;;;;1 раз в месяц;сотрудник внутреннего клининга;
127;Моечный, уборочный инвентарь и оборудование;поломоечная машина;поломоечная машина;поломоечная машина;;170;;Офисное;генеральная;дезинфекция;;;;;;;;1 раз в месяц;сотрудник внутреннего клининга;
132;Посудомоечное оборудование;пмм купольная;посудомоечная машина купольная;посудомоечная машина;купольная;160;;Офисное;основная;мойка;;;;;;;;2 раза в смену;сотрудник внутреннего клининга;
132;Посудомоечное оборудование;пмм купольная;посудомоечная машина купольная;посудомоечная машина;купольная;160;;Офисное;основная;дезинфекция;;;;;;;;2 раза в смену;сотрудник внутреннего клининга;
132;Посудомоечное оборудование;пмм купольная;посудомоечная машина купольная;посудомоечная машина;купольная;160;;Офисное;поддерживающая;мойка;;;;;;;;по мере необходимости;сотрудник внутреннего клининга;
132;Посудомоечное оборудование;пмм купольная;посудомоечная машина купольная;посудомоечная машина;купольная;160;;Офисное;генеральная;мойка;;;;;;;;1 раз в месяц;сотрудник внутреннего клининга;
132;Посудомоечное оборудование;пмм купольная;посудомоечная машина купольная;посудомоечная машина;купольная;160;;Офисное;генеральная;дезинфекция;;;;;;;;1 раз в месяц;сотрудник внутреннего клининга;
157;Технологическое оборудование;весы напольные;весы напольные;весы напольные;;150;;Офисное;основная;мойка;;;;;;;;2 раза в смену;сотрудник внутреннего клининга;
157;Технологическое оборудование;весы напольные;весы напольные;весы напольные;;150;;Офисное;основная;дезинфекция;;;;;;;;2 раза в смену;сотрудник внутреннего клининга;
157;Технологическое оборудование;весы напольные;весы напольные;весы напольные;;150;;Офисное;поддерживающая;мойка;;;;;;;;по мере необходимости;сотрудник внутреннего клининга;
157;Технологическое оборудование;весы напольные;весы напольные;весы напольные;;150;;Офисное;генеральная;мойка;;;;;;;;1 раз в месяц;сотрудник внутреннего клининга;
157;Технологическое оборудование;весы напольные;весы напольные;весы напольные;;150;;Офисное;генеральная;дезинфекция;;;;;;;;1 раз в месяц;сотрудник внутреннего клининга;
200;Сантехническое оборудование;диспенсердозатор;Диспенсер / дозатор для спецжидкостей;;;100;;Офисное;основная;мойка;;;;;;;;2 раза в смену;сотрудник внутреннего клининга;
200;Сантехническое оборудование;диспенсердозатор;Диспенсер / дозатор для спецжидкостей;;;100;;Офисное;основная;дезинфекция;;;;;;;;2 раза в смену;сотрудник внутреннего клининга;
201;Технологическое оборудование;прибор кисл теста;Прибор для определения кислотности теста;;;100;;Офисное;основная;мойка;;;;;;;;2 раза в смену;сотрудник внутреннего клининга;
201;Технологическое оборудование;прибор кисл теста;Прибор для определения кислотности теста;;;100;;Офисное;основная;дезинфекция;;;;;;;;2 раза в смену;сотрудник внутреннего клининга;
202;Холодильное оборудование;холодильная витрина;Холодильная витрина;;;100;;Офисное;основная;мойка;;;;;;;;2 раза в смену;сотрудник внутреннего клининга;
202;Холодильное оборудование;холодильная витрина;Холодильная витрина;;;100;;Офисное;основная;дезинфекция;;;;;;;;2 раза в смену;сотрудник внутреннего клининга;
2;Поверхности;бактерицидные лампы;бактерицидные лампы;бактерицидные лампы;;40;;Офисное;основная;мойка;;;;;;;;;;
2;Поверхности;бактерицидные лампы;бактерицидные лампы;бактерицидные лампы;;40;;Офисное;основная;дезинфекция;;;;;;;;;;
3;Поверхности;бойлера;бойлер;бойлер;;70;;Офисное;основная;мойка;;;;;;;;;;
3;Поверхности;бойлера;бойлер;бойлер;;70;;Офисное;основная;дезинфекция;;;;;;;;;;
4;Поверхности;вентиляторы;вентилятор;вентилятор;;80;;Офисное;основная;мойка;;;;;;;;;;
4;Поверхности;вентиляторы;вентилятор;вентилятор;;80;;Офисное;основная;дезинфекция;;;;;;;;;;
7;Поверхности;воротароллета;ворота/роллета;ворота/роллета;;90;;Офисное;основная;мойка;;;;;;;;;;
7;Поверхности;воротароллета;ворота/роллета;ворота/роллета;;90;;Офисное;основная;дезинфекция;;;;;;;;;;
9;Поверхности;вытяжные зонты а;вытяжные зонты алюминиевые;вытяжные зонты;А;25;;Офисное;основная;мойка;;;;;;;;;;
9;Поверхности;вытяжные зонты а;вытяжные зонты алюминиевые;вытяжные зонты;А;25;;Офисное;основная;дезинфекция;;;;;;;;;;
10;Поверхности;вытяжные зонты н;вытяжные зонты из нержавеющей стали;вытяжные зонты;Н;25;;Офисное;основная;мойка;;;;;;;;;;
10;Поверхности;вытяжные зонты н;вытяжные зонты из нержавеющей стали;вытяжные зонты;Н;25;;Офисное;основная;дезинфекция;;;;;;;;;;
11;Поверхности;гидравлические тележки;гидравлические тележки;гидравлические тележки;;180;;Офисное;основная;мойка;;;;;;;;;;
11;Поверхности;гидравлические тележки;гидравлические тележки;гидравлические тележки;;180;;Офисное;основная;дезинфекция;;;;;;;;;;
14;Поверхности;демосистема (контактная поверхность);демосистема (контактная поверхность);демосистема (контактная поверхность);;70;;Офисное;основная;мойка;;;;;;;;;;
14;Поверхности;демосистема (контактная поверхность);демосистема (контактная поверхность);демосистема (контактная поверхность);;70;;Офисное;основная;дезинфекция;;;;;;;;;;
15;Поверхности;держатели для досок;держатели для досок;держатели для досок;;70;;Офисное;основная;мойка;;;;;;;;;;
15;Поверхности;держатели для досок;держатели для досок;держатели для досок;;70;;Офисное;основная;дезинфекция;;;;;;;;;;
16;Поверхности;держатели для инвентаря;держатели для инвентаря;держатели для инвентаря;;70;;Офисное;основная;мойка;;;;;;;;;;
16;Поверхности;держатели для инвентаря;держатели для инвентаря;держатели для инвентаря;;70;;Офисное;основная;дезинфекция;;;;;;;;;;
17;Поверхности;держатели для ножей;держатели для ножей;держатели для ножей;;70;;Офисное;основная;мойка;;;;;;;;;;
17;Поверхности;держатели для ножей;держатели для ножей;держатели для ножей;;70;;Офисное;основная;дезинфекция;;;;;;;;;;
19;Поверхности;завесы пвх;завесы ПВХ;завесы ПВХ;;80;;Офисное;основная;мойка;;;;;;;;;;
19;Поверхности;завесы пвх;завесы ПВХ;завесы ПВХ;;80;;Офисное;основная;дезинфекция;;;;;;;;;;
20;Поверхности;завесы тепловые;завесы тепловые;завесы тепловые;;80;;Офисное;основная;мойка;;;;;;;;;;
20;Поверхности;завесы тепловые;завесы тепловые;завесы тепловые;;80;;Офисное;основная;дезинфекция;;;;;;;;;;
21;Поверхности;инсектицидные лампы;инсектицидные лампы;инсектицидные лампы;;45;;Офисное;основная;мойка;;;;;;;;;;
21;Поверхности;инсектицидные лампы;инсектицидные лампы;инсектицидные лампы;;45;;Офисное;основная;дезинфекция;;;;;;;;;;
22;Поверхности;кабель-каналы;кабель-каналы;кабель-каналы;;60;;Офисное;основная;мойка;;;;;;;;;;
22;Поверхности;кабель-каналы;кабель-каналы;кабель-каналы;;60;;Офисное;основная;дезинфекция;;;;;;;;;;
23;Поверхности;кондиционер;кондиционер;кондиционер;;50;;Офисное;основная;мойка;;;;;;;;;;
23;Поверхности;кондиционер;кондиционер;кондиционер;;50;;Офисное;основная;дезинфекция;;;;;;;;;;
24;Поверхности;контейнеры для отходов;контейнеры для отходов;контейнеры для отходов;;190;;Офисное;основная;мойка;;;;;;;;;;
24;Поверхности;контейнеры для отходов;контейнеры для отходов;контейнеры для отходов;;190;;Офисное;основная;дезинфекция;;;;;;;;;;
25;Поверхности;лестницы;лестницы;лестницы;;180;;Офисное;основная;мойка;;;;;;;;;;
25;Поверхности;лестницы;лестницы;лестницы;;180;;Офисное;основная;дезинфекция;;;;;;;;;;
26;Поверхности;металлоконструкции;металлоконструкции;металлоконструкции;;70;;Офисное;основная;мойка;;;;;;;;;;
26;Поверхности;металлоконструкции;металлоконструкции;металлоконструкции;;70;;Офисное;основная;дезинфекция;;;;;;;;;;
27;Поверхности;мусорные корзины;мусорные корзины;мусорные корзины;;185;;Офисное;основная;мойка;;;;;;;;;;
27;Поверхности;мусорные корзины;мусорные корзины;мусорные корзины;;185;;Офисное;основная;дезинфекция;;;;;;;;;;
29;Поверхности;окна внутрицеховые;окна внутрицеховые;окна внутрицеховые;;55;;Офисное;основная;мойка;;;;;;;;;;
29;Поверхности;окна внутрицеховые;окна внутрицеховые;окна внутрицеховые;;55;;Офисное;основная;дезинфекция;;;;;;;;;;
31;Поверхности;пластиковые паллеты;пластиковые паллеты;пластиковые паллеты;;175;;Офисное;основная;мойка;;;;;;;;;;
31;Поверхности;пластиковые паллеты;пластиковые паллеты;пластиковые паллеты;;175;;Офисное;основная;дезинфекция;;;;;;;;;;
32;Поверхности;пластиковые подкаты;пластиковые подкаты;пластиковые подкаты;;175;;Офисное;основная;мойка;;;;;;;;;;
32;Поверхности;пластиковые подкаты;пластиковые подкаты;пластиковые подкаты;;175;;Офисное;основная;дезинфекция;;;;;;;;;;
33;Поверхности;погрузчики;погрузчики;погрузчики;;180;;Офисное;основная;мойка;;;;;;;;;;
33;Поверхности;погрузчики;погрузчики;погрузчики;;180;;Офисное;основная;дезинфекция;;;;;;;;;;
34;Поверхности;пожарный щит;пожарный щит;пожарный щит;;70;;Офисное;основная;мойка;;;;;;;;;;
34;Поверхности;пожарный щит;пожарный щит;пожарный щит;;70;;Офисное;основная;дезинфекция;;;;;;;;;;
37;Поверхности;резиновые коврики;резиновые коврики;резиновые коврики;;190;;Офисное;основная;мойка;;;;;;;;;;
37;Поверхности;резиновые коврики;резиновые коврики;резиновые коврики;;190;;Офисное;основная;дезинфекция;;;;;;;;;;
40;Поверхности;сплит-системы;сплит-системы;сплит-системы;;50;;Офисное;основная;мойка;;;;;;;;;;
40;Поверхности;сплит-системы;сплит-системы;сплит-системы;;50;;Офисное;основная;дезинфекция;;;;;;;;;;
42;Поверхности;стены (до 2 м);стены (до 2 м);стены (до 2 м);;40;;Офисное;основная;мойка;;;;;;;;;;
42;Поверхности;стены (до 2 м);стены (до 2 м);стены (до 2 м);;40;;Офисное;основная;дезинфекция;;;;;;;;;;
43;Поверхности;стерилизатор;стерилизатор;стерилизатор;;70;;Офисное;основная;мойка;;;;;;;;;;
43;Поверхности;стерилизатор;стерилизатор;стерилизатор;;70;;Офисное;основная;дезинфекция;;;;;;;;;;
44;Поверхности;стоки;стоки;стоки;;195;;Офисное;основная;мойка;;;;;;;;;;
44;Поверхности;стоки;стоки;стоки;;195;;Офисное;основная;дезинфекция;;;;;;;;;;
45;Поверхности;трапы;трапы;трапы;;195;;Офисное;основная;мойка;;;;;;;;;;
45;Поверхности;трапы;трапы;трапы;;195;;Офисное;основная;дезинфекция;;;;;;;;;;
46;Поверхности;часы;часы;часы;;80;;Офисное;основная;мойка;;;;;;;;;;
46;Поверхности;часы;часы;часы;;80;;Офисное;основная;дезинфекция;;;;;;;;;;
47;Поверхности;штабелёры;штабелёр;штабелёр;;180;;Офисное;основная;мойка;;;;;;;;;;
47;Поверхности;штабелёры;штабелёр;штабелёр;;180;;Офисное;основная;дезинфекция;;;;;;;;;;
48;Поверхности;электрощиты;электрощит;электрощит;;70;;Офисное;основная;мойка;;;;;;;;;;
48;Поверхности;электрощиты;электрощит;электрощит;;70;;Офисное;основная;дезинфекция;;;;;;;;;;
49;Поверхности;ёлки для колец;ёлки для колец;ёлки для колец;;170;;Офисное;основная;мойка;;;;;;;;;;
49;Поверхности;ёлки для колец;ёлки для колец;ёлки для колец;;170;;Офисное;основная;дезинфекция;;;;;;;;;;
50;Сантехническое оборудование;душевая кабина;душевая кабина;душевая кабина;;100;;Офисное;основная;мойка;;;;;;;;;;
50;Сантехническое оборудование;душевая кабина;душевая кабина;душевая кабина;;100;;Офисное;основная;дезинфекция;;;;;;;;;;
51;Сантехническое оборудование;душевые секции;душевые секции;душевые секции;;100;;Офисное;основная;мойка;;;;;;;;;;
51;Сантехническое оборудование;душевые секции;душевые секции;душевые секции;;100;;Офисное;основная;дезинфекция;;;;;;;;;;
52;Сантехническое оборудование;писсуар;писсуар;писсуар;;90;;Офисное;основная;мойка;;;;;;;;;;
52;Сантехническое оборудование;писсуар;писсуар;писсуар;;90;;Офисное;основная;дезинфекция;;;;;;;;;;
53;Сантехническое оборудование;раковина;раковина;раковина;;90;;Офисное;основная;мойка;;;;;;;;;;
53;Сантехническое оборудование;раковина;раковина;раковина;;90;;Офисное;основная;дезинфекция;;;;;;;;;;
54;Сантехническое оборудование;смеситель;смеситель;смеситель;;90;;Офисное;основная;мойка;;;;;;;;;;
54;Сантехническое оборудование;смеситель;смеситель;смеситель;;90;;Офисное;основная;дезинфекция;;;;;;;;;;
55;Сантехническое оборудование;технологическая мойка;технологическая мойка;технологическая мойка;;100;;Офисное;основная;мойка;;;;;;;;;;
55;Сантехническое оборудование;технологическая мойка;технологическая мойка;технологическая мойка;;100;;Офисное;основная;дезинфекция;;;;;;;;;;
56;Сантехническое оборудование;унитаз;унитаз;унитаз;;90;;Офисное;основная;мойка;;;;;;;;;;
56;Сантехническое оборудование;унитаз;унитаз;унитаз;;90;;Офисное;основная;дезинфекция;;;;;;;;;;
57;Санитарный пост;бак для грязной одежды;бак для грязной одежды;бак для грязной одежды;;110;;Офисное;основная;мойка;;;;;;;;;;
57;Санитарный пост;бак для грязной одежды;бак для грязной одежды;бак для грязной одежды;;110;;Офисное;основная;дезинфекция;;;;;;;;;;
58;Санитарный пост;дезинфицирующие маты;дезинфицирующие маты;дезинфицирующие маты;;120;;Офисное;основная;мойка;;;;;;;;;;
58;Санитарный пост;дезинфицирующие маты;дезинфицирующие маты;дезинфицирующие маты;;120;;Офисное;основная;дезинфекция;;;;;;;;;;
59;Санитарный пост;диспенсер для тб;диспенсер для тулетной бумаги;диспенсер для тулетной бумаги;;110;;Офисное;основная;мойка;;;;;;;;;;
59;Санитарный пост;диспенсер для тб;диспенсер для тулетной бумаги;диспенсер для тулетной бумаги;;110;;Офисное;основная;дезинфекция;;;;;;;;;;
61;Санитарный пост;дозаторы для мылаантисептика;дозаторы для мыла и антисептика;дозаторы для мыла и антисептика;;110;;Офисное;основная;мойка;;;;;;;;;;
61;Санитарный пост;дозаторы для мылаантисептика;дозаторы для мыла и антисептика;дозаторы для мыла и антисептика;;110;;Офисное;основная;дезинфекция;;;;;;;;;;
62;Санитарный пост;корзиныдиспенсеры для сиз;корзины/диспенсеры для СИЗ;корзины/диспенсеры для СИЗ;;110;;Офисное;основная;мойка;;;;;;;;;;
62;Санитарный пост;корзиныдиспенсеры для сиз;корзины/диспенсеры для СИЗ;корзины/диспенсеры для СИЗ;;110;;Офисное;основная;дезинфекция;;;;;;;;;;
63;Санитарный пост;модульный санпропускник;модульный санпропускник;модульный санпропускник;;120;;Офисное;основная;мойка;;;;;;;;;;
63;Санитарный пост;модульный санпропускник;модульный санпропускник;модульный санпропускник;;120;;Офисное;основная;дезинфекция;;;;;;;;;;
64;Санитарный пост;санитарный пост;санитарный пост;санитарный пост;;110;;Офисное;основная;мойка;;;;;;;;;;
64;Санитарный пост;санитарный пост;санитарный пост;санитарный пост;;110;;Офисное;основная;дезинфекция;;;;;;;;;;
65;Санитарный пост;сушилка для рук;сушилка для рук;сушилка для рук;;110;;Офисное;основная;мойка;;;;;;;;;;
65;Санитарный пост;сушилка для рук;сушилка для рук;сушилка для рук;;110;;Офисное;основная;дезинфекция;;;;;;;;;;
66;Мебель;вешалки;вешалки;вешалки;;130;;Офисное;основная;мойка;;;;;;;;;;
66;Мебель;вешалки;вешалки;вешалки;;130;;Офисное;основная;дезинфекция;;;;;;;;;;
67;Мебель;зеркала;зеркала;зеркала;;130;;Офисное;основная;мойка;;;;;;;;;;
67;Мебель;зеркала;зеркала;зеркала;;130;;Офисное;основная;дезинфекция;;;;;;;;;;
68;Мебель;обувницы;обувницы;обувницы;;130;;Офисное;основная;мойка;;;;;;;;;;
68;Мебель;обувницы;обувницы;обувницы;;130;;Офисное;основная;дезинфекция;;;;;;;;;;
70;Мебель;скамейки;скамейки;скамейки;;130;;Офисное;основная;мойка;;;;;;;;;;
70;Мебель;скамейки;скамейки;скамейки;;130;;Офисное;основная;дезинфекция;;;;;;;;;;
74;Мебель;сушилка для обуви;сушилка для обуви;сушилка для обуви;;130;;Офисное;основная;мойка;;;;;;;;;;
74;Мебель;сушилка для обуви;сушилка для обуви;сушилка для обуви;;130;;Офисное;основная;дезинфекция;;;;;;;;;;
77;Офисная техника;мониторы;монитор;монитор;;140;;Офисное;основная;мойка;;;;;;;;;;
77;Офисная техника;мониторы;монитор;монитор;;140;;Офисное;основная;дезинфекция;;;;;;;;;;
80;Многоразовые резиновые СИЗ;нарукавники;нарукавники;нарукавники;;150;;Офисное;основная;мойка;;;;;;;;;;
80;Многоразовые резиновые СИЗ;нарукавники;нарукавники;нарукавники;;150;;Офисное;основная;дезинфекция;;;;;;;;;;
81;Многоразовые резиновые СИЗ;перчатки;перчатки;перчатки;;150;;Офисное;основная;мойка;;;;;;;;;;
81;Многоразовые резиновые СИЗ;перчатки;перчатки;перчатки;;150;;Офисное;основная;дезинфекция;;;;;;;;;;
82;Многоразовые резиновые СИЗ;сапоги;сапоги;сапоги;;150;;Офисное;основная;мойка;;;;;;;;;;
82;Многоразовые резиновые СИЗ;сапоги;сапоги;сапоги;;150;;Офисное;основная;дезинфекция;;;;;;;;;;
83;Многоразовые резиновые СИЗ;фартуки;фартуки;фартуки;;150;;Офисное;основная;мойка;;;;;;;;;;
83;Многоразовые резиновые СИЗ;фартуки;фартуки;фартуки;;150;;Офисное;основная;дезинфекция;;;;;;;;;;
84;Бытовая техника;кулера;кулер;кулер;;160;;Офисное;основная;мойка;;;;;;;;;;
84;Бытовая техника;кулера;кулер;кулер;;160;;Офисное;основная;дезинфекция;;;;;;;;;;
85;Бытовая техника;микроволновки;микроволновая печь;микроволновая печь;;160;;Офисное;основная;мойка;;;;;;;;;;
85;Бытовая техника;микроволновки;микроволновая печь;микроволновая печь;;160;;Офисное;основная;дезинфекция;;;;;;;;;;
86;Бытовая техника;стиральные машины;стиральная машина;стиральная машина;;160;;Офисное;основная;мойка;;;;;;;;;;
86;Бытовая техника;стиральные машины;стиральная машина;стиральная машина;;160;;Офисное;основная;дезинфекция;;;;;;;;;;
87;Бытовая техника;сушильные машины;сушильная машина;сушильная машина;;160;;Офисное;основная;мойка;;;;;;;;;;
87;Бытовая техника;сушильные машины;сушильная машина;сушильная машина;;160;;Офисное;основная;дезинфекция;;;;;;;;;;
88;Бытовая техника;термопоты;термопот;термопот;;160;;Офисное;основная;мойка;;;;;;;;;;
88;Бытовая техника;термопоты;термопот;термопот;;160;;Офисное;основная;дезинфекция;;;;;;;;;;
89;Бытовая техника;холодильники;холодильник бытовой;холодильник бытовой;;160;;Офисное;основная;мойка;;;;;;;;;;
89;Бытовая техника;холодильники;холодильник бытовой;холодильник бытовой;;160;;Офисное;основная;дезинфекция;;;;;;;;;;
90;Бытовая техника;чайники;чайник электрический;чайник электрический;;160;;Офисное;основная;мойка;;;;;;;;;;
90;Бытовая техника;чайники;чайник электрический;чайник электрический;;160;;Офисное;основная;дезинфекция;;;;;;;;;;
91;Инвентарь, посуда и т.д.;вешала;вешала;вешала;;150;;Офисное;основная;мойка;;;;;;;;;;
91;Инвентарь, посуда и т.д.;вешала;вешала;вешала;;150;;Офисное;основная;дезинфекция;;;;;;;;;;
92;Инвентарь, посуда и т.д.;внутрицеховая тара (вёдра ящики);внутрицеховая тара (вёдра, ящики);внутрицеховая тара (вёдра, ящики);;150;;Офисное;основная;мойка;;;;;;;;;;
92;Инвентарь, посуда и т.д.;внутрицеховая тара (вёдра ящики);внутрицеховая тара (вёдра, ящики);внутрицеховая тара (вёдра, ящики);;150;;Офисное;основная;дезинфекция;;;;;;;;;;
93;Инвентарь, посуда и т.д.;гастроёмкости;гастроёмкости;гастроёмкости;;150;;Офисное;основная;мойка;;;;;;;;;;
93;Инвентарь, посуда и т.д.;гастроёмкости;гастроёмкости;гастроёмкости;;150;;Офисное;основная;дезинфекция;;;;;;;;;;
94;Инвентарь, посуда и т.д.;дежи;дежи;дежи;;150;;Офисное;основная;мойка;;;;;;;;;;
94;Инвентарь, посуда и т.д.;дежи;дежи;дежи;;150;;Офисное;основная;дезинфекция;;;;;;;;;;
95;Инвентарь, посуда и т.д.;доски;доски;доски;;150;;Офисное;основная;мойка;;;;;;;;;;
95;Инвентарь, посуда и т.д.;доски;доски;доски;;150;;Офисное;основная;дезинфекция;;;;;;;;;;
96;Инвентарь, посуда и т.д.;изотермические контейнеры (bigbox);изотермические контейнеры (bigbox);изотермические контейнеры (bigbox);;150;;Офисное;основная;мойка;;;;;;;;;;
96;Инвентарь, посуда и т.д.;изотермические контейнеры (bigbox);изотермические контейнеры (bigbox);изотермические контейнеры (bigbox);;150;;Офисное;основная;дезинфекция;;;;;;;;;;
97;Инвентарь, посуда и т.д.;инвентарь;инвентарь;инвентарь;;150;;Офисное;основная;мойка;;;;;;;;;;
97;Инвентарь, посуда и т.д.;инвентарь;инвентарь;инвентарь;;150;;Офисное;основная;дезинфекция;;;;;;;;;;
98;Инвентарь, посуда и т.д.;корзины для расстойки теста;корзины для расстойки теста;корзины для расстойки теста;;150;;Офисное;основная;мойка;;;;;;;;;;
98;Инвентарь, посуда и т.д.;корзины для расстойки теста;корзины для расстойки теста;корзины для расстойки теста;;150;;Офисное;основная;дезинфекция;;;;;;;;;;
99;Инвентарь, посуда и т.д.;крючки;крючки;крючки;;150;;Офисное;основная;мойка;;;;;;;;;;
99;Инвентарь, посуда и т.д.;крючки;крючки;крючки;;150;;Офисное;основная;дезинфекция;;;;;;;;;;
100;Инвентарь, посуда и т.д.;листы для выпечки а;листы для выпечки алюминиевые;листы для выпечки;А;150;;Офисное;основная;мойка;;;;;;;;;;
100;Инвентарь, посуда и т.д.;листы для выпечки а;листы для выпечки алюминиевые;листы для выпечки;А;150;;Офисное;основная;дезинфекция;;;;;;;;;;
101;Инвентарь, посуда и т.д.;листы для выпечки н;листы для выпечки из нержавеющей стали;листы для выпечки;Н;150;;Офисное;основная;мойка;;;;;;;;;;
101;Инвентарь, посуда и т.д.;листы для выпечки н;листы для выпечки из нержавеющей стали;листы для выпечки;Н;150;;Офисное;основная;дезинфекция;;;;;;;;;;
102;Инвентарь, посуда и т.д.;листы от шпилек;листы от шпилек;листы от шпилек;;150;;Офисное;основная;мойка;;;;;;;;;;
102;Инвентарь, посуда и т.д.;листы от шпилек;листы от шпилек;листы от шпилек;;150;;Офисное;основная;дезинфекция;;;;;;;;;;
103;Инвентарь, посуда и т.д.;мусаты;мусаты;мусаты;;150;;Офисное;основная;мойка;;;;;;;;;;
103;Инвентарь, посуда и т.д.;мусаты;мусаты;мусаты;;150;;Офисное;основная;дезинфекция;;;;;;;;;;
104;Инвентарь, посуда и т.д.;ножи;ножи разделочные;ножи разделочные;;150;;Офисное;основная;мойка;;;;;;;;;;
104;Инвентарь, посуда и т.д.;ножи;ножи разделочные;ножи разделочные;;150;;Офисное;основная;дезинфекция;;;;;;;;;;
105;Инвентарь, посуда и т.д.;оборотная тара;оборотная тара;оборотная тара;;150;;Офисное;основная;мойка;;;;;;;;;;
105;Инвентарь, посуда и т.д.;оборотная тара;оборотная тара;оборотная тара;;150;;Офисное;основная;дезинфекция;;;;;;;;;;
106;Инвентарь, посуда и т.д.;отсадочные мешки;отсадочные мешки;отсадочные мешки;;150;;Офисное;основная;мойка;;;;;;;;;;
106;Инвентарь, посуда и т.д.;отсадочные мешки;отсадочные мешки;отсадочные мешки;;150;;Офисное;основная;дезинфекция;;;;;;;;;;
107;Инвентарь, посуда и т.д.;передвижные ёмкости;передвижные ёмкости;передвижные ёмкости;;150;;Офисное;основная;мойка;;;;;;;;;;
107;Инвентарь, посуда и т.д.;передвижные ёмкости;передвижные ёмкости;передвижные ёмкости;;150;;Офисное;основная;дезинфекция;;;;;;;;;;
108;Инвентарь, посуда и т.д.;посуда;посуда;посуда;;150;;Офисное;основная;мойка;;;;;;;;;;
108;Инвентарь, посуда и т.д.;посуда;посуда;посуда;;150;;Офисное;основная;дезинфекция;;;;;;;;;;
109;Инвентарь, посуда и т.д.;расстоечные термочехлы;расстоечные термочехлы;расстоечные термочехлы;;150;;Офисное;основная;мойка;;;;;;;;;;
109;Инвентарь, посуда и т.д.;расстоечные термочехлы;расстоечные термочехлы;расстоечные термочехлы;;150;;Офисное;основная;дезинфекция;;;;;;;;;;
110;Инвентарь, посуда и т.д.;секачи;секачи;секачи;;150;;Офисное;основная;мойка;;;;;;;;;;
110;Инвентарь, посуда и т.д.;секачи;секачи;секачи;;150;;Офисное;основная;дезинфекция;;;;;;;;;;
111;Инвентарь, посуда и т.д.;силапеновые коврики;силапеновые коврики;силапеновые коврики;;150;;Офисное;основная;мойка;;;;;;;;;;
111;Инвентарь, посуда и т.д.;силапеновые коврики;силапеновые коврики;силапеновые коврики;;150;;Офисное;основная;дезинфекция;;;;;;;;;;
112;Инвентарь, посуда и т.д.;съёмные детали оборудования а;съёмные детали оборудования алюминиевые;съёмные детали оборудования;А;150;;Офисное;основная;мойка;;;;;;;;;;
112;Инвентарь, посуда и т.д.;съёмные детали оборудования а;съёмные детали оборудования алюминиевые;съёмные детали оборудования;А;150;;Офисное;основная;дезинфекция;;;;;;;;;;
113;Инвентарь, посуда и т.д.;съёмные детали оборудования н;съёмные детали оборудования из нержавеющей стали;съёмные детали оборудования;Н;150;;Офисное;основная;мойка;;;;;;;;;;
113;Инвентарь, посуда и т.д.;съёмные детали оборудования н;съёмные детали оборудования из нержавеющей стали;съёмные детали оборудования;Н;150;;Офисное;основная;дезинфекция;;;;;;;;;;
114;Инвентарь, посуда и т.д.;тележки;тележки;тележки;;150;;Офисное;основная;мойка;;;;;;;;;;
114;Инвентарь, посуда и т.д.;тележки;тележки;тележки;;150;;Офисное;основная;дезинфекция;;;;;;;;;;
115;Инвентарь, посуда и т.д.;тележки подкатные;тележки подкатные;тележки подкатные;;150;;Офисное;основная;мойка;;;;;;;;;;
115;Инвентарь, посуда и т.д.;тележки подкатные;тележки подкатные;тележки подкатные;;150;;Офисное;основная;дезинфекция;;;;;;;;;;
116;Инвентарь, посуда и т.д.;формы для выпечки а;формы для выпечки алюминиевые;формы для выпечки;А;150;;Офисное;основная;мойка;;;;;;;;;;
116;Инвентарь, посуда и т.д.;формы для выпечки а;формы для выпечки алюминиевые;формы для выпечки;А;150;;Офисное;основная;дезинфекция;;;;;;;;;;
117;Инвентарь, посуда и т.д.;формы для выпечки н;формы для выпечки из нержавеющей стали;формы для выпечки;Н;150;;Офисное;основная;мойка;;;;;;;;;;
117;Инвентарь, посуда и т.д.;формы для выпечки н;формы для выпечки из нержавеющей стали;формы для выпечки;Н;150;;Офисное;основная;дезинфекция;;;;;;;;;;
118;Инвентарь, посуда и т.д.;формы для выпечки с;формы для выпечки силиконовые;формы для выпечки;С;150;;Офисное;основная;мойка;;;;;;;;;;
118;Инвентарь, посуда и т.д.;формы для выпечки с;формы для выпечки силиконовые;формы для выпечки;С;150;;Офисное;основная;дезинфекция;;;;;;;;;;
119;Инвентарь, посуда и т.д.;шампура;шампуры;шампуры;;150;;Офисное;основная;мойка;;;;;;;;;;
119;Инвентарь, посуда и т.д.;шампура;шампуры;шампуры;;150;;Офисное;основная;дезинфекция;;;;;;;;;;
120;Инвентарь, посуда и т.д.;шпильки;шпильки;шпильки;;150;;Офисное;основная;мойка;;;;;;;;;;
120;Инвентарь, посуда и т.д.;шпильки;шпильки;шпильки;;150;;Офисное;основная;дезинфекция;;;;;;;;;;
121;Инвентарь, посуда и т.д.;ёмкости для перетаривания;ёмкости для перетаривания;ёмкости для перетаривания;;150;;Офисное;основная;мойка;;;;;;;;;;
121;Инвентарь, посуда и т.д.;ёмкости для перетаривания;ёмкости для перетаривания;ёмкости для перетаривания;;150;;Офисное;основная;дезинфекция;;;;;;;;;;
122;Инвентарь, посуда и т.д.;ёмкости для сыпучих продуктов;ёмкости для сыпучих продуктов;ёмкости для сыпучих продуктов;;150;;Офисное;основная;мойка;;;;;;;;;;
122;Инвентарь, посуда и т.д.;ёмкости для сыпучих продуктов;ёмкости для сыпучих продуктов;ёмкости для сыпучих продуктов;;150;;Офисное;основная;дезинфекция;;;;;;;;;;
123;Моечный, уборочный инвентарь и оборудование;авд;АВД;АВД;;170;;Офисное;основная;мойка;;;;;;;;;;
123;Моечный, уборочный инвентарь и оборудование;авд;АВД;АВД;;170;;Офисное;основная;дезинфекция;;;;;;;;;;
124;Моечный, уборочный инвентарь и оборудование;ведра;ведра;ведра;;170;;Офисное;основная;мойка;;;;;;;;;;
124;Моечный, уборочный инвентарь и оборудование;ведра;ведра;ведра;;170;;Офисное;основная;дезинфекция;;;;;;;;;;
125;Моечный, уборочный инвентарь и оборудование;ветошь;ветошь;ветошь;;170;;Офисное;основная;мойка;;;;;;;;;;
125;Моечный, уборочный инвентарь и оборудование;ветошь;ветошь;ветошь;;170;;Офисное;основная;дезинфекция;;;;;;;;;;
126;Моечный, уборочный инвентарь и оборудование;мопы;мопы;мопы;;170;;Офисное;основная;мойка;;;;;;;;;;
126;Моечный, уборочный инвентарь и оборудование;мопы;мопы;мопы;;170;;Офисное;основная;дезинфекция;;;;;;;;;;
128;Моечный, уборочный инвентарь и оборудование;пылесосы;пылесос;пылесос;;170;;Офисное;основная;мойка;;;;;;;;;;
128;Моечный, уборочный инвентарь и оборудование;пылесосы;пылесос;пылесос;;170;;Офисное;основная;дезинфекция;;;;;;;;;;
129;Моечный, уборочный инвентарь и оборудование;сгоны;сгоны для воды;сгоны для воды;;170;;Офисное;основная;мойка;;;;;;;;;;
129;Моечный, уборочный инвентарь и оборудование;сгоны;сгоны для воды;сгоны для воды;;170;;Офисное;основная;дезинфекция;;;;;;;;;;
130;Моечный, уборочный инвентарь и оборудование;тележки уборочные;тележки уборочные;тележки уборочные;;170;;Офисное;основная;мойка;;;;;;;;;;
130;Моечный, уборочный инвентарь и оборудование;тележки уборочные;тележки уборочные;тележки уборочные;;170;;Офисное;основная;дезинфекция;;;;;;;;;;
131;Моечный, уборочный инвентарь и оборудование;щётки;щётки;щётки;;170;;Офисное;основная;мойка;;;;;;;;;;
131;Моечный, уборочный инвентарь и оборудование;щётки;щётки;щётки;;170;;Офисное;основная;дезинфекция;;;;;;;;;;
133;Посудомоечное оборудование;пмм туннельная;посудомоечная машина туннельная;посудомоечная машина;туннельная;160;;Офисное;основная;мойка;;;;;;;;;;
133;Посудомоечное оборудование;пмм туннельная;посудомоечная машина туннельная;посудомоечная машина;туннельная;160;;Офисное;основная;дезинфекция;;;;;;;;;;
134;Посудомоечное оборудование;таромоечная машина;таромоечная машина;таромоечная машина;;160;;Офисное;основная;мойка;;;;;;;;;;
134;Посудомоечное оборудование;таромоечная машина;таромоечная машина;таромоечная машина;;160;;Офисное;основная;дезинфекция;;;;;;;;;;
135;Холодильное оборудование;камеры мороз;камеры морозильные;камеры морозильные;;160;;Офисное;основная;мойка;;;;;;;;;;
135;Холодильное оборудование;камеры мороз;камеры морозильные;камеры морозильные;;160;;Офисное;основная;дезинфекция;;;;;;;;;;
136;Холодильное оборудование;камеры холод;камеры холодильные;камеры холодильные;;160;;Офисное;основная;мойка;;;;;;;;;;
136;Холодильное оборудование;камеры холод;камеры холодильные;камеры холодильные;;160;;Офисное;основная;дезинфекция;;;;;;;;;;
137;Холодильное оборудование;камеры шок замор;камеры шоковой заморозки;камеры шоковой заморозки;;160;;Офисное;основная;мойка;;;;;;;;;;
137;Холодильное оборудование;камеры шок замор;камеры шоковой заморозки;камеры шоковой заморозки;;160;;Офисное;основная;дезинфекция;;;;;;;;;;
138;Холодильное оборудование;ледогенератор;ледогенератор;ледогенератор;;160;;Офисное;основная;мойка;;;;;;;;;;
138;Холодильное оборудование;ледогенератор;ледогенератор;ледогенератор;;160;;Офисное;основная;дезинфекция;;;;;;;;;;
139;Холодильное оборудование;морозильный ларь;морозильный ларь;морозильный ларь;;160;;Офисное;основная;мойка;;;;;;;;;;
139;Холодильное оборудование;морозильный ларь;морозильный ларь;морозильный ларь;;160;;Офисное;основная;дезинфекция;;;;;;;;;;
140;Холодильное оборудование;холод столы;холодильные столы;холодильные столы;;160;;Офисное;основная;мойка;;;;;;;;;;
140;Холодильное оборудование;холод столы;холодильные столы;холодильные столы;;160;;Офисное;основная;дезинфекция;;;;;;;;;;
141;Холодильное оборудование;холод шкафы;холодильные шкафы;холодильные шкафы;;160;;Офисное;основная;мойка;;;;;;;;;;
141;Холодильное оборудование;холод шкафы;холодильные шкафы;холодильные шкафы;;160;;Офисное;основная;дезинфекция;;;;;;;;;;
142;Тепловое оборудование;варочные котлы;варочные котлы;варочные котлы;;150;;Офисное;основная;мойка;;;;;;;;;;
142;Тепловое оборудование;варочные котлы;варочные котлы;варочные котлы;;150;;Офисное;основная;дезинфекция;;;;;;;;;;
143;Тепловое оборудование;вафельницы;вафельницы;вафельницы;;150;;Офисное;основная;мойка;;;;;;;;;;
143;Тепловое оборудование;вафельницы;вафельницы;вафельницы;;150;;Офисное;основная;дезинфекция;;;;;;;;;;
144;Тепловое оборудование;грили;грили;грили;;150;;Офисное;основная;мойка;;;;;;;;;;
144;Тепловое оборудование;грили;грили;грили;;150;;Офисное;основная;дезинфекция;;;;;;;;;;
145;Тепловое оборудование;пароконвектоматы;пароконвектоматы;пароконвектоматы;;150;;Офисное;основная;мойка;;;;;;;;;;
145;Тепловое оборудование;пароконвектоматы;пароконвектоматы;пароконвектоматы;;150;;Офисное;основная;дезинфекция;;;;;;;;;;
146;Тепловое оборудование;печи подовые;печи подовые;печи подовые;;150;;Офисное;основная;мойка;;;;;;;;;;
146;Тепловое оборудование;печи подовые;печи подовые;печи подовые;;150;;Офисное;основная;дезинфекция;;;;;;;;;;
147;Тепловое оборудование;печи ротационные;печи ротационные;печи ротационные;;150;;Офисное;основная;мойка;;;;;;;;;;
147;Тепловое оборудование;печи ротационные;печи ротационные;печи ротационные;;150;;Офисное;основная;дезинфекция;;;;;;;;;;
148;Тепловое оборудование;плиты газ;плиты газовые;плиты газовые;;150;;Офисное;основная;мойка;;;;;;;;;;
148;Тепловое оборудование;плиты газ;плиты газовые;плиты газовые;;150;;Офисное;основная;дезинфекция;;;;;;;;;;
149;Тепловое оборудование;плиты индук;плиты индукционные;плиты индукционные;;150;;Офисное;основная;мойка;;;;;;;;;;
149;Тепловое оборудование;плиты индук;плиты индукционные;плиты индукционные;;150;;Офисное;основная;дезинфекция;;;;;;;;;;
150;Тепловое оборудование;плиты элек;плиты электрические;плиты электрические;;150;;Офисное;основная;мойка;;;;;;;;;;
150;Тепловое оборудование;плиты элек;плиты электрические;плиты электрические;;150;;Офисное;основная;дезинфекция;;;;;;;;;;
151;Тепловое оборудование;расстоечные шкафы;расстоечные шкафы;расстоечные шкафы;;150;;Офисное;основная;мойка;;;;;;;;;;
151;Тепловое оборудование;расстоечные шкафы;расстоечные шкафы;расстоечные шкафы;;150;;Офисное;основная;дезинфекция;;;;;;;;;;
152;Тепловое оборудование;сковороды;сковороды;сковороды;;150;;Офисное;основная;мойка;;;;;;;;;;
152;Тепловое оборудование;сковороды;сковороды;сковороды;;150;;Офисное;основная;дезинфекция;;;;;;;;;;
153;Тепловое оборудование;фритюры;фритюры;фритюры;;150;;Офисное;основная;мойка;;;;;;;;;;
153;Тепловое оборудование;фритюры;фритюры;фритюры;;150;;Офисное;основная;дезинфекция;;;;;;;;;;
154;Технологическое оборудование;бисквиторезки;бисквиторезки;бисквиторезки;;150;;Офисное;основная;мойка;;;;;;;;;;
154;Технологическое оборудование;бисквиторезки;бисквиторезки;бисквиторезки;;150;;Офисное;основная;дезинфекция;;;;;;;;;;
155;Технологическое оборудование;блендеры;блендеры;блендеры;;150;;Офисное;основная;мойка;;;;;;;;;;
155;Технологическое оборудование;блендеры;блендеры;блендеры;;150;;Офисное;основная;дезинфекция;;;;;;;;;;
156;Технологическое оборудование;вакуумные роторные шприцы;вакуумные роторные шприцы;вакуумные роторные шприцы;;150;;Офисное;основная;мойка;;;;;;;;;;
156;Технологическое оборудование;вакуумные роторные шприцы;вакуумные роторные шприцы;вакуумные роторные шприцы;;150;;Офисное;основная;дезинфекция;;;;;;;;;;
158;Технологическое оборудование;весы настольные;весы настольные;весы настольные;;150;;Офисное;основная;мойка;;;;;;;;;;
158;Технологическое оборудование;весы настольные;весы настольные;весы настольные;;150;;Офисное;основная;дезинфекция;;;;;;;;;;
159;Технологическое оборудование;водяные бани;водяные бани;водяные бани;;150;;Офисное;основная;мойка;;;;;;;;;;
159;Технологическое оборудование;водяные бани;водяные бани;водяные бани;;150;;Офисное;основная;дезинфекция;;;;;;;;;;
160;Технологическое оборудование;депозитор волюметрический;депозитор волюметрический;депозитор волюметрический;;150;;Офисное;основная;мойка;;;;;;;;;;
160;Технологическое оборудование;депозитор волюметрический;депозитор волюметрический;депозитор волюметрический;;150;;Офисное;основная;дезинфекция;;;;;;;;;;
161;Технологическое оборудование;дозатор для геля (пульверизатор);дозатор для геля (пульверизатор);дозатор для геля (пульверизатор);;150;;Офисное;основная;мойка;;;;;;;;;;
161;Технологическое оборудование;дозатор для геля (пульверизатор);дозатор для геля (пульверизатор);дозатор для геля (пульверизатор);;150;;Офисное;основная;дезинфекция;;;;;;;;;;
162;Технологическое оборудование;дозаторы для жидкостей;дозаторы для жидкостей;дозаторы для жидкостей;;150;;Офисное;основная;мойка;;;;;;;;;;
162;Технологическое оборудование;дозаторы для жидкостей;дозаторы для жидкостей;дозаторы для жидкостей;;150;;Офисное;основная;дезинфекция;;;;;;;;;;
163;Технологическое оборудование;дробилки;дробилки;дробилки;;150;;Офисное;основная;мойка;;;;;;;;;;
163;Технологическое оборудование;дробилки;дробилки;дробилки;;150;;Офисное;основная;дезинфекция;;;;;;;;;;
164;Технологическое оборудование;измельчители;измельчители;измельчители;;150;;Офисное;основная;мойка;;;;;;;;;;
164;Технологическое оборудование;измельчители;измельчители;измельчители;;150;;Офисное;основная;дезинфекция;;;;;;;;;;
165;Технологическое оборудование;картофелечистки;картофелечистки;картофелечистки;;150;;Офисное;основная;мойка;;;;;;;;;;
165;Технологическое оборудование;картофелечистки;картофелечистки;картофелечистки;;150;;Офисное;основная;дезинфекция;;;;;;;;;;
166;Технологическое оборудование;машина для резки конд изделий;машина для резки кондитерских изделий;машина для резки кондитерских изделий;;150;;Офисное;основная;мойка;;;;;;;;;;
166;Технологическое оборудование;машина для резки конд изделий;машина для резки кондитерских изделий;машина для резки кондитерских изделий;;150;;Офисное;основная;дезинфекция;;;;;;;;;;
167;Технологическое оборудование;металлодетектор;металлодетектор;металлодетектор;;150;;Офисное;основная;мойка;;;;;;;;;;
167;Технологическое оборудование;металлодетектор;металлодетектор;металлодетектор;;150;;Офисное;основная;дезинфекция;;;;;;;;;;
168;Технологическое оборудование;миксеры планетарные;миксеры планетарные;миксеры планетарные;;150;;Офисное;основная;мойка;;;;;;;;;;
168;Технологическое оборудование;миксеры планетарные;миксеры планетарные;миксеры планетарные;;150;;Офисное;основная;дезинфекция;;;;;;;;;;
169;Технологическое оборудование;минифилы (дозаторы крема);минифилы (дозаторы крема);минифилы (дозаторы крема);;150;;Офисное;основная;мойка;;;;;;;;;;
169;Технологическое оборудование;минифилы (дозаторы крема);минифилы (дозаторы крема);минифилы (дозаторы крема);;150;;Офисное;основная;дезинфекция;;;;;;;;;;
170;Технологическое оборудование;овощерезки;овощерезки;овощерезки;;150;;Офисное;основная;мойка;;;;;;;;;;
170;Технологическое оборудование;овощерезки;овощерезки;овощерезки;;150;;Офисное;основная;дезинфекция;;;;;;;;;;
171;Технологическое оборудование;овощечистки;овощечистки;овощечистки;;150;;Офисное;основная;мойка;;;;;;;;;;
171;Технологическое оборудование;овощечистки;овощечистки;овощечистки;;150;;Офисное;основная;дезинфекция;;;;;;;;;;
172;Технологическое оборудование;отсадочные машины;отсадочные машины;отсадочные машины;;150;;Офисное;основная;мойка;;;;;;;;;;
172;Технологическое оборудование;отсадочные машины;отсадочные машины;отсадочные машины;;150;;Офисное;основная;дезинфекция;;;;;;;;;;
173;Технологическое оборудование;пневматические распылители;пневматические распылители;пневматические распылители;;150;;Офисное;основная;мойка;;;;;;;;;;
173;Технологическое оборудование;пневматические распылители;пневматические распылители;пневматические распылители;;150;;Офисное;основная;дезинфекция;;;;;;;;;;
174;Технологическое оборудование;прессы для теста;прессы для теста;прессы для теста;;150;;Офисное;основная;мойка;;;;;;;;;;
174;Технологическое оборудование;прессы для теста;прессы для теста;прессы для теста;;150;;Офисное;основная;дезинфекция;;;;;;;;;;
175;Технологическое оборудование;производственные столы д;производственные столы деревянные;производственные столы;Д;150;;Офисное;основная;мойка;;;;;;;;;;
175;Технологическое оборудование;производственные столы д;производственные столы деревянные;производственные столы;Д;150;;Офисное;основная;дезинфекция;;;;;;;;;;
176;Технологическое оборудование;производственные столы н;производственные столы из нержавеющий стали;производственные столы;Н;150;;Офисное;основная;мойка;;;;;;;;;;
176;Технологическое оборудование;производственные столы н;производственные столы из нержавеющий стали;производственные столы;Н;150;;Офисное;основная;дезинфекция;;;;;;;;;;
177;Технологическое оборудование;просеиватели мука;просеиватели для муки;просеиватели для муки;;150;;Офисное;основная;мойка;;;;;;;;;;
177;Технологическое оборудование;просеиватели мука;просеиватели для муки;просеиватели для муки;;150;;Офисное;основная;дезинфекция;;;;;;;;;;
178;Технологическое оборудование;просеиватели сахар;просеиватели для сахара;просеиватели для сахара;;150;;Офисное;основная;мойка;;;;;;;;;;
178;Технологическое оборудование;просеиватели сахар;просеиватели для сахара;просеиватели для сахара;;150;;Офисное;основная;дезинфекция;;;;;;;;;;
179;Технологическое оборудование;протирочные машины;протирочные машины;протирочные машины;;150;;Офисное;основная;мойка;;;;;;;;;;
179;Технологическое оборудование;протирочные машины;протирочные машины;протирочные машины;;150;;Офисное;основная;дезинфекция;;;;;;;;;;
180;Технологическое оборудование;распылители для желе и сиропов;распылители для желе и сиропов;распылители для желе и сиропов;;150;;Офисное;основная;мойка;;;;;;;;;;
180;Технологическое оборудование;распылители для желе и сиропов;распылители для желе и сиропов;распылители для желе и сиропов;;150;;Офисное;основная;дезинфекция;;;;;;;;;;
181;Технологическое оборудование;рентгеновские системы контроля;рентгеновские системы контроля;рентгеновские системы контроля;;150;;Офисное;основная;мойка;;;;;;;;;;
181;Технологическое оборудование;рентгеновские системы контроля;рентгеновские системы контроля;рентгеновские системы контроля;;150;;Офисное;основная;дезинфекция;;;;;;;;;;
182;Технологическое оборудование;слайсера;слайсеры;слайсеры;;150;;Офисное;основная;мойка;;;;;;;;;;
182;Технологическое оборудование;слайсера;слайсеры;слайсеры;;150;;Офисное;основная;дезинфекция;;;;;;;;;;
183;Технологическое оборудование;солодоварки;солодоварки;солодоварки;;150;;Офисное;основная;мойка;;;;;;;;;;
183;Технологическое оборудование;солодоварки;солодоварки;солодоварки;;150;;Офисное;основная;дезинфекция;;;;;;;;;;
184;Технологическое оборудование;тарталетницы;тарталетницы;тарталетницы;;150;;Офисное;основная;мойка;;;;;;;;;;
184;Технологическое оборудование;тарталетницы;тарталетницы;тарталетницы;;150;;Офисное;основная;дезинфекция;;;;;;;;;;
185;Технологическое оборудование;термощупы;термощупы;термощупы;;150;;Офисное;основная;мойка;;;;;;;;;;
185;Технологическое оборудование;термощупы;термощупы;термощупы;;150;;Офисное;основная;дезинфекция;;;;;;;;;;
186;Технологическое оборудование;тестоделители;тестоделители;тестоделители;;150;;Офисное;основная;мойка;;;;;;;;;;
186;Технологическое оборудование;тестоделители;тестоделители;тестоделители;;150;;Офисное;основная;дезинфекция;;;;;;;;;;
187;Технологическое оборудование;тестомесы;тестомесы;тестомесы;;150;;Офисное;основная;мойка;;;;;;;;;;
187;Технологическое оборудование;тестомесы;тестомесы;тестомесы;;150;;Офисное;основная;дезинфекция;;;;;;;;;;
188;Технологическое оборудование;тестоокруглители;тестоокруглители;тестоокруглители;;150;;Офисное;основная;мойка;;;;;;;;;;
188;Технологическое оборудование;тестоокруглители;тестоокруглители;тестоокруглители;;150;;Офисное;основная;дезинфекция;;;;;;;;;;
189;Технологическое оборудование;тестораскатки;тестораскатки;тестораскатки;;150;;Офисное;основная;мойка;;;;;;;;;;
189;Технологическое оборудование;тестораскатки;тестораскатки;тестораскатки;;150;;Офисное;основная;дезинфекция;;;;;;;;;;
190;Технологическое оборудование;ультразвуковые нарезки;ультразвуковые нарезки;ультразвуковые нарезки;;150;;Офисное;основная;мойка;;;;;;;;;;
190;Технологическое оборудование;ультразвуковые нарезки;ультразвуковые нарезки;ультразвуковые нарезки;;150;;Офисное;основная;дезинфекция;;;;;;;;;;
191;Технологическое оборудование;ферментаторы;ферментаторы;ферментаторы;;150;;Офисное;основная;мойка;;;;;;;;;;
191;Технологическое оборудование;ферментаторы;ферментаторы;ферментаторы;;150;;Офисное;основная;дезинфекция;;;;;;;;;;
192;Технологическое оборудование;шприц-дозатор начинки;шприц-дозатор начинки;шприц-дозатор начинки;;150;;Офисное;основная;мойка;;;;;;;;;;
192;Технологическое оборудование;шприц-дозатор начинки;шприц-дозатор начинки;шприц-дозатор начинки;;150;;Офисное;основная;дезинфекция;;;;;;;;;;
193;Упаковочное оборудование;flow pack;flow pack;flow pack;;160;;Офисное;основная;мойка;;;;;;;;;;
193;Упаковочное оборудование;flow pack;flow pack;flow pack;;160;;Офисное;основная;дезинфекция;;;;;;;;;;
194;Упаковочное оборудование;автоматическиеклипсаторы;автоматические клипсаторы;автоматические клипсаторы;;160;;Офисное;основная;мойка;;;;;;;;;;
194;Упаковочное оборудование;автоматическиеклипсаторы;автоматические клипсаторы;автоматические клипсаторы;;160;;Офисное;основная;дезинфекция;;;;;;;;;;
195;Упаковочное оборудование;вакуумные упаковщики;вакуумные упаковщики;вакуумные упаковщики;;160;;Офисное;основная;мойка;;;;;;;;;;
195;Упаковочное оборудование;вакуумные упаковщики;вакуумные упаковщики;вакуумные упаковщики;;160;;Офисное;основная;дезинфекция;;;;;;;;;;
196;Упаковочное оборудование;запайщики;запайщики;запайщики;;160;;Офисное;основная;мойка;;;;;;;;;;
196;Упаковочное оборудование;запайщики;запайщики;запайщики;;160;;Офисное;основная;дезинфекция;;;;;;;;;;
197;Упаковочное оборудование;принтера для этикеток;принтер для этикеток;принтер для этикеток;;160;;Офисное;основная;мойка;;;;;;;;;;
197;Упаковочное оборудование;принтера для этикеток;принтер для этикеток;принтер для этикеток;;160;;Офисное;основная;дезинфекция;;;;;;;;;;
198;Упаковочное оборудование;термоусадочные туннели;термоусадочные туннели;термоусадочные туннели;;160;;Офисное;основная;мойка;;;;;;;;;;
198;Упаковочное оборудование;термоусадочные туннели;термоусадочные туннели;термоусадочные туннели;;160;;Офисное;основная;дезинфекция;;;;;;;;;;
199;Упаковочное оборудование;этикетировщики;этикетировщики;этикетировщики;;160;;Офисное;основная;мойка;;;;;;;;;;
199;Упаковочное оборудование;этикетировщики;этикетировщики;этикетировщики;;160;;Офисное;основная;дезинфекция;;;;;;;;;;
200;Сантехническое оборудование;диспенсердозатор;Диспенсер / дозатор для спецжидкостей;;;100;;Производственное;основная;мойка;;;;;;;;по мере заполнения 2/3 объёма;сотрудник внутреннего клининга;
200;Сантехническое оборудование;диспенсердозатор;Диспенсер / дозатор для спецжидкостей;;;100;;Производственное;основная;дезинфекция;;;;;;;;по мере заполнения 2/3 объёма;сотрудник внутреннего клининга;
201;Технологическое оборудование;прибор кисл теста;Прибор для определения кислотности теста;;;100;;Производственное;основная;мойка;;;;;;;;по мере заполнения 2/3 объёма;сотрудник внутреннего клининга;
201;Технологическое оборудование;прибор кисл теста;Прибор для определения кислотности теста;;;100;;Производственное;основная;дезинфекция;;;;;;;;по мере заполнения 2/3 объёма;сотрудник внутреннего клининга;
202;Холодильное оборудование;холодильная витрина;Холодильная витрина;;;100;;Производственное;основная;мойка;;;;;;;;по мере заполнения 2/3 объёма;сотрудник внутреннего клининга;
202;Холодильное оборудование;холодильная витрина;Холодильная витрина;;;100;;Производственное;основная;дезинфекция;;;;;;;;по мере заполнения 2/3 объёма;сотрудник внутреннего клининга;
200;Сантехническое оборудование;диспенсердозатор;Диспенсер / дозатор для спецжидкостей;;;100;;Производственное;основная;мойка;;;;;;;;после каждого удаления отходов;сотрудник внутреннего клининга;
200;Сантехническое оборудование;диспенсердозатор;Диспенсер / дозатор для спецжидкостей;;;100;;Производственное;основная;дезинфекция;;;;;;;;после каждого удаления отходов;сотрудник внутреннего клининга;
200;Сантехническое оборудование;диспенсердозатор;Диспенсер / дозатор для спецжидкостей;;;100;;Производственное;генеральная;мойка;;;;;;;;1 раз в месяц;сотрудник внутреннего клининга;
200;Сантехническое оборудование;диспенсердозатор;Диспенсер / дозатор для спецжидкостей;;;100;;Производственное;генеральная;дезинфекция;;;;;;;;1 раз в месяц;сотрудник внутреннего клининга;
201;Технологическое оборудование;прибор кисл теста;Прибор для определения кислотности теста;;;100;;Производственное;основная;мойка;;;;;;;;после каждого удаления отходов;сотрудник внутреннего клининга;
201;Технологическое оборудование;прибор кисл теста;Прибор для определения кислотности теста;;;100;;Производственное;основная;дезинфекция;;;;;;;;после каждого удаления отходов;сотрудник внутреннего клининга;
201;Технологическое оборудование;прибор кисл теста;Прибор для определения кислотности теста;;;100;;Производственное;генеральная;мойка;;;;;;;;1 раз в месяц;сотрудник внутреннего клининга;
201;Технологическое оборудование;прибор кисл теста;Прибор для определения кислотности теста;;;100;;Производственное;генеральная;дезинфекция;;;;;;;;1 раз в месяц;сотрудник внутреннего клининга;
202;Холодильное оборудование;холодильная витрина;Холодильная витрина;;;100;;Производственное;основная;мойка;;;;;;;;после каждого удаления отходов;сотрудник внутреннего клининга;
202;Холодильное оборудование;холодильная витрина;Холодильная витрина;;;100;;Производственное;основная;дезинфекция;;;;;;;;после каждого удаления отходов;сотрудник внутреннего клининга;
202;Холодильное оборудование;холодильная витрина;Холодильная витрина;;;100;;Производственное;генеральная;мойка;;;;;;;;1 раз в месяц;сотрудник внутреннего клининга;
202;Холодильное оборудование;холодильная витрина;Холодильная витрина;;;100;;Производственное;генеральная;дезинфекция;;;;;;;;1 раз в месяц;сотрудник внутреннего клининга;
200;Сантехническое оборудование;диспенсердозатор;Диспенсер / дозатор для спецжидкостей;;;100;;Производственное;поддерживающая;мойка;;;;;;;;1 раз в 3 месяца обеспыливание;сотрудник внутреннего клининга;
200;Сантехническое оборудование;диспенсердозатор;Диспенсер / дозатор для спецжидкостей;;;100;;Производственное;поддерживающая;дезинфекция;;;;;;;;1 раз в 3 месяца обеспыливание;сотрудник внутреннего клининга;
200;Сантехническое оборудование;диспенсердозатор;Диспенсер / дозатор для спецжидкостей;;;100;;Производственное;генеральная;мойка;;;;;;;;1 раз в 12 месяцев;сотрудник внутреннего клининга;
200;Сантехническое оборудование;диспенсердозатор;Диспенсер / дозатор для спецжидкостей;;;100;;Производственное;генеральная;дезинфекция;;;;;;;;1 раз в 12 месяцев;сотрудник внутреннего клининга;
201;Технологическое оборудование;прибор кисл теста;Прибор для определения кислотности теста;;;100;;Производственное;поддерживающая;мойка;;;;;;;;1 раз в 3 месяца обеспыливание;сотрудник внутреннего клининга;
201;Технологическое оборудование;прибор кисл теста;Прибор для определения кислотности теста;;;100;;Производственное;поддерживающая;дезинфекция;;;;;;;;1 раз в 3 месяца обеспыливание;сотрудник внутреннего клининга;
201;Технологическое оборудование;прибор кисл теста;Прибор для определения кислотности теста;;;100;;Производственное;генеральная;мойка;;;;;;;;1 раз в 12 месяцев;сотрудник внутреннего клининга;
201;Технологическое оборудование;прибор кисл теста;Прибор для определения кислотности теста;;;100;;Производственное;генеральная;дезинфекция;;;;;;;;1 раз в 12 месяцев;сотрудник внутреннего клининга;
202;Холодильное оборудование;холодильная витрина;Холодильная витрина;;;100;;Производственное;поддерживающая;мойка;;;;;;;;1 раз в 3 месяца обеспыливание;сотрудник внутреннего клининга;
202;Холодильное оборудование;холодильная витрина;Холодильная витрина;;;100;;Производственное;поддерживающая;дезинфекция;;;;;;;;1 раз в 3 месяца обеспыливание;сотрудник внутреннего клининга;
202;Холодильное оборудование;холодильная витрина;Холодильная витрина;;;100;;Производственное;генеральная;мойка;;;;;;;;1 раз в 12 месяцев;сотрудник внутреннего клининга;
202;Холодильное оборудование;холодильная витрина;Холодильная витрина;;;100;;Производственное;генеральная;дезинфекция;;;;;;;;1 раз в 12 месяцев;сотрудник внутреннего клининга;
200;Сантехническое оборудование;диспенсердозатор;Диспенсер / дозатор для спецжидкостей;;;100;;Производственное;генеральная;мойка;;;;;;;;1 раз в 6 месяцев;сотрудник внутреннего клининга;
200;Сантехническое оборудование;диспенсердозатор;Диспенсер / дозатор для спецжидкостей;;;100;;Производственное;генеральная;дезинфекция;;;;;;;;1 раз в 6 месяцев;сотрудник внутреннего клининга;
201;Технологическое оборудование;прибор кисл теста;Прибор для определения кислотности теста;;;100;;Производственное;генеральная;мойка;;;;;;;;1 раз в 6 месяцев;сотрудник внутреннего клининга;
201;Технологическое оборудование;прибор кисл теста;Прибор для определения кислотности теста;;;100;;Производственное;генеральная;дезинфекция;;;;;;;;1 раз в 6 месяцев;сотрудник внутреннего клининга;
202;Холодильное оборудование;холодильная витрина;Холодильная витрина;;;100;;Производственное;генеральная;мойка;;;;;;;;1 раз в 6 месяцев;сотрудник внутреннего клининга;
202;Холодильное оборудование;холодильная витрина;Холодильная витрина;;;100;;Производственное;генеральная;дезинфекция;;;;;;;;1 раз в 6 месяцев;сотрудник внутреннего клининга;
5;Поверхности;вентиляционные трубы;вентиляционные трубы;вентиляционные трубы;;30;;Производственное;поддерживающая;мойка;;;;;;;;1 раз в 3 месяца обеспыливание;сотрудник внутреннего клининга;
5;Поверхности;вентиляционные трубы;вентиляционные трубы;вентиляционные трубы;;30;;Производственное;поддерживающая;дезинфекция;;;;;;;;1 раз в 3 месяца обеспыливание;сотрудник внутреннего клининга;
5;Поверхности;вентиляционные трубы;вентиляционные трубы;вентиляционные трубы;;30;;Производственное;генеральная;мойка;;;;;;;;1 раз в 6/12 месяцев;сотрудник внутреннего клининга;
5;Поверхности;вентиляционные трубы;вентиляционные трубы;вентиляционные трубы;;30;;Производственное;генеральная;дезинфекция;;;;;;;;1 раз в 6/12 месяцев;сотрудник внутреннего клининга;
200;Сантехническое оборудование;диспенсердозатор;Диспенсер / дозатор для спецжидкостей;;;100;;Производственное;генеральная;мойка;;;;;;;;1 раз в 6/12 месяцев;сотрудник внутреннего клининга;
200;Сантехническое оборудование;диспенсердозатор;Диспенсер / дозатор для спецжидкостей;;;100;;Производственное;генеральная;дезинфекция;;;;;;;;1 раз в 6/12 месяцев;сотрудник внутреннего клининга;
201;Технологическое оборудование;прибор кисл теста;Прибор для определения кислотности теста;;;100;;Производственное;генеральная;мойка;;;;;;;;1 раз в 6/12 месяцев;сотрудник внутреннего клининга;
201;Технологическое оборудование;прибор кисл теста;Прибор для определения кислотности теста;;;100;;Производственное;генеральная;дезинфекция;;;;;;;;1 раз в 6/12 месяцев;сотрудник внутреннего клининга;
202;Холодильное оборудование;холодильная витрина;Холодильная витрина;;;100;;Производственное;генеральная;мойка;;;;;;;;1 раз в 6/12 месяцев;сотрудник внутреннего клининга;
202;Холодильное оборудование;холодильная витрина;Холодильная витрина;;;100;;Производственное;генеральная;дезинфекция;;;;;;;;1 раз в 6/12 месяцев;сотрудник внутреннего клининга;
18;Поверхности;диффузоры;диффузоры;диффузоры;;35;;Производственное;поддерживающая;мойка;;;;;;;;1 раз в 3 месяца обеспыливание;сотрудник внутреннего клининга;
18;Поверхности;диффузоры;диффузоры;диффузоры;;35;;Производственное;поддерживающая;дезинфекция;;;;;;;;1 раз в 3 месяца обеспыливание;сотрудник внутреннего клининга;
18;Поверхности;диффузоры;диффузоры;диффузоры;;35;;Производственное;генеральная;мойка;;;;;;;;1 раз в 6/12 месяцев;сотрудник внутреннего клининга;
18;Поверхности;диффузоры;диффузоры;диффузоры;;35;;Производственное;генеральная;дезинфекция;;;;;;;;1 раз в 6/12 месяцев;сотрудник внутреннего клининга;
39;Поверхности;светильники;светильники;светильники;;20;;Производственное;поддерживающая;мойка;;;;;;;;1 раз в 3 месяца обеспыливание;сотрудник внутреннего клининга;
39;Поверхности;светильники;светильники;светильники;;20;;Производственное;поддерживающая;дезинфекция;;;;;;;;1 раз в 3 месяца обеспыливание;сотрудник внутреннего клининга;
39;Поверхности;светильники;светильники;светильники;;20;;Производственное;генеральная;мойка;;;;;;;;1 раз в 6/12 месяцев;сотрудник внутреннего клининга;
39;Поверхности;светильники;светильники;светильники;;20;;Производственное;генеральная;дезинфекция;;;;;;;;1 раз в 6/12 месяцев;сотрудник внутреннего клининга;
21;Поверхности;инсектицидные лампы;инсектицидные лампы;инсектицидные лампы;;45;;Производственное;генеральная;мойка;;;;;;;;1 раз в месяц;сотрудник инженерной службы;
200;Сантехническое оборудование;диспенсердозатор;Диспенсер / дозатор для спецжидкостей;;;100;;Производственное;генеральная;мойка;;;;;;;;1 раз в месяц;сотрудник инженерной службы;
201;Технологическое оборудование;прибор кисл теста;Прибор для определения кислотности теста;;;100;;Производственное;генеральная;мойка;;;;;;;;1 раз в месяц;сотрудник инженерной службы;
202;Холодильное оборудование;холодильная витрина;Холодильная витрина;;;100;;Производственное;генеральная;мойка;;;;;;;;1 раз в месяц;сотрудник инженерной службы;
41;Поверхности;стены (выше 2 м);стены (выше 2 м);стены (выше 2 м);;30;;Производственное;поддерживающая;мойка;;;;;;;;1 раз в 3 месяца обеспыливание;сотрудник внутреннего клининга;
41;Поверхности;стены (выше 2 м);стены (выше 2 м);стены (выше 2 м);;30;;Производственное;поддерживающая;дезинфекция;;;;;;;;1 раз в 3 месяца обеспыливание;сотрудник внутреннего клининга;
41;Поверхности;стены (выше 2 м);стены (выше 2 м);стены (выше 2 м);;30;;Производственное;генеральная;мойка;;;;;;;;1 раз в 6 месяцев;сотрудник внутреннего клининга;
41;Поверхности;стены (выше 2 м);стены (выше 2 м);стены (выше 2 м);;30;;Производственное;генеральная;дезинфекция;;;;;;;;1 раз в 6 месяцев;сотрудник внутреннего клининга;
22;Поверхности;кабель-каналы;кабель-каналы;кабель-каналы;;60;;Производственное;поддерживающая;мойка;;;;;;;;1 раз в 3 месяца обеспыливание;сотрудник внутреннего клининга;
22;Поверхности;кабель-каналы;кабель-каналы;кабель-каналы;;60;;Производственное;поддерживающая;дезинфекция;;;;;;;;1 раз в 3 месяца обеспыливание;сотрудник внутреннего клининга;
22;Поверхности;кабель-каналы;кабель-каналы;кабель-каналы;;60;;Производственное;генеральная;мойка;;;;;;;;1 раз в 6 месяцев;сотрудник внутреннего клининга;
22;Поверхности;кабель-каналы;кабель-каналы;кабель-каналы;;60;;Производственное;генеральная;дезинфекция;;;;;;;;1 раз в 6 месяцев;сотрудник внутреннего клининга;
6;Поверхности;водопроводные трубы;водопроводные трубы;водопроводные трубы;;60;;Производственное;поддерживающая;мойка;;;;;;;;1 раз в 3 месяца обеспыливание;сотрудник внутреннего клининга;
6;Поверхности;водопроводные трубы;водопроводные трубы;водопроводные трубы;;60;;Производственное;поддерживающая;дезинфекция;;;;;;;;1 раз в 3 месяца обеспыливание;сотрудник внутреннего клининга;
6;Поверхности;водопроводные трубы;водопроводные трубы;водопроводные трубы;;60;;Производственное;генеральная;мойка;;;;;;;;1 раз в 6 месяцев;сотрудник внутреннего клининга;
6;Поверхности;водопроводные трубы;водопроводные трубы;водопроводные трубы;;60;;Производственное;генеральная;дезинфекция;;;;;;;;1 раз в 6 месяцев;сотрудник внутреннего клининга;
71;Мебель;стеллажи;стеллажи;стеллажи;;130;;Производственное;поддерживающая;мойка;;;;;;;;1 раз в 3 месяца обеспыливание;сотрудник внутреннего клининга;
71;Мебель;стеллажи;стеллажи;стеллажи;;130;;Производственное;поддерживающая;дезинфекция;;;;;;;;1 раз в 3 месяца обеспыливание;сотрудник внутреннего клининга;
71;Мебель;стеллажи;стеллажи;стеллажи;;130;;Производственное;генеральная;мойка;;;;;;;;1 раз в 6 месяцев;сотрудник внутреннего клининга;
71;Мебель;стеллажи;стеллажи;стеллажи;;130;;Производственное;генеральная;дезинфекция;;;;;;;;1 раз в 6 месяцев;сотрудник внутреннего клининга;
42;Поверхности;стены (до 2 м);стены (до 2 м);стены (до 2 м);;40;;Производственное;генеральная;мойка;;;;;;;;1 раз в месяц;сотрудник внутреннего клининга;
42;Поверхности;стены (до 2 м);стены (до 2 м);стены (до 2 м);;40;;Производственное;генеральная;дезинфекция;;;;;;;;1 раз в месяц;сотрудник внутреннего клининга;
6;Поверхности;водопроводные трубы;водопроводные трубы;водопроводные трубы;;60;;Производственное;генеральная;мойка;;;;;;;;1 раз в месяц;сотрудник внутреннего клининга;
6;Поверхности;водопроводные трубы;водопроводные трубы;водопроводные трубы;;60;;Производственное;генеральная;дезинфекция;;;;;;;;1 раз в месяц;сотрудник внутреннего клининга;
22;Поверхности;кабель-каналы;кабель-каналы;кабель-каналы;;60;;Производственное;генеральная;мойка;;;;;;;;1 раз в месяц;сотрудник внутреннего клининга;
22;Поверхности;кабель-каналы;кабель-каналы;кабель-каналы;;60;;Производственное;генеральная;дезинфекция;;;;;;;;1 раз в месяц;сотрудник внутреннего клининга;
38;Поверхности;розетки;розетки;розетки;;65;;Производственное;генеральная;мойка;;;;;;;;1 раз в месяц;сотрудник внутреннего клининга;
38;Поверхности;розетки;розетки;розетки;;65;;Производственное;генеральная;дезинфекция;;;;;;;;1 раз в месяц;сотрудник внутреннего клининга;
12;Поверхности;двери;двери;двери;;90;;Производственное;генеральная;мойка;;;;;;;;1 раз в месяц;сотрудник внутреннего клининга;
12;Поверхности;двери;двери;двери;;90;;Производственное;генеральная;дезинфекция;;;;;;;;1 раз в месяц;сотрудник внутреннего клининга;
48;Поверхности;электрощиты;электрощит;электрощит;;70;;Производственное;генеральная;мойка;;;;;;;;1 раз в месяц;сотрудник внутреннего клининга;
48;Поверхности;электрощиты;электрощит;электрощит;;70;;Производственное;генеральная;дезинфекция;;;;;;;;1 раз в месяц;сотрудник внутреннего клининга;
30;Поверхности;отопительные приборы;отопительные приборы;отопительные приборы;;70;;Производственное;поддерживающая;мойка;;;;;;;;1 раз в месяц обеспыливание;сотрудник внутреннего клининга;
30;Поверхности;отопительные приборы;отопительные приборы;отопительные приборы;;70;;Производственное;поддерживающая;дезинфекция;;;;;;;;1 раз в месяц обеспыливание;сотрудник внутреннего клининга;
30;Поверхности;отопительные приборы;отопительные приборы;отопительные приборы;;70;;Производственное;генеральная;мойка;;;;;;;;1 раз в 6 месяцев;сотрудник внутреннего клининга;
30;Поверхности;отопительные приборы;отопительные приборы;отопительные приборы;;70;;Производственное;генеральная;дезинфекция;;;;;;;;1 раз в 6 месяцев;сотрудник внутреннего клининга;
200;Сантехническое оборудование;диспенсердозатор;Диспенсер / дозатор для спецжидкостей;;;100;;Производственное;поддерживающая;мойка;;;;;;;;1 раз в месяц обеспыливание;сотрудник внутреннего клининга;
200;Сантехническое оборудование;диспенсердозатор;Диспенсер / дозатор для спецжидкостей;;;100;;Производственное;поддерживающая;дезинфекция;;;;;;;;1 раз в месяц обеспыливание;сотрудник внутреннего клининга;
201;Технологическое оборудование;прибор кисл теста;Прибор для определения кислотности теста;;;100;;Производственное;поддерживающая;мойка;;;;;;;;1 раз в месяц обеспыливание;сотрудник внутреннего клининга;
201;Технологическое оборудование;прибор кисл теста;Прибор для определения кислотности теста;;;100;;Производственное;поддерживающая;дезинфекция;;;;;;;;1 раз в месяц обеспыливание;сотрудник внутреннего клининга;
202;Холодильное оборудование;холодильная витрина;Холодильная витрина;;;100;;Производственное;поддерживающая;мойка;;;;;;;;1 раз в месяц обеспыливание;сотрудник внутреннего клининга;
202;Холодильное оборудование;холодильная витрина;Холодильная витрина;;;100;;Производственное;поддерживающая;дезинфекция;;;;;;;;1 раз в месяц обеспыливание;сотрудник внутреннего клининга;
28;Поверхности;окна внешние;окна внешние;окна внешние;;55;;Производственное;генеральная;мойка;;;;;;;;1 раз в месяц (летний период);сотрудник внутреннего клининга;
200;Сантехническое оборудование;диспенсердозатор;Диспенсер / дозатор для спецжидкостей;;;100;;Производственное;генеральная;мойка;;;;;;;;1 раз в месяц (летний период);сотрудник внутреннего клининга;
201;Технологическое оборудование;прибор кисл теста;Прибор для определения кислотности теста;;;100;;Производственное;генеральная;мойка;;;;;;;;1 раз в месяц (летний период);сотрудник внутреннего клининга;
202;Холодильное оборудование;холодильная витрина;Холодильная витрина;;;100;;Производственное;генеральная;мойка;;;;;;;;1 раз в месяц (летний период);сотрудник внутреннего клининга;
200;Сантехническое оборудование;диспенсердозатор;Диспенсер / дозатор для спецжидкостей;;;100;;Производственное;основная;мойка;;;;;;;;1 раз в неделю;сотрудник внутреннего клининга;
201;Технологическое оборудование;прибор кисл теста;Прибор для определения кислотности теста;;;100;;Производственное;основная;мойка;;;;;;;;1 раз в неделю;сотрудник внутреннего клининга;
202;Холодильное оборудование;холодильная витрина;Холодильная витрина;;;100;;Производственное;основная;мойка;;;;;;;;1 раз в неделю;сотрудник внутреннего клининга;
13;Поверхности;дверные ручки;дверные ручки;дверные ручки;;65;;Производственное;поддерживающая;дезинфекция;;;;;;;;2 раза в смену;сотрудник внутреннего клининга;
13;Поверхности;дверные ручки;дверные ручки;дверные ручки;;65;;Производственное;генеральная;мойка;;;;;;;;1 раз в месяц;сотрудник внутреннего клининга;
13;Поверхности;дверные ручки;дверные ручки;дверные ручки;;65;;Производственное;генеральная;дезинфекция;;;;;;;;1 раз в месяц;сотрудник внутреннего клининга;
200;Сантехническое оборудование;диспенсердозатор;Диспенсер / дозатор для спецжидкостей;;;100;;Производственное;поддерживающая;дезинфекция;;;;;;;;2 раза в смену;сотрудник внутреннего клининга;
201;Технологическое оборудование;прибор кисл теста;Прибор для определения кислотности теста;;;100;;Производственное;поддерживающая;дезинфекция;;;;;;;;2 раза в смену;сотрудник внутреннего клининга;
202;Холодильное оборудование;холодильная витрина;Холодильная витрина;;;100;;Производственное;поддерживающая;дезинфекция;;;;;;;;2 раза в смену;сотрудник внутреннего клининга;
8;Поверхности;выключатели;выключатели;выключатели;;65;;Производственное;поддерживающая;дезинфекция;;;;;;;;2 раза в смену;сотрудник внутреннего клининга;
8;Поверхности;выключатели;выключатели;выключатели;;65;;Производственное;генеральная;мойка;;;;;;;;1 раз в месяц;сотрудник внутреннего клининга;
8;Поверхности;выключатели;выключатели;выключатели;;65;;Производственное;генеральная;дезинфекция;;;;;;;;1 раз в месяц;сотрудник внутреннего клининга;
61;Санитарный пост;дозаторы для мылаантисептика;дозаторы для мыла и антисептика;дозаторы для мыла и антисептика;;110;;Производственное;основная;мойка;;;;;;;;при замене продукта;сотрудник внутреннего клининга;
61;Санитарный пост;дозаторы для мылаантисептика;дозаторы для мыла и антисептика;дозаторы для мыла и антисептика;;110;;Производственное;основная;дезинфекция;;;;;;;;при замене продукта;сотрудник внутреннего клининга;
61;Санитарный пост;дозаторы для мылаантисептика;дозаторы для мыла и антисептика;дозаторы для мыла и антисептика;;110;;Производственное;поддерживающая;дезинфекция;;;;;;;;2 раза в смену;сотрудник внутреннего клининга;
61;Санитарный пост;дозаторы для мылаантисептика;дозаторы для мыла и антисептика;дозаторы для мыла и антисептика;;110;;Производственное;генеральная;мойка;;;;;;;;1 раз в месяц;сотрудник внутреннего клининга;
61;Санитарный пост;дозаторы для мылаантисептика;дозаторы для мыла и антисептика;дозаторы для мыла и антисептика;;110;;Производственное;генеральная;дезинфекция;;;;;;;;1 раз в месяц;сотрудник внутреннего клининга;
200;Сантехническое оборудование;диспенсердозатор;Диспенсер / дозатор для спецжидкостей;;;100;;Производственное;основная;мойка;;;;;;;;при замене продукта;сотрудник внутреннего клининга;
200;Сантехническое оборудование;диспенсердозатор;Диспенсер / дозатор для спецжидкостей;;;100;;Производственное;основная;дезинфекция;;;;;;;;при замене продукта;сотрудник внутреннего клининга;
201;Технологическое оборудование;прибор кисл теста;Прибор для определения кислотности теста;;;100;;Производственное;основная;мойка;;;;;;;;при замене продукта;сотрудник внутреннего клининга;
201;Технологическое оборудование;прибор кисл теста;Прибор для определения кислотности теста;;;100;;Производственное;основная;дезинфекция;;;;;;;;при замене продукта;сотрудник внутреннего клининга;
202;Холодильное оборудование;холодильная витрина;Холодильная витрина;;;100;;Производственное;основная;мойка;;;;;;;;при замене продукта;сотрудник внутреннего клининга;
202;Холодильное оборудование;холодильная витрина;Холодильная витрина;;;100;;Производственное;основная;дезинфекция;;;;;;;;при замене продукта;сотрудник внутреннего клининга;
1;Поверхности;пол;пол;пол;;200;;Производственное;основная;мойка;;;;;;;;1 раз в неделю;сотрудник внутреннего клининга;
1;Поверхности;пол;пол;пол;;200;;Производственное;основная;дезинфекция;;;;;;;;1 раз в неделю;сотрудник внутреннего клининга;
1;Поверхности;пол;пол;пол;;200;;Производственное;генеральная;мойка;;;;;;;;1 раз в месяц;сотрудник внутреннего клининга;
1;Поверхности;пол;пол;пол;;200;;Производственное;генеральная;дезинфекция;;;;;;;;1 раз в месяц;сотрудник внутреннего клининга;
200;Сантехническое оборудование;диспенсердозатор;Диспенсер / дозатор для спецжидкостей;;;100;;Производственное;основная;дезинфекция;;;;;;;;1 раз в неделю;сотрудник внутреннего клининга;
201;Технологическое оборудование;прибор кисл теста;Прибор для определения кислотности теста;;;100;;Производственное;основная;дезинфекция;;;;;;;;1 раз в неделю;сотрудник внутреннего клининга;
202;Холодильное оборудование;холодильная витрина;Холодильная витрина;;;100;;Производственное;основная;дезинфекция;;;;;;;;1 раз в неделю;сотрудник внутреннего клининга;
200;Сантехническое оборудование;диспенсердозатор;Диспенсер / дозатор для спецжидкостей;;;100;;Производственное;основная;мойка;;;;;;;;1 раз в смену;сотрудник внутреннего клининга;
200;Сантехническое оборудование;диспенсердозатор;Диспенсер / дозатор для спецжидкостей;;;100;;Производственное;основная;дезинфекция;;;;;;;;1 раз в смену;сотрудник внутреннего клининга;
201;Технологическое оборудование;прибор кисл теста;Прибор для определения кислотности теста;;;100;;Производственное;основная;мойка;;;;;;;;1 раз в смену;сотрудник внутреннего клининга;
201;Технологическое оборудование;прибор кисл теста;Прибор для определения кислотности теста;;;100;;Производственное;основная;дезинфекция;;;;;;;;1 раз в смену;сотрудник внутреннего клининга;
202;Холодильное оборудование;холодильная витрина;Холодильная витрина;;;100;;Производственное;основная;мойка;;;;;;;;1 раз в смену;сотрудник внутреннего клининга;
202;Холодильное оборудование;холодильная витрина;Холодильная витрина;;;100;;Производственное;основная;дезинфекция;;;;;;;;1 раз в смену;сотрудник внутреннего клининга;
75;Мебель;шкафы;шкафы;шкафы;;130;;Производственное;основная;мойка;;;;;;;;1 раз в неделю;сотрудник внутреннего клининга;
75;Мебель;шкафы;шкафы;шкафы;;130;;Производственное;основная;дезинфекция;;;;;;;;1 раз в неделю;сотрудник внутреннего клининга;
75;Мебель;шкафы;шкафы;шкафы;;130;;Производственное;генеральная;мойка;;;;;;;;1 раз в месяц;сотрудник внутреннего клининга;
75;Мебель;шкафы;шкафы;шкафы;;130;;Производственное;генеральная;дезинфекция;;;;;;;;1 раз в месяц;сотрудник внутреннего клининга;
71;Мебель;стеллажи;стеллажи;стеллажи;;130;;Производственное;основная;мойка;;;;;;;;1 раз в неделю;сотрудник внутреннего клининга;
71;Мебель;стеллажи;стеллажи;стеллажи;;130;;Производственное;основная;дезинфекция;;;;;;;;1 раз в неделю;сотрудник внутреннего клининга;
71;Мебель;стеллажи;стеллажи;стеллажи;;130;;Производственное;генеральная;мойка;;;;;;;;1 раз в месяц;сотрудник внутреннего клининга;
71;Мебель;стеллажи;стеллажи;стеллажи;;130;;Производственное;генеральная;дезинфекция;;;;;;;;1 раз в месяц;сотрудник внутреннего клининга;
69;Мебель;полки;полки;полки;;130;;Производственное;основная;мойка;;;;;;;;1 раз в неделю;сотрудник внутреннего клининга;
69;Мебель;полки;полки;полки;;130;;Производственное;основная;дезинфекция;;;;;;;;1 раз в неделю;сотрудник внутреннего клининга;
69;Мебель;полки;полки;полки;;130;;Производственное;генеральная;мойка;;;;;;;;1 раз в месяц;сотрудник внутреннего клининга;
69;Мебель;полки;полки;полки;;130;;Производственное;генеральная;дезинфекция;;;;;;;;1 раз в месяц;сотрудник внутреннего клининга;
76;Офисная техника;компьютеры;компьютер;компьютер;;140;;Производственное;генеральная;мойка;;;;;;;;1 раз в месяц;сотрудник внутреннего клининга;
77;Офисная техника;мониторы;монитор;монитор;;140;;Производственное;генеральная;мойка;;;;;;;;1 раз в месяц;сотрудник внутреннего клининга;
78;Офисная техника;принтера;принтер;принтер;;140;;Производственное;генеральная;мойка;;;;;;;;1 раз в месяц;сотрудник внутреннего клининга;
53;Сантехническое оборудование;раковина;раковина;раковина;;90;;Производственное;основная;мойка;;;;;;;;1 раз в смену;сотрудник внутреннего клининга;
53;Сантехническое оборудование;раковина;раковина;раковина;;90;;Производственное;основная;дезинфекция;;;;;;;;1 раз в смену;сотрудник внутреннего клининга;
53;Сантехническое оборудование;раковина;раковина;раковина;;90;;Производственное;генеральная;мойка;;;;;;;;1 раз в месяц;сотрудник внутреннего клининга;
53;Сантехническое оборудование;раковина;раковина;раковина;;90;;Производственное;генеральная;дезинфекция;;;;;;;;1 раз в месяц;сотрудник внутреннего клининга;
54;Сантехническое оборудование;смеситель;смеситель;смеситель;;90;;Производственное;основная;мойка;;;;;;;;1 раз в смену;сотрудник внутреннего клининга;
54;Сантехническое оборудование;смеситель;смеситель;смеситель;;90;;Производственное;основная;дезинфекция;;;;;;;;1 раз в смену;сотрудник внутреннего клининга;
54;Сантехническое оборудование;смеситель;смеситель;смеситель;;90;;Производственное;генеральная;мойка;;;;;;;;1 раз в месяц;сотрудник внутреннего клининга;
54;Сантехническое оборудование;смеситель;смеситель;смеситель;;90;;Производственное;генеральная;дезинфекция;;;;;;;;1 раз в месяц;сотрудник внутреннего клининга;
55;Сантехническое оборудование;технологическая мойка;технологическая мойка;технологическая мойка;;100;;Производственное;основная;мойка;;;;;;;;1 раз в смену;сотрудник внутреннего клининга;
55;Сантехническое оборудование;технологическая мойка;технологическая мойка;технологическая мойка;;100;;Производственное;основная;дезинфекция;;;;;;;;1 раз в смену;сотрудник внутреннего клининга;
55;Сантехническое оборудование;технологическая мойка;технологическая мойка;технологическая мойка;;100;;Производственное;генеральная;мойка;;;;;;;;1 раз в месяц;сотрудник внутреннего клининга;
55;Сантехническое оборудование;технологическая мойка;технологическая мойка;технологическая мойка;;100;;Производственное;генеральная;дезинфекция;;;;;;;;1 раз в месяц;сотрудник внутреннего клининга;
64;Санитарный пост;санитарный пост;санитарный пост;санитарный пост;;110;;Производственное;основная;мойка;;;;;;;;1 раз в смену;сотрудник внутреннего клининга;
64;Санитарный пост;санитарный пост;санитарный пост;санитарный пост;;110;;Производственное;основная;дезинфекция;;;;;;;;1 раз в смену;сотрудник внутреннего клининга;
64;Санитарный пост;санитарный пост;санитарный пост;санитарный пост;;110;;Производственное;генеральная;мойка;;;;;;;;1 раз в месяц;сотрудник внутреннего клининга;
64;Санитарный пост;санитарный пост;санитарный пост;санитарный пост;;110;;Производственное;генеральная;дезинфекция;;;;;;;;1 раз в месяц;сотрудник внутреннего клининга;
31;Поверхности;пластиковые паллеты;пластиковые паллеты;пластиковые паллеты;;175;;Производственное;генеральная;мойка;;;;;;;;1 раз в месяц;сотрудник производства;
31;Поверхности;пластиковые паллеты;пластиковые паллеты;пластиковые паллеты;;175;;Производственное;генеральная;дезинфекция;;;;;;;;1 раз в месяц;сотрудник производства;
200;Сантехническое оборудование;диспенсердозатор;Диспенсер / дозатор для спецжидкостей;;;100;;Производственное;генеральная;мойка;;;;;;;;1 раз в месяц;сотрудник производства;
200;Сантехническое оборудование;диспенсердозатор;Диспенсер / дозатор для спецжидкостей;;;100;;Производственное;генеральная;дезинфекция;;;;;;;;1 раз в месяц;сотрудник производства;
201;Технологическое оборудование;прибор кисл теста;Прибор для определения кислотности теста;;;100;;Производственное;генеральная;мойка;;;;;;;;1 раз в месяц;сотрудник производства;
201;Технологическое оборудование;прибор кисл теста;Прибор для определения кислотности теста;;;100;;Производственное;генеральная;дезинфекция;;;;;;;;1 раз в месяц;сотрудник производства;
202;Холодильное оборудование;холодильная витрина;Холодильная витрина;;;100;;Производственное;генеральная;мойка;;;;;;;;1 раз в месяц;сотрудник производства;
202;Холодильное оборудование;холодильная витрина;Холодильная витрина;;;100;;Производственное;генеральная;дезинфекция;;;;;;;;1 раз в месяц;сотрудник производства;
1;Поверхности;пол;пол;пол;;200;;Производственное;генеральная;мойка;;;;;;;;1 раз в месяц;сотрудник производства;
1;Поверхности;пол;пол;пол;;200;;Производственное;генеральная;дезинфекция;;;;;;;;1 раз в месяц;сотрудник производства;
200;Сантехническое оборудование;диспенсердозатор;Диспенсер / дозатор для спецжидкостей;;;100;;Производственное;основная;мойка;;;;;;;;1 раз в неделю(внешние поверхности);сотрудник производства;
200;Сантехническое оборудование;диспенсердозатор;Диспенсер / дозатор для спецжидкостей;;;100;;Производственное;основная;дезинфекция;;;;;;;;1 раз в неделю(внешние поверхности);сотрудник производства;
200;Сантехническое оборудование;диспенсердозатор;Диспенсер / дозатор для спецжидкостей;;;100;;Производственное;генеральная;мойка;;;;;;;;по мере освобождения(внешние и внутренние поверхности);сотрудник внутреннего клининга;
200;Сантехническое оборудование;диспенсердозатор;Диспенсер / дозатор для спецжидкостей;;;100;;Производственное;генеральная;дезинфекция;;;;;;;;по мере освобождения(внешние и внутренние поверхности);сотрудник внутреннего клининга;
201;Технологическое оборудование;прибор кисл теста;Прибор для определения кислотности теста;;;100;;Производственное;основная;мойка;;;;;;;;1 раз в неделю(внешние поверхности);сотрудник производства;
201;Технологическое оборудование;прибор кисл теста;Прибор для определения кислотности теста;;;100;;Производственное;основная;дезинфекция;;;;;;;;1 раз в неделю(внешние поверхности);сотрудник производства;
201;Технологическое оборудование;прибор кисл теста;Прибор для определения кислотности теста;;;100;;Производственное;генеральная;мойка;;;;;;;;по мере освобождения(внешние и внутренние поверхности);сотрудник внутреннего клининга;
201;Технологическое оборудование;прибор кисл теста;Прибор для определения кислотности теста;;;100;;Производственное;генеральная;дезинфекция;;;;;;;;по мере освобождения(внешние и внутренние поверхности);сотрудник внутреннего клининга;
202;Холодильное оборудование;холодильная витрина;Холодильная витрина;;;100;;Производственное;основная;мойка;;;;;;;;1 раз в неделю(внешние поверхности);сотрудник производства;
202;Холодильное оборудование;холодильная витрина;Холодильная витрина;;;100;;Производственное;основная;дезинфекция;;;;;;;;1 раз в неделю(внешние поверхности);сотрудник производства;
202;Холодильное оборудование;холодильная витрина;Холодильная витрина;;;100;;Производственное;генеральная;мойка;;;;;;;;по мере освобождения(внешние и внутренние поверхности);сотрудник внутреннего клининга;
202;Холодильное оборудование;холодильная витрина;Холодильная витрина;;;100;;Производственное;генеральная;дезинфекция;;;;;;;;по мере освобождения(внешние и внутренние поверхности);сотрудник внутреннего клининга;
11;Поверхности;гидравлические тележки;гидравлические тележки;гидравлические тележки;;180;;Производственное;основная;мойка;;;;;;;;1 раз в неделю;сотрудник производства;
11;Поверхности;гидравлические тележки;гидравлические тележки;гидравлические тележки;;180;;Производственное;основная;дезинфекция;;;;;;;;1 раз в неделю;сотрудник производства;
11;Поверхности;гидравлические тележки;гидравлические тележки;гидравлические тележки;;180;;Производственное;генеральная;мойка;;;;;;;;1 раз в месяц;сотрудник производства;
11;Поверхности;гидравлические тележки;гидравлические тележки;гидравлические тележки;;180;;Производственное;генеральная;дезинфекция;;;;;;;;1 раз в месяц;сотрудник производства;
114;Инвентарь, посуда и т.д.;тележки;тележки;тележки;;150;;Производственное;основная;мойка;;;;;;;;1 раз в неделю;сотрудник производства;
114;Инвентарь, посуда и т.д.;тележки;тележки;тележки;;150;;Производственное;основная;дезинфекция;;;;;;;;1 раз в неделю;сотрудник производства;
114;Инвентарь, посуда и т.д.;тележки;тележки;тележки;;150;;Производственное;генеральная;мойка;;;;;;;;1 раз в месяц;сотрудник производства;
114;Инвентарь, посуда и т.д.;тележки;тележки;тележки;;150;;Производственное;генеральная;дезинфекция;;;;;;;;1 раз в месяц;сотрудник производства;
200;Сантехническое оборудование;диспенсердозатор;Диспенсер / дозатор для спецжидкостей;;;100;;Производственное;основная;мойка;;;;;;;;1 раз в неделю;сотрудник производства;
200;Сантехническое оборудование;диспенсердозатор;Диспенсер / дозатор для спецжидкостей;;;100;;Производственное;основная;дезинфекция;;;;;;;;1 раз в неделю;сотрудник производства;
201;Технологическое оборудование;прибор кисл теста;Прибор для определения кислотности теста;;;100;;Производственное;основная;мойка;;;;;;;;1 раз в неделю;сотрудник производства;
201;Технологическое оборудование;прибор кисл теста;Прибор для определения кислотности теста;;;100;;Производственное;основная;дезинфекция;;;;;;;;1 раз в неделю;сотрудник производства;
202;Холодильное оборудование;холодильная витрина;Холодильная витрина;;;100;;Производственное;основная;мойка;;;;;;;;1 раз в неделю;сотрудник производства;
202;Холодильное оборудование;холодильная витрина;Холодильная витрина;;;100;;Производственное;основная;дезинфекция;;;;;;;;1 раз в неделю;сотрудник производства;
17;Поверхности;держатели для ножей;держатели для ножей;держатели для ножей;;70;;Производственное;основная;мойка;;;;;;;;1 раз в смену;сотрудник производства;
17;Поверхности;держатели для ножей;держатели для ножей;держатели для ножей;;70;;Производственное;генеральная;мойка;;;;;;;;1 раз в месяц;сотрудник производства;
17;Поверхности;держатели для ножей;держатели для ножей;держатели для ножей;;70;;Производственное;генеральная;дезинфекция;;;;;;;;1 раз в месяц;сотрудник производства;
200;Сантехническое оборудование;диспенсердозатор;Диспенсер / дозатор для спецжидкостей;;;100;;Производственное;основная;мойка;;;;;;;;1 раз в смену;сотрудник производства;
201;Технологическое оборудование;прибор кисл теста;Прибор для определения кислотности теста;;;100;;Производственное;основная;мойка;;;;;;;;1 раз в смену;сотрудник производства;
202;Холодильное оборудование;холодильная витрина;Холодильная витрина;;;100;;Производственное;основная;мойка;;;;;;;;1 раз в смену;сотрудник производства;
15;Поверхности;держатели для досок;держатели для досок;держатели для досок;;70;;Производственное;основная;мойка;;;;;;;;1 раз в смену;сотрудник производства;
15;Поверхности;держатели для досок;держатели для досок;держатели для досок;;70;;Производственное;генеральная;мойка;;;;;;;;1 раз в месяц;сотрудник производства;
15;Поверхности;держатели для досок;держатели для досок;держатели для досок;;70;;Производственное;генеральная;дезинфекция;;;;;;;;1 раз в месяц;сотрудник производства;
32;Поверхности;пластиковые подкаты;пластиковые подкаты;пластиковые подкаты;;175;;Производственное;генеральная;мойка;;;;;;;;1 раз в месяц;сотрудник производства;
32;Поверхности;пластиковые подкаты;пластиковые подкаты;пластиковые подкаты;;175;;Производственное;генеральная;дезинфекция;;;;;;;;1 раз в месяц;сотрудник производства;
1;Поверхности;пол;пол;пол;;200;;Производственное;поддерживающая;дезинфекция;;;;;;;;1 раз в смену;сотрудник внутреннего клининга;
1;Поверхности;пол;пол;пол;;200;;Производственное;генеральная;мойка;;;;;;;;1 раз в 2 недели;сотрудник внутреннего клининга;
1;Поверхности;пол;пол;пол;;200;;Производственное;генеральная;дезинфекция;;;;;;;;1 раз в 2 недели;сотрудник внутреннего клининга;
200;Сантехническое оборудование;диспенсердозатор;Диспенсер / дозатор для спецжидкостей;;;100;;Производственное;поддерживающая;дезинфекция;;;;;;;;1 раз в смену;сотрудник внутреннего клининга;
200;Сантехническое оборудование;диспенсердозатор;Диспенсер / дозатор для спецжидкостей;;;100;;Производственное;генеральная;мойка;;;;;;;;1 раз в 2 недели;сотрудник внутреннего клининга;
200;Сантехническое оборудование;диспенсердозатор;Диспенсер / дозатор для спецжидкостей;;;100;;Производственное;генеральная;дезинфекция;;;;;;;;1 раз в 2 недели;сотрудник внутреннего клининга;
201;Технологическое оборудование;прибор кисл теста;Прибор для определения кислотности теста;;;100;;Производственное;поддерживающая;дезинфекция;;;;;;;;1 раз в смену;сотрудник внутреннего клининга;
201;Технологическое оборудование;прибор кисл теста;Прибор для определения кислотности теста;;;100;;Производственное;генеральная;мойка;;;;;;;;1 раз в 2 недели;сотрудник внутреннего клининга;
201;Технологическое оборудование;прибор кисл теста;Прибор для определения кислотности теста;;;100;;Производственное;генеральная;дезинфекция;;;;;;;;1 раз в 2 недели;сотрудник внутреннего клининга;
202;Холодильное оборудование;холодильная витрина;Холодильная витрина;;;100;;Производственное;поддерживающая;дезинфекция;;;;;;;;1 раз в смену;сотрудник внутреннего клининга;
202;Холодильное оборудование;холодильная витрина;Холодильная витрина;;;100;;Производственное;генеральная;мойка;;;;;;;;1 раз в 2 недели;сотрудник внутреннего клининга;
202;Холодильное оборудование;холодильная витрина;Холодильная витрина;;;100;;Производственное;генеральная;дезинфекция;;;;;;;;1 раз в 2 недели;сотрудник внутреннего клининга;
44;Поверхности;стоки;стоки;стоки;;195;;Производственное;основная;мойка;;;;;;;;1 раз в смену;сотрудник внутреннего клининга;
44;Поверхности;стоки;стоки;стоки;;195;;Производственное;основная;дезинфекция;;;;;;;;1 раз в смену;сотрудник внутреннего клининга;
44;Поверхности;стоки;стоки;стоки;;195;;Производственное;поддерживающая;мойка;;;;;;;;по мере необходимости;сотрудник внутреннего клининга;
44;Поверхности;стоки;стоки;стоки;;195;;Производственное;генеральная;мойка;;;;;;;;1 раз в месяц;сотрудник внутреннего клининга;
44;Поверхности;стоки;стоки;стоки;;195;;Производственное;генеральная;дезинфекция;;;;;;;;1 раз в месяц;сотрудник внутреннего клининга;
45;Поверхности;трапы;трапы;трапы;;195;;Производственное;основная;мойка;;;;;;;;1 раз в смену;сотрудник внутреннего клининга;
45;Поверхности;трапы;трапы;трапы;;195;;Производственное;основная;дезинфекция;;;;;;;;1 раз в смену;сотрудник внутреннего клининга;
45;Поверхности;трапы;трапы;трапы;;195;;Производственное;поддерживающая;мойка;;;;;;;;по мере необходимости;сотрудник внутреннего клининга;
45;Поверхности;трапы;трапы;трапы;;195;;Производственное;генеральная;мойка;;;;;;;;1 раз в месяц;сотрудник внутреннего клининга;
45;Поверхности;трапы;трапы;трапы;;195;;Производственное;генеральная;дезинфекция;;;;;;;;1 раз в месяц;сотрудник внутреннего клининга;
200;Сантехническое оборудование;диспенсердозатор;Диспенсер / дозатор для спецжидкостей;;;100;;Производственное;поддерживающая;мойка;;;;;;;;по мере необходимости;сотрудник внутреннего клининга;
201;Технологическое оборудование;прибор кисл теста;Прибор для определения кислотности теста;;;100;;Производственное;поддерживающая;мойка;;;;;;;;по мере необходимости;сотрудник внутреннего клининга;
202;Холодильное оборудование;холодильная витрина;Холодильная витрина;;;100;;Производственное;поддерживающая;мойка;;;;;;;;по мере необходимости;сотрудник внутреннего клининга;
1;Поверхности;пол;пол;пол;;200;;Производственное;основная;мойка;;;;;;;;1 раз в смену;сотрудник внутреннего клининга;
1;Поверхности;пол;пол;пол;;200;;Производственное;основная;дезинфекция;;;;;;;;1 раз в смену;сотрудник внутреннего клининга;
60;Санитарный пост;диспенсердержатель для полотенец;диспенсер/держатель для полотенец;диспенсер для полотенец;;110;;Производственное;основная;мойка;;;;;;;;1 раз в смену;сотрудник внутреннего клининга;
60;Санитарный пост;диспенсердержатель для полотенец;диспенсер/держатель для полотенец;диспенсер для полотенец;;110;;Производственное;основная;дезинфекция;;;;;;;;1 раз в смену;сотрудник внутреннего клининга;
60;Санитарный пост;диспенсердержатель для полотенец;диспенсер/держатель для полотенец;диспенсер для полотенец;;110;;Производственное;генеральная;мойка;;;;;;;;1 раз в месяц;сотрудник внутреннего клининга;
60;Санитарный пост;диспенсердержатель для полотенец;диспенсер/держатель для полотенец;диспенсер для полотенец;;110;;Производственное;генеральная;дезинфекция;;;;;;;;1 раз в месяц;сотрудник внутреннего клининга;
69;Мебель;полки;полки;полки;;130;;Производственное;основная;мойка;;;;;;;;1 раз в смену;сотрудник внутреннего клининга;
69;Мебель;полки;полки;полки;;130;;Производственное;основная;дезинфекция;;;;;;;;1 раз в смену;сотрудник внутреннего клининга;
127;Моечный, уборочный инвентарь и оборудование;поломоечная машина;поломоечная машина;поломоечная машина;;170;;Производственное;основная;мойка;;;;;;;;1 раз в смену;сотрудник внутреннего клининга;
127;Моечный, уборочный инвентарь и оборудование;поломоечная машина;поломоечная машина;поломоечная машина;;170;;Производственное;основная;дезинфекция;;;;;;;;1 раз в смену;сотрудник внутреннего клининга;
127;Моечный, уборочный инвентарь и оборудование;поломоечная машина;поломоечная машина;поломоечная машина;;170;;Производственное;генеральная;мойка;;;;;;;;1 раз в месяц;сотрудник внутреннего клининга;
127;Моечный, уборочный инвентарь и оборудование;поломоечная машина;поломоечная машина;поломоечная машина;;170;;Производственное;генеральная;дезинфекция;;;;;;;;1 раз в месяц;сотрудник внутреннего клининга;
132;Посудомоечное оборудование;пмм купольная;посудомоечная машина купольная;посудомоечная машина;купольная;160;;Производственное;основная;мойка;;;;;;;;1 раз в смену;сотрудник внутреннего клининга;
132;Посудомоечное оборудование;пмм купольная;посудомоечная машина купольная;посудомоечная машина;купольная;160;;Производственное;основная;дезинфекция;;;;;;;;1 раз в смену;сотрудник внутреннего клининга;
132;Посудомоечное оборудование;пмм купольная;посудомоечная машина купольная;посудомоечная машина;купольная;160;;Производственное;генеральная;мойка;;;;;;;;1 раз в месяц;сотрудник внутреннего клининга;
132;Посудомоечное оборудование;пмм купольная;посудомоечная машина купольная;посудомоечная машина;купольная;160;;Производственное;генеральная;дезинфекция;;;;;;;;1 раз в месяц;сотрудник внутреннего клининга;
157;Технологическое оборудование;весы напольные;весы напольные;весы напольные;;150;;Производственное;основная;мойка;;;;;;;;1 раз в смену;сотрудник внутреннего клининга;
157;Технологическое оборудование;весы напольные;весы напольные;весы напольные;;150;;Производственное;основная;дезинфекция;;;;;;;;1 раз в смену;сотрудник внутреннего клининга;
157;Технологическое оборудование;весы напольные;весы напольные;весы напольные;;150;;Производственное;генеральная;мойка;;;;;;;;1 раз в месяц;сотрудник внутреннего клининга;
157;Технологическое оборудование;весы напольные;весы напольные;весы напольные;;150;;Производственное;генеральная;дезинфекция;;;;;;;;1 раз в месяц;сотрудник внутреннего клининга;
1;Поверхности;пол;пол;пол;;200;;Производственное;основная;мойка;;;;;;;;1 раз в смену;сотрудник производства;
1;Поверхности;пол;пол;пол;;200;;Производственное;основная;дезинфекция;;;;;;;;1 раз в смену;сотрудник производства;
157;Технологическое оборудование;весы напольные;весы напольные;весы напольные;;150;;Производственное;основная;мойка;;;;;;;;1 раз в смену;сотрудник производства;
157;Технологическое оборудование;весы напольные;весы напольные;весы напольные;;150;;Производственное;основная;дезинфекция;;;;;;;;1 раз в смену;сотрудник производства;
157;Технологическое оборудование;весы напольные;весы напольные;весы напольные;;150;;Производственное;генеральная;мойка;;;;;;;;1 раз в месяц;сотрудник производства;
157;Технологическое оборудование;весы напольные;весы напольные;весы напольные;;150;;Производственное;генеральная;дезинфекция;;;;;;;;1 раз в месяц;сотрудник производства;
200;Сантехническое оборудование;диспенсердозатор;Диспенсер / дозатор для спецжидкостей;;;100;;Производственное;основная;дезинфекция;;;;;;;;1 раз в смену;сотрудник производства;
201;Технологическое оборудование;прибор кисл теста;Прибор для определения кислотности теста;;;100;;Производственное;основная;дезинфекция;;;;;;;;1 раз в смену;сотрудник производства;
202;Холодильное оборудование;холодильная витрина;Холодильная витрина;;;100;;Производственное;основная;дезинфекция;;;;;;;;1 раз в смену;сотрудник производства;
158;Технологическое оборудование;весы настольные;весы настольные;весы настольные;;150;;Производственное;основная;мойка;;;;;;;;1 раз в смену;сотрудник производства;
158;Технологическое оборудование;весы настольные;весы настольные;весы настольные;;150;;Производственное;основная;дезинфекция;;;;;;;;1 раз в смену;сотрудник производства;
158;Технологическое оборудование;весы настольные;весы настольные;весы настольные;;150;;Производственное;поддерживающая;дезинфекция;;;;;;;;при простое ≥ 30 минут;сотрудник производства;
158;Технологическое оборудование;весы настольные;весы настольные;весы настольные;;150;;Производственное;генеральная;мойка;;;;;;;;1 раз в месяц;сотрудник производства;
158;Технологическое оборудование;весы настольные;весы настольные;весы настольные;;150;;Производственное;генеральная;дезинфекция;;;;;;;;1 раз в месяц;сотрудник производства;
200;Сантехническое оборудование;диспенсердозатор;Диспенсер / дозатор для спецжидкостей;;;100;;Производственное;поддерживающая;дезинфекция;;;;;;;;при простое ≥ 30 минут;сотрудник производства;
201;Технологическое оборудование;прибор кисл теста;Прибор для определения кислотности теста;;;100;;Производственное;поддерживающая;дезинфекция;;;;;;;;при простое ≥ 30 минут;сотрудник производства;
202;Холодильное оборудование;холодильная витрина;Холодильная витрина;;;100;;Производственное;поддерживающая;дезинфекция;;;;;;;;при простое ≥ 30 минут;сотрудник производства;
72;Мебель;столы;столы;столы;;130;;Производственное;основная;мойка;;;;;;;;1 раз в смену;сотрудник производства;
72;Мебель;столы;столы;столы;;130;;Производственное;основная;дезинфекция;;;;;;;;1 раз в смену;сотрудник производства;
72;Мебель;столы;столы;столы;;130;;Производственное;поддерживающая;дезинфекция;;;;;;;;при простое ≥ 30 минут;сотрудник производства;
72;Мебель;столы;столы;столы;;130;;Производственное;генеральная;мойка;;;;;;;;1 раз в месяц;сотрудник производства;
72;Мебель;столы;столы;столы;;130;;Производственное;генеральная;дезинфекция;;;;;;;;1 раз в месяц;сотрудник производства;
72;Мебель;столы;столы;столы;;130;;Производственное;основная;мойка;;;;;;;;1 раз в неделю(внешние поверхности);сотрудник производства;
72;Мебель;столы;столы;столы;;130;;Производственное;основная;дезинфекция;;;;;;;;1 раз в неделю(внешние поверхности);сотрудник производства;
72;Мебель;столы;столы;столы;;130;;Производственное;генеральная;мойка;;;;;;;;1 раз в месяц(внешние и внутренние поверхности);сотрудник производства;
72;Мебель;столы;столы;столы;;130;;Производственное;генеральная;дезинфекция;;;;;;;;1 раз в месяц(внешние и внутренние поверхности);сотрудник производства;
75;Мебель;шкафы;шкафы;шкафы;;130;;Производственное;основная;мойка;;;;;;;;1 раз в неделю(внешние поверхности);сотрудник производства;
75;Мебель;шкафы;шкафы;шкафы;;130;;Производственное;основная;дезинфекция;;;;;;;;1 раз в неделю(внешние поверхности);сотрудник производства;
75;Мебель;шкафы;шкафы;шкафы;;130;;Производственное;генеральная;мойка;;;;;;;;1 раз в месяц(внешние и внутренние поверхности);сотрудник производства;
75;Мебель;шкафы;шкафы;шкафы;;130;;Производственное;генеральная;дезинфекция;;;;;;;;1 раз в месяц(внешние и внутренние поверхности);сотрудник производства;
140;Холодильное оборудование;холод столы;холодильные столы;холодильные столы;;160;;Производственное;основная;мойка;;;;;;;;1 раз в неделю(внешние поверхности);сотрудник производства;
140;Холодильное оборудование;холод столы;холодильные столы;холодильные столы;;160;;Производственное;основная;дезинфекция;;;;;;;;1 раз в неделю(внешние поверхности);сотрудник производства;
140;Холодильное оборудование;холод столы;холодильные столы;холодильные столы;;160;;Производственное;генеральная;мойка;;;;;;;;1 раз в месяц(внешние и внутренние поверхности);сотрудник производства;
140;Холодильное оборудование;холод столы;холодильные столы;холодильные столы;;160;;Производственное;генеральная;дезинфекция;;;;;;;;1 раз в месяц(внешние и внутренние поверхности);сотрудник производства;
141;Холодильное оборудование;холод шкафы;холодильные шкафы;холодильные шкафы;;160;;Производственное;основная;мойка;;;;;;;;1 раз в неделю(внешние поверхности);сотрудник производства;
141;Холодильное оборудование;холод шкафы;холодильные шкафы;холодильные шкафы;;160;;Производственное;основная;дезинфекция;;;;;;;;1 раз в неделю(внешние поверхности);сотрудник производства;
141;Холодильное оборудование;холод шкафы;холодильные шкафы;холодильные шкафы;;160;;Производственное;генеральная;мойка;;;;;;;;1 раз в месяц(внешние и внутренние поверхности);сотрудник производства;
141;Холодильное оборудование;холод шкафы;холодильные шкафы;холодильные шкафы;;160;;Производственное;генеральная;дезинфекция;;;;;;;;1 раз в месяц(внешние и внутренние поверхности);сотрудник производства;
200;Сантехническое оборудование;диспенсердозатор;Диспенсер / дозатор для спецжидкостей;;;100;;Производственное;генеральная;мойка;;;;;;;;1 раз в месяц(внешние и внутренние поверхности);сотрудник производства;
200;Сантехническое оборудование;диспенсердозатор;Диспенсер / дозатор для спецжидкостей;;;100;;Производственное;генеральная;дезинфекция;;;;;;;;1 раз в месяц(внешние и внутренние поверхности);сотрудник производства;
201;Технологическое оборудование;прибор кисл теста;Прибор для определения кислотности теста;;;100;;Производственное;генеральная;мойка;;;;;;;;1 раз в месяц(внешние и внутренние поверхности);сотрудник производства;
201;Технологическое оборудование;прибор кисл теста;Прибор для определения кислотности теста;;;100;;Производственное;генеральная;дезинфекция;;;;;;;;1 раз в месяц(внешние и внутренние поверхности);сотрудник производства;
202;Холодильное оборудование;холодильная витрина;Холодильная витрина;;;100;;Производственное;генеральная;мойка;;;;;;;;1 раз в месяц(внешние и внутренние поверхности);сотрудник производства;
202;Холодильное оборудование;холодильная витрина;Холодильная витрина;;;100;;Производственное;генеральная;дезинфекция;;;;;;;;1 раз в месяц(внешние и внутренние поверхности);сотрудник производства;
200;Сантехническое оборудование;диспенсердозатор;Диспенсер / дозатор для спецжидкостей;;;100;;Производственное;основная;мойка;;;;;;;;1 раз в смену, при смене сырьевых компонентов;сотрудник производства;
200;Сантехническое оборудование;диспенсердозатор;Диспенсер / дозатор для спецжидкостей;;;100;;Производственное;основная;дезинфекция;;;;;;;;1 раз в смену, при смене сырьевых компонентов;сотрудник производства;
200;Сантехническое оборудование;диспенсердозатор;Диспенсер / дозатор для спецжидкостей;;;100;;Производственное;поддерживающая;дезинфекция;;;;;;;;при простое ≥ 6 часов;сотрудник производства;
200;Сантехническое оборудование;диспенсердозатор;Диспенсер / дозатор для спецжидкостей;;;100;;Производственное;основная;мойка;;;;;;;;1 раз в смену, при смене тестовой заготовки;сотрудник производства;
200;Сантехническое оборудование;диспенсердозатор;Диспенсер / дозатор для спецжидкостей;;;100;;Производственное;основная;дезинфекция;;;;;;;;1 раз в смену, при смене тестовой заготовки;сотрудник производства;
201;Технологическое оборудование;прибор кисл теста;Прибор для определения кислотности теста;;;100;;Производственное;основная;мойка;;;;;;;;1 раз в смену, при смене сырьевых компонентов;сотрудник производства;
201;Технологическое оборудование;прибор кисл теста;Прибор для определения кислотности теста;;;100;;Производственное;основная;дезинфекция;;;;;;;;1 раз в смену, при смене сырьевых компонентов;сотрудник производства;
201;Технологическое оборудование;прибор кисл теста;Прибор для определения кислотности теста;;;100;;Производственное;поддерживающая;дезинфекция;;;;;;;;при простое ≥ 6 часов;сотрудник производства;
201;Технологическое оборудование;прибор кисл теста;Прибор для определения кислотности теста;;;100;;Производственное;основная;мойка;;;;;;;;1 раз в смену, при смене тестовой заготовки;сотрудник производства;
201;Технологическое оборудование;прибор кисл теста;Прибор для определения кислотности теста;;;100;;Производственное;основная;дезинфекция;;;;;;;;1 раз в смену, при смене тестовой заготовки;сотрудник производства;
202;Холодильное оборудование;холодильная витрина;Холодильная витрина;;;100;;Производственное;основная;мойка;;;;;;;;1 раз в смену, при смене сырьевых компонентов;сотрудник производства;
202;Холодильное оборудование;холодильная витрина;Холодильная витрина;;;100;;Производственное;основная;дезинфекция;;;;;;;;1 раз в смену, при смене сырьевых компонентов;сотрудник производства;
202;Холодильное оборудование;холодильная витрина;Холодильная витрина;;;100;;Производственное;поддерживающая;дезинфекция;;;;;;;;при простое ≥ 6 часов;сотрудник производства;
202;Холодильное оборудование;холодильная витрина;Холодильная витрина;;;100;;Производственное;основная;мойка;;;;;;;;1 раз в смену, при смене тестовой заготовки;сотрудник производства;
202;Холодильное оборудование;холодильная витрина;Холодильная витрина;;;100;;Производственное;основная;дезинфекция;;;;;;;;1 раз в смену, при смене тестовой заготовки;сотрудник производства;
144;Тепловое оборудование;грили;грили;грили;;150;;Производственное;основная;мойка;;;;;;;;1 раз в смену;сотрудник производства;
144;Тепловое оборудование;грили;грили;грили;;150;;Производственное;генеральная;мойка;;;;;;;;1 раз в месяц;сотрудник производства;
148;Тепловое оборудование;плиты газ;плиты газовые;плиты газовые;;150;;Производственное;основная;мойка;;;;;;;;1 раз в смену;сотрудник производства;
148;Тепловое оборудование;плиты газ;плиты газовые;плиты газовые;;150;;Производственное;генеральная;мойка;;;;;;;;1 раз в месяц;сотрудник производства;
149;Тепловое оборудование;плиты индук;плиты индукционные;плиты индукционные;;150;;Производственное;основная;мойка;;;;;;;;1 раз в смену;сотрудник производства;
149;Тепловое оборудование;плиты индук;плиты индукционные;плиты индукционные;;150;;Производственное;генеральная;мойка;;;;;;;;1 раз в месяц;сотрудник производства;
150;Тепловое оборудование;плиты элек;плиты электрические;плиты электрические;;150;;Производственное;основная;мойка;;;;;;;;1 раз в смену;сотрудник производства;
150;Тепловое оборудование;плиты элек;плиты электрические;плиты электрические;;150;;Производственное;генеральная;мойка;;;;;;;;1 раз в месяц;сотрудник производства;
153;Тепловое оборудование;фритюры;фритюры;фритюры;;150;;Производственное;основная;мойка;;;;;;;;1 раз в смену;сотрудник производства;
153;Тепловое оборудование;фритюры;фритюры;фритюры;;150;;Производственное;генеральная;мойка;;;;;;;;1 раз в месяц;сотрудник производства;
142;Тепловое оборудование;варочные котлы;варочные котлы;варочные котлы;;150;;Производственное;основная;мойка;;;;;;;;1 раз в смену, при смене сырьевых компонентов;сотрудник производства;
142;Тепловое оборудование;варочные котлы;варочные котлы;варочные котлы;;150;;Производственное;основная;дезинфекция;;;;;;;;1 раз в смену, при смене сырьевых компонентов;сотрудник производства;
142;Тепловое оборудование;варочные котлы;варочные котлы;варочные котлы;;150;;Производственное;генеральная;мойка;;;;;;;;1 раз в месяц;сотрудник производства;
142;Тепловое оборудование;варочные котлы;варочные котлы;варочные котлы;;150;;Производственное;генеральная;дезинфекция;;;;;;;;1 раз в месяц;сотрудник производства;
143;Тепловое оборудование;вафельницы;вафельницы;вафельницы;;150;;Производственное;основная;мойка;;;;;;;;1 раз в смену, при смене сырьевых компонентов;сотрудник производства;
143;Тепловое оборудование;вафельницы;вафельницы;вафельницы;;150;;Производственное;основная;дезинфекция;;;;;;;;1 раз в смену, при смене сырьевых компонентов;сотрудник производства;
143;Тепловое оборудование;вафельницы;вафельницы;вафельницы;;150;;Производственное;генеральная;мойка;;;;;;;;1 раз в месяц;сотрудник производства;
143;Тепловое оборудование;вафельницы;вафельницы;вафельницы;;150;;Производственное;генеральная;дезинфекция;;;;;;;;1 раз в месяц;сотрудник производства;
152;Тепловое оборудование;сковороды;сковороды;сковороды;;150;;Производственное;основная;мойка;;;;;;;;1 раз в смену, при смене сырьевых компонентов;сотрудник производства;
152;Тепловое оборудование;сковороды;сковороды;сковороды;;150;;Производственное;основная;дезинфекция;;;;;;;;1 раз в смену, при смене сырьевых компонентов;сотрудник производства;
152;Тепловое оборудование;сковороды;сковороды;сковороды;;150;;Производственное;генеральная;мойка;;;;;;;;1 раз в месяц;сотрудник производства;
152;Тепловое оборудование;сковороды;сковороды;сковороды;;150;;Производственное;генеральная;дезинфекция;;;;;;;;1 раз в месяц;сотрудник производства;
145;Тепловое оборудование;пароконвектоматы;пароконвектоматы;пароконвектоматы;;150;;Производственное;основная;мойка;;;;;;;;1 раз в смену(внутренние поверхности);сотрудник производства;
145;Тепловое оборудование;пароконвектоматы;пароконвектоматы;пароконвектоматы;;150;;Производственное;основная;дезинфекция;;;;;;;;1 раз в смену(внутренние поверхности);сотрудник производства;
145;Тепловое оборудование;пароконвектоматы;пароконвектоматы;пароконвектоматы;;150;;Производственное;генеральная;мойка;;;;;;;;1 раз в месяц;сотрудник производства;
145;Тепловое оборудование;пароконвектоматы;пароконвектоматы;пароконвектоматы;;150;;Производственное;генеральная;дезинфекция;;;;;;;;1 раз в месяц;сотрудник производства;
146;Тепловое оборудование;печи подовые;печи подовые;печи подовые;;150;;Производственное;основная;мойка;;;;;;;;1 раз в смену(внутренние поверхности);сотрудник производства;
146;Тепловое оборудование;печи подовые;печи подовые;печи подовые;;150;;Производственное;основная;дезинфекция;;;;;;;;1 раз в смену(внутренние поверхности);сотрудник производства;
146;Тепловое оборудование;печи подовые;печи подовые;печи подовые;;150;;Производственное;генеральная;мойка;;;;;;;;1 раз в месяц;сотрудник производства;
146;Тепловое оборудование;печи подовые;печи подовые;печи подовые;;150;;Производственное;генеральная;дезинфекция;;;;;;;;1 раз в месяц;сотрудник производства;
147;Тепловое оборудование;печи ротационные;печи ротационные;печи ротационные;;150;;Производственное;основная;мойка;;;;;;;;1 раз в смену(внутренние поверхности);сотрудник производства;
147;Тепловое оборудование;печи ротационные;печи ротационные;печи ротационные;;150;;Производственное;основная;дезинфекция;;;;;;;;1 раз в смену(внутренние поверхности);сотрудник производства;
147;Тепловое оборудование;печи ротационные;печи ротационные;печи ротационные;;150;;Производственное;генеральная;мойка;;;;;;;;1 раз в месяц;сотрудник производства;
147;Тепловое оборудование;печи ротационные;печи ротационные;печи ротационные;;150;;Производственное;генеральная;дезинфекция;;;;;;;;1 раз в месяц;сотрудник производства;
200;Сантехническое оборудование;диспенсердозатор;Диспенсер / дозатор для спецжидкостей;;;100;;Производственное;основная;мойка;;;;;;;;1 раз в смену(внутренние поверхности);сотрудник производства;
200;Сантехническое оборудование;диспенсердозатор;Диспенсер / дозатор для спецжидкостей;;;100;;Производственное;основная;дезинфекция;;;;;;;;1 раз в смену(внутренние поверхности);сотрудник производства;
201;Технологическое оборудование;прибор кисл теста;Прибор для определения кислотности теста;;;100;;Производственное;основная;мойка;;;;;;;;1 раз в смену(внутренние поверхности);сотрудник производства;
201;Технологическое оборудование;прибор кисл теста;Прибор для определения кислотности теста;;;100;;Производственное;основная;дезинфекция;;;;;;;;1 раз в смену(внутренние поверхности);сотрудник производства;
202;Холодильное оборудование;холодильная витрина;Холодильная витрина;;;100;;Производственное;основная;мойка;;;;;;;;1 раз в смену(внутренние поверхности);сотрудник производства;
202;Холодильное оборудование;холодильная витрина;Холодильная витрина;;;100;;Производственное;основная;дезинфекция;;;;;;;;1 раз в смену(внутренние поверхности);сотрудник производства;
195;Упаковочное оборудование;вакуумные упаковщики;вакуумные упаковщики;вакуумные упаковщики;;160;;Производственное;основная;мойка;;;;;;;;1 раз в смену;сотрудник производства;
195;Упаковочное оборудование;вакуумные упаковщики;вакуумные упаковщики;вакуумные упаковщики;;160;;Производственное;основная;дезинфекция;;;;;;;;1 раз в смену;сотрудник производства;
195;Упаковочное оборудование;вакуумные упаковщики;вакуумные упаковщики;вакуумные упаковщики;;160;;Производственное;генеральная;мойка;;;;;;;;1 раз в месяц;сотрудник производства;
195;Упаковочное оборудование;вакуумные упаковщики;вакуумные упаковщики;вакуумные упаковщики;;160;;Производственное;генеральная;дезинфекция;;;;;;;;1 раз в месяц;сотрудник производства;
78;Офисная техника;принтера;принтер;принтер;;140;;Производственное;основная;дезинфекция;;;;;;;;1 раз в смену;сотрудник производства;
78;Офисная техника;принтера;принтер;принтер;;140;;Производственное;генеральная;дезинфекция;;;;;;;;1 раз в месяц;сотрудник производства;
138;Холодильное оборудование;ледогенератор;ледогенератор;ледогенератор;;160;;Производственное;основная;дезинфекция;;;;;;;;1 раз в 3 дня(внутренние поверхности);сотрудник производства;
138;Холодильное оборудование;ледогенератор;ледогенератор;ледогенератор;;160;;Производственное;генеральная;мойка;;;;;;;;1 раз в месяц;сотрудник производства;
138;Холодильное оборудование;ледогенератор;ледогенератор;ледогенератор;;160;;Производственное;генеральная;дезинфекция;;;;;;;;1 раз в месяц;сотрудник производства;
200;Сантехническое оборудование;диспенсердозатор;Диспенсер / дозатор для спецжидкостей;;;100;;Производственное;основная;дезинфекция;;;;;;;;1 раз в 3 дня(внутренние поверхности);сотрудник производства;
201;Технологическое оборудование;прибор кисл теста;Прибор для определения кислотности теста;;;100;;Производственное;основная;дезинфекция;;;;;;;;1 раз в 3 дня(внутренние поверхности);сотрудник производства;
202;Холодильное оборудование;холодильная витрина;Холодильная витрина;;;100;;Производственное;основная;дезинфекция;;;;;;;;1 раз в 3 дня(внутренние поверхности);сотрудник производства;
183;Технологическое оборудование;солодоварки;солодоварки;солодоварки;;150;;Производственное;основная;дезинфекция;;;;;;;;по мере освобождения(внутренние поверхности);сотрудник производства;
191;Технологическое оборудование;ферментаторы;ферментаторы;ферментаторы;;150;;Производственное;основная;дезинфекция;;;;;;;;по мере освобождения(внутренние поверхности);сотрудник производства;
200;Сантехническое оборудование;диспенсердозатор;Диспенсер / дозатор для спецжидкостей;;;100;;Производственное;основная;дезинфекция;;;;;;;;по мере освобождения(внутренние поверхности);сотрудник производства;
201;Технологическое оборудование;прибор кисл теста;Прибор для определения кислотности теста;;;100;;Производственное;основная;дезинфекция;;;;;;;;по мере освобождения(внутренние поверхности);сотрудник производства;
202;Холодильное оборудование;холодильная витрина;Холодильная витрина;;;100;;Производственное;основная;дезинфекция;;;;;;;;по мере освобождения(внутренние поверхности);сотрудник производства;
12;Поверхности;двери;двери;двери;;90;;Производственное;генеральная;мойка;;;;;;;;1 раз в 3 месяца;сотрудник внутреннего клининга;
12;Поверхности;двери;двери;двери;;90;;Производственное;генеральная;дезинфекция;;;;;;;;1 раз в 3 месяца;сотрудник внутреннего клининга;
200;Сантехническое оборудование;диспенсердозатор;Диспенсер / дозатор для спецжидкостей;;;100;;Производственное;генеральная;мойка;;;;;;;;1 раз в 3 месяца;сотрудник внутреннего клининга;
200;Сантехническое оборудование;диспенсердозатор;Диспенсер / дозатор для спецжидкостей;;;100;;Производственное;генеральная;дезинфекция;;;;;;;;1 раз в 3 месяца;сотрудник внутреннего клининга;
201;Технологическое оборудование;прибор кисл теста;Прибор для определения кислотности теста;;;100;;Производственное;генеральная;мойка;;;;;;;;1 раз в 3 месяца;сотрудник внутреннего клининга;
201;Технологическое оборудование;прибор кисл теста;Прибор для определения кислотности теста;;;100;;Производственное;генеральная;дезинфекция;;;;;;;;1 раз в 3 месяца;сотрудник внутреннего клининга;
202;Холодильное оборудование;холодильная витрина;Холодильная витрина;;;100;;Производственное;генеральная;мойка;;;;;;;;1 раз в 3 месяца;сотрудник внутреннего клининга;
202;Холодильное оборудование;холодильная витрина;Холодильная витрина;;;100;;Производственное;генеральная;дезинфекция;;;;;;;;1 раз в 3 месяца;сотрудник внутреннего клининга;
12;Поверхности;двери;двери;двери;;90;;Производственное;генеральная;мойка;;;;;;;;1 раз в 2 недели;сотрудник внутреннего клининга;
12;Поверхности;двери;двери;двери;;90;;Производственное;генеральная;дезинфекция;;;;;;;;1 раз в 2 недели;сотрудник внутреннего клининга;
200;Сантехническое оборудование;диспенсердозатор;Диспенсер / дозатор для спецжидкостей;;;100;;Производственное;генеральная;дезинфекция;;;;;;;;1 раз в месяц;сотрудник инженерной службы;
201;Технологическое оборудование;прибор кисл теста;Прибор для определения кислотности теста;;;100;;Производственное;генеральная;дезинфекция;;;;;;;;1 раз в месяц;сотрудник инженерной службы;
202;Холодильное оборудование;холодильная витрина;Холодильная витрина;;;100;;Производственное;генеральная;дезинфекция;;;;;;;;1 раз в месяц;сотрудник инженерной службы;
13;Поверхности;дверные ручки;дверные ручки;дверные ручки;;65;;Производственное;генеральная;мойка;;;;;;;;1 раз в 2 недели;сотрудник внутреннего клининга;
13;Поверхности;дверные ручки;дверные ручки;дверные ручки;;65;;Производственное;генеральная;дезинфекция;;;;;;;;1 раз в 2 недели;сотрудник внутреннего клининга;
1;Поверхности;пол;пол;пол;;200;;Производственное;поддерживающая;мойка;;;;;;;;по мере необходимости(сухая очистка);сотрудник внутреннего клининга;
1;Поверхности;пол;пол;пол;;200;;Производственное;генеральная;мойка;;;;;;;;1 раз в 3 месяца;сотрудник внутреннего клининга;
1;Поверхности;пол;пол;пол;;200;;Производственное;генеральная;дезинфекция;;;;;;;;1 раз в 3 месяца;сотрудник внутреннего клининга;
60;Санитарный пост;диспенсердержатель для полотенец;диспенсер/держатель для полотенец;диспенсер для полотенец;;110;;Производственное;генеральная;мойка;;;;;;;;1 раз в 2 недели;сотрудник внутреннего клининга;
60;Санитарный пост;диспенсердержатель для полотенец;диспенсер/держатель для полотенец;диспенсер для полотенец;;110;;Производственное;генеральная;дезинфекция;;;;;;;;1 раз в 2 недели;сотрудник внутреннего клининга;
60;Санитарный пост;диспенсердержатель для полотенец;диспенсер/держатель для полотенец;диспенсер для полотенец;;110;;Производственное;поддерживающая;мойка;;;;;;;;по мере необходимости(сухая очистка);сотрудник внутреннего клининга;
60;Санитарный пост;диспенсердержатель для полотенец;диспенсер/держатель для полотенец;диспенсер для полотенец;;110;;Производственное;генеральная;мойка;;;;;;;;1 раз в 3 месяца;сотрудник внутреннего клининга;
60;Санитарный пост;диспенсердержатель для полотенец;диспенсер/держатель для полотенец;диспенсер для полотенец;;110;;Производственное;генеральная;дезинфекция;;;;;;;;1 раз в 3 месяца;сотрудник внутреннего клининга;
69;Мебель;полки;полки;полки;;130;;Производственное;генеральная;мойка;;;;;;;;1 раз в 2 недели;сотрудник внутреннего клининга;
69;Мебель;полки;полки;полки;;130;;Производственное;генеральная;дезинфекция;;;;;;;;1 раз в 2 недели;сотрудник внутреннего клининга;
69;Мебель;полки;полки;полки;;130;;Производственное;поддерживающая;мойка;;;;;;;;по мере необходимости(сухая очистка);сотрудник внутреннего клининга;
69;Мебель;полки;полки;полки;;130;;Производственное;генеральная;мойка;;;;;;;;1 раз в 3 месяца;сотрудник внутреннего клининга;
69;Мебель;полки;полки;полки;;130;;Производственное;генеральная;дезинфекция;;;;;;;;1 раз в 3 месяца;сотрудник внутреннего клининга;
127;Моечный, уборочный инвентарь и оборудование;поломоечная машина;поломоечная машина;поломоечная машина;;170;;Производственное;генеральная;мойка;;;;;;;;1 раз в 2 недели;сотрудник внутреннего клининга;
127;Моечный, уборочный инвентарь и оборудование;поломоечная машина;поломоечная машина;поломоечная машина;;170;;Производственное;генеральная;дезинфекция;;;;;;;;1 раз в 2 недели;сотрудник внутреннего клининга;
127;Моечный, уборочный инвентарь и оборудование;поломоечная машина;поломоечная машина;поломоечная машина;;170;;Производственное;поддерживающая;мойка;;;;;;;;по мере необходимости(сухая очистка);сотрудник внутреннего клининга;
127;Моечный, уборочный инвентарь и оборудование;поломоечная машина;поломоечная машина;поломоечная машина;;170;;Производственное;генеральная;мойка;;;;;;;;1 раз в 3 месяца;сотрудник внутреннего клининга;
127;Моечный, уборочный инвентарь и оборудование;поломоечная машина;поломоечная машина;поломоечная машина;;170;;Производственное;генеральная;дезинфекция;;;;;;;;1 раз в 3 месяца;сотрудник внутреннего клининга;
132;Посудомоечное оборудование;пмм купольная;посудомоечная машина купольная;посудомоечная машина;купольная;160;;Производственное;генеральная;мойка;;;;;;;;1 раз в 2 недели;сотрудник внутреннего клининга;
132;Посудомоечное оборудование;пмм купольная;посудомоечная машина купольная;посудомоечная машина;купольная;160;;Производственное;генеральная;дезинфекция;;;;;;;;1 раз в 2 недели;сотрудник внутреннего клининга;
132;Посудомоечное оборудование;пмм купольная;посудомоечная машина купольная;посудомоечная машина;купольная;160;;Производственное;поддерживающая;мойка;;;;;;;;по мере необходимости(сухая очистка);сотрудник внутреннего клининга;
132;Посудомоечное оборудование;пмм купольная;посудомоечная машина купольная;посудомоечная машина;купольная;160;;Производственное;генеральная;мойка;;;;;;;;1 раз в 3 месяца;сотрудник внутреннего клининга;
132;Посудомоечное оборудование;пмм купольная;посудомоечная машина купольная;посудомоечная машина;купольная;160;;Производственное;генеральная;дезинфекция;;;;;;;;1 раз в 3 месяца;сотрудник внутреннего клининга;
157;Технологическое оборудование;весы напольные;весы напольные;весы напольные;;150;;Производственное;генеральная;мойка;;;;;;;;1 раз в 2 недели;сотрудник внутреннего клининга;
157;Технологическое оборудование;весы напольные;весы напольные;весы напольные;;150;;Производственное;генеральная;дезинфекция;;;;;;;;1 раз в 2 недели;сотрудник внутреннего клининга;
157;Технологическое оборудование;весы напольные;весы напольные;весы напольные;;150;;Производственное;поддерживающая;мойка;;;;;;;;по мере необходимости(сухая очистка);сотрудник внутреннего клининга;
157;Технологическое оборудование;весы напольные;весы напольные;весы напольные;;150;;Производственное;генеральная;мойка;;;;;;;;1 раз в 3 месяца;сотрудник внутреннего клининга;
157;Технологическое оборудование;весы напольные;весы напольные;весы напольные;;150;;Производственное;генеральная;дезинфекция;;;;;;;;1 раз в 3 месяца;сотрудник внутреннего клининга;
200;Сантехническое оборудование;диспенсердозатор;Диспенсер / дозатор для спецжидкостей;;;100;;Производственное;поддерживающая;мойка;;;;;;;;по мере необходимости(сухая очистка);сотрудник внутреннего клининга;
201;Технологическое оборудование;прибор кисл теста;Прибор для определения кислотности теста;;;100;;Производственное;поддерживающая;мойка;;;;;;;;по мере необходимости(сухая очистка);сотрудник внутреннего клининга;
202;Холодильное оборудование;холодильная витрина;Холодильная витрина;;;100;;Производственное;поддерживающая;мойка;;;;;;;;по мере необходимости(сухая очистка);сотрудник внутреннего клининга;
12;Поверхности;двери;двери;двери;;90;;Производственное;основная;мойка;;;;;;;;1 раз в смену;сотрудник внутреннего клининга;
12;Поверхности;двери;двери;двери;;90;;Производственное;основная;дезинфекция;;;;;;;;1 раз в смену;сотрудник внутреннего клининга;
13;Поверхности;дверные ручки;дверные ручки;дверные ручки;;65;;Производственное;основная;мойка;;;;;;;;1 раз в смену;сотрудник внутреннего клининга;
13;Поверхности;дверные ручки;дверные ручки;дверные ручки;;65;;Производственное;основная;дезинфекция;;;;;;;;1 раз в смену;сотрудник внутреннего клининга;
2;Поверхности;бактерицидные лампы;бактерицидные лампы;бактерицидные лампы;;40;;Производственное;основная;мойка;;;;;;;;;;
2;Поверхности;бактерицидные лампы;бактерицидные лампы;бактерицидные лампы;;40;;Производственное;основная;дезинфекция;;;;;;;;;;
3;Поверхности;бойлера;бойлер;бойлер;;70;;Производственное;основная;мойка;;;;;;;;;;
3;Поверхности;бойлера;бойлер;бойлер;;70;;Производственное;основная;дезинфекция;;;;;;;;;;
4;Поверхности;вентиляторы;вентилятор;вентилятор;;80;;Производственное;основная;мойка;;;;;;;;;;
4;Поверхности;вентиляторы;вентилятор;вентилятор;;80;;Производственное;основная;дезинфекция;;;;;;;;;;
7;Поверхности;воротароллета;ворота/роллета;ворота/роллета;;90;;Производственное;основная;мойка;;;;;;;;;;
7;Поверхности;воротароллета;ворота/роллета;ворота/роллета;;90;;Производственное;основная;дезинфекция;;;;;;;;;;
9;Поверхности;вытяжные зонты а;вытяжные зонты алюминиевые;вытяжные зонты;А;25;;Производственное;основная;мойка;;;;;;;;;;
9;Поверхности;вытяжные зонты а;вытяжные зонты алюминиевые;вытяжные зонты;А;25;;Производственное;основная;дезинфекция;;;;;;;;;;
10;Поверхности;вытяжные зонты н;вытяжные зонты из нержавеющей стали;вытяжные зонты;Н;25;;Производственное;основная;мойка;;;;;;;;;;
10;Поверхности;вытяжные зонты н;вытяжные зонты из нержавеющей стали;вытяжные зонты;Н;25;;Производственное;основная;дезинфекция;;;;;;;;;;
14;Поверхности;демосистема (контактная поверхность);демосистема (контактная поверхность);демосистема (контактная поверхность);;70;;Производственное;основная;мойка;;;;;;;;;;
14;Поверхности;демосистема (контактная поверхность);демосистема (контактная поверхность);демосистема (контактная поверхность);;70;;Производственное;основная;дезинфекция;;;;;;;;;;
16;Поверхности;держатели для инвентаря;держатели для инвентаря;держатели для инвентаря;;70;;Производственное;основная;мойка;;;;;;;;;;
16;Поверхности;держатели для инвентаря;держатели для инвентаря;держатели для инвентаря;;70;;Производственное;основная;дезинфекция;;;;;;;;;;
19;Поверхности;завесы пвх;завесы ПВХ;завесы ПВХ;;80;;Производственное;основная;мойка;;;;;;;;;;
19;Поверхности;завесы пвх;завесы ПВХ;завесы ПВХ;;80;;Производственное;основная;дезинфекция;;;;;;;;;;
20;Поверхности;завесы тепловые;завесы тепловые;завесы тепловые;;80;;Производственное;основная;мойка;;;;;;;;;;
20;Поверхности;завесы тепловые;завесы тепловые;завесы тепловые;;80;;Производственное;основная;дезинфекция;;;;;;;;;;
23;Поверхности;кондиционер;кондиционер;кондиционер;;50;;Производственное;основная;мойка;;;;;;;;;;
23;Поверхности;кондиционер;кондиционер;кондиционер;;50;;Производственное;основная;дезинфекция;;;;;;;;;;
24;Поверхности;контейнеры для отходов;контейнеры для отходов;контейнеры для отходов;;190;;Производственное;основная;мойка;;;;;;;;;;
24;Поверхности;контейнеры для отходов;контейнеры для отходов;контейнеры для отходов;;190;;Производственное;основная;дезинфекция;;;;;;;;;;
25;Поверхности;лестницы;лестницы;лестницы;;180;;Производственное;основная;мойка;;;;;;;;;;
25;Поверхности;лестницы;лестницы;лестницы;;180;;Производственное;основная;дезинфекция;;;;;;;;;;
26;Поверхности;металлоконструкции;металлоконструкции;металлоконструкции;;70;;Производственное;основная;мойка;;;;;;;;;;
26;Поверхности;металлоконструкции;металлоконструкции;металлоконструкции;;70;;Производственное;основная;дезинфекция;;;;;;;;;;
27;Поверхности;мусорные корзины;мусорные корзины;мусорные корзины;;185;;Производственное;основная;мойка;;;;;;;;;;
27;Поверхности;мусорные корзины;мусорные корзины;мусорные корзины;;185;;Производственное;основная;дезинфекция;;;;;;;;;;
29;Поверхности;окна внутрицеховые;окна внутрицеховые;окна внутрицеховые;;55;;Производственное;основная;мойка;;;;;;;;;;
29;Поверхности;окна внутрицеховые;окна внутрицеховые;окна внутрицеховые;;55;;Производственное;основная;дезинфекция;;;;;;;;;;
33;Поверхности;погрузчики;погрузчики;погрузчики;;180;;Производственное;основная;мойка;;;;;;;;;;
33;Поверхности;погрузчики;погрузчики;погрузчики;;180;;Производственное;основная;дезинфекция;;;;;;;;;;
34;Поверхности;пожарный щит;пожарный щит;пожарный щит;;70;;Производственное;основная;мойка;;;;;;;;;;
34;Поверхности;пожарный щит;пожарный щит;пожарный щит;;70;;Производственное;основная;дезинфекция;;;;;;;;;;
35;Поверхности;потолок () ок;потолок окрашенный;потолок (высота _____м);ОК;10;;Производственное;основная;мойка;;;;;;;;;;
35;Поверхности;потолок () ок;потолок окрашенный;потолок (высота _____м);ОК;10;;Производственное;основная;дезинфекция;;;;;;;;;;
36;Поверхности;потолок () п;потолок подвесной;потолок (высота _____м);П;10;;Производственное;основная;мойка;;;;;;;;;;
36;Поверхности;потолок () п;потолок подвесной;потолок (высота _____м);П;10;;Производственное;основная;дезинфекция;;;;;;;;;;
37;Поверхности;резиновые коврики;резиновые коврики;резиновые коврики;;190;;Производственное;основная;мойка;;;;;;;;;;
37;Поверхности;резиновые коврики;резиновые коврики;резиновые коврики;;190;;Производственное;основная;дезинфекция;;;;;;;;;;
40;Поверхности;сплит-системы;сплит-системы;сплит-системы;;50;;Производственное;основная;мойка;;;;;;;;;;
40;Поверхности;сплит-системы;сплит-системы;сплит-системы;;50;;Производственное;основная;дезинфекция;;;;;;;;;;
43;Поверхности;стерилизатор;стерилизатор;стерилизатор;;70;;Производственное;основная;мойка;;;;;;;;;;
43;Поверхности;стерилизатор;стерилизатор;стерилизатор;;70;;Производственное;основная;дезинфекция;;;;;;;;;;
46;Поверхности;часы;часы;часы;;80;;Производственное;основная;мойка;;;;;;;;;;
46;Поверхности;часы;часы;часы;;80;;Производственное;основная;дезинфекция;;;;;;;;;;
47;Поверхности;штабелёры;штабелёр;штабелёр;;180;;Производственное;основная;мойка;;;;;;;;;;
47;Поверхности;штабелёры;штабелёр;штабелёр;;180;;Производственное;основная;дезинфекция;;;;;;;;;;
49;Поверхности;ёлки для колец;ёлки для колец;ёлки для колец;;170;;Производственное;основная;мойка;;;;;;;;;;
49;Поверхности;ёлки для колец;ёлки для колец;ёлки для колец;;170;;Производственное;основная;дезинфекция;;;;;;;;;;
50;Сантехническое оборудование;душевая кабина;душевая кабина;душевая кабина;;100;;Производственное;основная;мойка;;;;;;;;;;
50;Сантехническое оборудование;душевая кабина;душевая кабина;душевая кабина;;100;;Производственное;основная;дезинфекция;;;;;;;;;;
51;Сантехническое оборудование;душевые секции;душевые секции;душевые секции;;100;;Производственное;основная;мойка;;;;;;;;;;
51;Сантехническое оборудование;душевые секции;душевые секции;душевые секции;;100;;Производственное;основная;дезинфекция;;;;;;;;;;
52;Сантехническое оборудование;писсуар;писсуар;писсуар;;90;;Производственное;основная;мойка;;;;;;;;;;
52;Сантехническое оборудование;писсуар;писсуар;писсуар;;90;;Производственное;основная;дезинфекция;;;;;;;;;;
56;Сантехническое оборудование;унитаз;унитаз;унитаз;;90;;Производственное;основная;мойка;;;;;;;;;;
56;Сантехническое оборудование;унитаз;унитаз;унитаз;;90;;Производственное;основная;дезинфекция;;;;;;;;;;
57;Санитарный пост;бак для грязной одежды;бак для грязной одежды;бак для грязной одежды;;110;;Производственное;основная;мойка;;;;;;;;;;
57;Санитарный пост;бак для грязной одежды;бак для грязной одежды;бак для грязной одежды;;110;;Производственное;основная;дезинфекция;;;;;;;;;;
58;Санитарный пост;дезинфицирующие маты;дезинфицирующие маты;дезинфицирующие маты;;120;;Производственное;основная;мойка;;;;;;;;;;
58;Санитарный пост;дезинфицирующие маты;дезинфицирующие маты;дезинфицирующие маты;;120;;Производственное;основная;дезинфекция;;;;;;;;;;
59;Санитарный пост;диспенсер для тб;диспенсер для тулетной бумаги;диспенсер для тулетной бумаги;;110;;Производственное;основная;мойка;;;;;;;;;;
59;Санитарный пост;диспенсер для тб;диспенсер для тулетной бумаги;диспенсер для тулетной бумаги;;110;;Производственное;основная;дезинфекция;;;;;;;;;;
62;Санитарный пост;корзиныдиспенсеры для сиз;корзины/диспенсеры для СИЗ;корзины/диспенсеры для СИЗ;;110;;Производственное;основная;мойка;;;;;;;;;;
62;Санитарный пост;корзиныдиспенсеры для сиз;корзины/диспенсеры для СИЗ;корзины/диспенсеры для СИЗ;;110;;Производственное;основная;дезинфекция;;;;;;;;;;
63;Санитарный пост;модульный санпропускник;модульный санпропускник;модульный санпропускник;;120;;Производственное;основная;мойка;;;;;;;;;;
63;Санитарный пост;модульный санпропускник;модульный санпропускник;модульный санпропускник;;120;;Производственное;основная;дезинфекция;;;;;;;;;;
65;Санитарный пост;сушилка для рук;сушилка для рук;сушилка для рук;;110;;Производственное;основная;мойка;;;;;;;;;;
65;Санитарный пост;сушилка для рук;сушилка для рук;сушилка для рук;;110;;Производственное;основная;дезинфекция;;;;;;;;;;
66;Мебель;вешалки;вешалки;вешалки;;130;;Производственное;основная;мойка;;;;;;;;;;
66;Мебель;вешалки;вешалки;вешалки;;130;;Производственное;основная;дезинфекция;;;;;;;;;;
67;Мебель;зеркала;зеркала;зеркала;;130;;Производственное;основная;мойка;;;;;;;;;;
67;Мебель;зеркала;зеркала;зеркала;;130;;Производственное;основная;дезинфекция;;;;;;;;;;
68;Мебель;обувницы;обувницы;обувницы;;130;;Производственное;основная;мойка;;;;;;;;;;
68;Мебель;обувницы;обувницы;обувницы;;130;;Производственное;основная;дезинфекция;;;;;;;;;;
70;Мебель;скамейки;скамейки;скамейки;;130;;Производственное;основная;мойка;;;;;;;;;;
70;Мебель;скамейки;скамейки;скамейки;;130;;Производственное;основная;дезинфекция;;;;;;;;;;
73;Мебель;стулья;стулья;стулья;;130;;Производственное;основная;мойка;;;;;;;;;;
73;Мебель;стулья;стулья;стулья;;130;;Производственное;основная;дезинфекция;;;;;;;;;;
74;Мебель;сушилка для обуви;сушилка для обуви;сушилка для обуви;;130;;Производственное;основная;мойка;;;;;;;;;;
74;Мебель;сушилка для обуви;сушилка для обуви;сушилка для обуви;;130;;Производственное;основная;дезинфекция;;;;;;;;;;
79;Офисная техника;телефоны;телефон;телефон;;140;;Производственное;основная;мойка;;;;;;;;;;
79;Офисная техника;телефоны;телефон;телефон;;140;;Производственное;основная;дезинфекция;;;;;;;;;;
80;Многоразовые резиновые СИЗ;нарукавники;нарукавники;нарукавники;;150;;Производственное;основная;мойка;;;;;;;;;;
80;Многоразовые резиновые СИЗ;нарукавники;нарукавники;нарукавники;;150;;Производственное;основная;дезинфекция;;;;;;;;;;
81;Многоразовые резиновые СИЗ;перчатки;перчатки;перчатки;;150;;Производственное;основная;мойка;;;;;;;;;;
81;Многоразовые резиновые СИЗ;перчатки;перчатки;перчатки;;150;;Производственное;основная;дезинфекция;;;;;;;;;;
82;Многоразовые резиновые СИЗ;сапоги;сапоги;сапоги;;150;;Производственное;основная;мойка;;;;;;;;;;
82;Многоразовые резиновые СИЗ;сапоги;сапоги;сапоги;;150;;Производственное;основная;дезинфекция;;;;;;;;;;
83;Многоразовые резиновые СИЗ;фартуки;фартуки;фартуки;;150;;Производственное;основная;мойка;;;;;;;;;;
83;Многоразовые резиновые СИЗ;фартуки;фартуки;фартуки;;150;;Производственное;основная;дезинфекция;;;;;;;;;;
84;Бытовая техника;кулера;кулер;кулер;;160;;Производственное;основная;мойка;;;;;;;;;;
84;Бытовая техника;кулера;кулер;кулер;;160;;Производственное;основная;дезинфекция;;;;;;;;;;
85;Бытовая техника;микроволновки;микроволновая печь;микроволновая печь;;160;;Производственное;основная;мойка;;;;;;;;;;
85;Бытовая техника;микроволновки;микроволновая печь;микроволновая печь;;160;;Производственное;основная;дезинфекция;;;;;;;;;;
86;Бытовая техника;стиральные машины;стиральная машина;стиральная машина;;160;;Производственное;основная;мойка;;;;;;;;;;
86;Бытовая техника;стиральные машины;стиральная машина;стиральная машина;;160;;Производственное;основная;дезинфекция;;;;;;;;;;
87;Бытовая техника;сушильные машины;сушильная машина;сушильная машина;;160;;Производственное;основная;мойка;;;;;;;;;;
87;Бытовая техника;сушильные машины;сушильная машина;сушильная машина;;160;;Производственное;основная;дезинфекция;;;;;;;;;;
88;Бытовая техника;термопоты;термопот;термопот;;160;;Производственное;основная;мойка;;;;;;;;;;
88;Бытовая техника;термопоты;термопот;термопот;;160;;Производственное;основная;дезинфекция;;;;;;;;;;
89;Бытовая техника;холодильники;холодильник бытовой;холодильник бытовой;;160;;Производственное;основная;мойка;;;;;;;;;;
89;Бытовая техника;холодильники;холодильник бытовой;холодильник бытовой;;160;;Производственное;основная;дезинфекция;;;;;;;;;;
90;Бытовая техника;чайники;чайник электрический;чайник электрический;;160;;Производственное;основная;мойка;;;;;;;;;;
90;Бытовая техника;чайники;чайник электрический;чайник электрический;;160;;Производственное;основная;дезинфекция;;;;;;;;;;
91;Инвентарь, посуда и т.д.;вешала;вешала;вешала;;150;;Производственное;основная;мойка;;;;;;;;;;
91;Инвентарь, посуда и т.д.;вешала;вешала;вешала;;150;;Производственное;основная;дезинфекция;;;;;;;;;;
92;Инвентарь, посуда и т.д.;внутрицеховая тара (вёдра ящики);внутрицеховая тара (вёдра, ящики);внутрицеховая тара (вёдра, ящики);;150;;Производственное;основная;мойка;;;;;;;;;;
92;Инвентарь, посуда и т.д.;внутрицеховая тара (вёдра ящики);внутрицеховая тара (вёдра, ящики);внутрицеховая тара (вёдра, ящики);;150;;Производственное;основная;дезинфекция;;;;;;;;;;
93;Инвентарь, посуда и т.д.;гастроёмкости;гастроёмкости;гастроёмкости;;150;;Производственное;основная;мойка;;;;;;;;;;
93;Инвентарь, посуда и т.д.;гастроёмкости;гастроёмкости;гастроёмкости;;150;;Производственное;основная;дезинфекция;;;;;;;;;;
94;Инвентарь, посуда и т.д.;дежи;дежи;дежи;;150;;Производственное;основная;мойка;;;;;;;;;;
94;Инвентарь, посуда и т.д.;дежи;дежи;дежи;;150;;Производственное;основная;дезинфекция;;;;;;;;;;
95;Инвентарь, посуда и т.д.;доски;доски;доски;;150;;Производственное;основная;мойка;;;;;;;;;;
95;Инвентарь, посуда и т.д.;доски;доски;доски;;150;;Производственное;основная;дезинфекция;;;;;;;;;;
96;Инвентарь, посуда и т.д.;изотермические контейнеры (bigbox);изотермические контейнеры (bigbox);изотермические контейнеры (bigbox);;150;;Производственное;основная;мойка;;;;;;;;;;
96;Инвентарь, посуда и т.д.;изотермические контейнеры (bigbox);изотермические контейнеры (bigbox);изотермические контейнеры (bigbox);;150;;Производственное;основная;дезинфекция;;;;;;;;;;
97;Инвентарь, посуда и т.д.;инвентарь;инвентарь;инвентарь;;150;;Производственное;основная;мойка;;;;;;;;;;
97;Инвентарь, посуда и т.д.;инвентарь;инвентарь;инвентарь;;150;;Производственное;основная;дезинфекция;;;;;;;;;;
98;Инвентарь, посуда и т.д.;корзины для расстойки теста;корзины для расстойки теста;корзины для расстойки теста;;150;;Производственное;основная;мойка;;;;;;;;;;
98;Инвентарь, посуда и т.д.;корзины для расстойки теста;корзины для расстойки теста;корзины для расстойки теста;;150;;Производственное;основная;дезинфекция;;;;;;;;;;
99;Инвентарь, посуда и т.д.;крючки;крючки;крючки;;150;;Производственное;основная;мойка;;;;;;;;;;
99;Инвентарь, посуда и т.д.;крючки;крючки;крючки;;150;;Производственное;основная;дезинфекция;;;;;;;;;;
100;Инвентарь, посуда и т.д.;листы для выпечки а;листы для выпечки алюминиевые;листы для выпечки;А;150;;Производственное;основная;мойка;;;;;;;;;;
100;Инвентарь, посуда и т.д.;листы для выпечки а;листы для выпечки алюминиевые;листы для выпечки;А;150;;Производственное;основная;дезинфекция;;;;;;;;;;
101;Инвентарь, посуда и т.д.;листы для выпечки н;листы для выпечки из нержавеющей стали;листы для выпечки;Н;150;;Производственное;основная;мойка;;;;;;;;;;
101;Инвентарь, посуда и т.д.;листы для выпечки н;листы для выпечки из нержавеющей стали;листы для выпечки;Н;150;;Производственное;основная;дезинфекция;;;;;;;;;;
102;Инвентарь, посуда и т.д.;листы от шпилек;листы от шпилек;листы от шпилек;;150;;Производственное;основная;мойка;;;;;;;;;;
102;Инвентарь, посуда и т.д.;листы от шпилек;листы от шпилек;листы от шпилек;;150;;Производственное;основная;дезинфекция;;;;;;;;;;
103;Инвентарь, посуда и т.д.;мусаты;мусаты;мусаты;;150;;Производственное;основная;мойка;;;;;;;;;;
103;Инвентарь, посуда и т.д.;мусаты;мусаты;мусаты;;150;;Производственное;основная;дезинфекция;;;;;;;;;;
104;Инвентарь, посуда и т.д.;ножи;ножи разделочные;ножи разделочные;;150;;Производственное;основная;мойка;;;;;;;;;;
104;Инвентарь, посуда и т.д.;ножи;ножи разделочные;ножи разделочные;;150;;Производственное;основная;дезинфекция;;;;;;;;;;
105;Инвентарь, посуда и т.д.;оборотная тара;оборотная тара;оборотная тара;;150;;Производственное;основная;мойка;;;;;;;;;;
105;Инвентарь, посуда и т.д.;оборотная тара;оборотная тара;оборотная тара;;150;;Производственное;основная;дезинфекция;;;;;;;;;;
106;Инвентарь, посуда и т.д.;отсадочные мешки;отсадочные мешки;отсадочные мешки;;150;;Производственное;основная;мойка;;;;;;;;;;
106;Инвентарь, посуда и т.д.;отсадочные мешки;отсадочные мешки;отсадочные мешки;;150;;Производственное;основная;дезинфекция;;;;;;;;;;
107;Инвентарь, посуда и т.д.;передвижные ёмкости;передвижные ёмкости;передвижные ёмкости;;150;;Производственное;основная;мойка;;;;;;;;;;
107;Инвентарь, посуда и т.д.;передвижные ёмкости;передвижные ёмкости;передвижные ёмкости;;150;;Производственное;основная;дезинфекция;;;;;;;;;;
108;Инвентарь, посуда и т.д.;посуда;посуда;посуда;;150;;Производственное;основная;мойка;;;;;;;;;;
108;Инвентарь, посуда и т.д.;посуда;посуда;посуда;;150;;Производственное;основная;дезинфекция;;;;;;;;;;
109;Инвентарь, посуда и т.д.;расстоечные термочехлы;расстоечные термочехлы;расстоечные термочехлы;;150;;Производственное;основная;мойка;;;;;;;;;;
109;Инвентарь, посуда и т.д.;расстоечные термочехлы;расстоечные термочехлы;расстоечные термочехлы;;150;;Производственное;основная;дезинфекция;;;;;;;;;;
110;Инвентарь, посуда и т.д.;секачи;секачи;секачи;;150;;Производственное;основная;мойка;;;;;;;;;;
110;Инвентарь, посуда и т.д.;секачи;секачи;секачи;;150;;Производственное;основная;дезинфекция;;;;;;;;;;
111;Инвентарь, посуда и т.д.;силапеновые коврики;силапеновые коврики;силапеновые коврики;;150;;Производственное;основная;мойка;;;;;;;;;;
111;Инвентарь, посуда и т.д.;силапеновые коврики;силапеновые коврики;силапеновые коврики;;150;;Производственное;основная;дезинфекция;;;;;;;;;;
112;Инвентарь, посуда и т.д.;съёмные детали оборудования а;съёмные детали оборудования алюминиевые;съёмные детали оборудования;А;150;;Производственное;основная;мойка;;;;;;;;;;
112;Инвентарь, посуда и т.д.;съёмные детали оборудования а;съёмные детали оборудования алюминиевые;съёмные детали оборудования;А;150;;Производственное;основная;дезинфекция;;;;;;;;;;
113;Инвентарь, посуда и т.д.;съёмные детали оборудования н;съёмные детали оборудования из нержавеющей стали;съёмные детали оборудования;Н;150;;Производственное;основная;мойка;;;;;;;;;;
113;Инвентарь, посуда и т.д.;съёмные детали оборудования н;съёмные детали оборудования из нержавеющей стали;съёмные детали оборудования;Н;150;;Производственное;основная;дезинфекция;;;;;;;;;;
115;Инвентарь, посуда и т.д.;тележки подкатные;тележки подкатные;тележки подкатные;;150;;Производственное;основная;мойка;;;;;;;;;;
115;Инвентарь, посуда и т.д.;тележки подкатные;тележки подкатные;тележки подкатные;;150;;Производственное;основная;дезинфекция;;;;;;;;;;
116;Инвентарь, посуда и т.д.;формы для выпечки а;формы для выпечки алюминиевые;формы для выпечки;А;150;;Производственное;основная;мойка;;;;;;;;;;
116;Инвентарь, посуда и т.д.;формы для выпечки а;формы для выпечки алюминиевые;формы для выпечки;А;150;;Производственное;основная;дезинфекция;;;;;;;;;;
117;Инвентарь, посуда и т.д.;формы для выпечки н;формы для выпечки из нержавеющей стали;формы для выпечки;Н;150;;Производственное;основная;мойка;;;;;;;;;;
117;Инвентарь, посуда и т.д.;формы для выпечки н;формы для выпечки из нержавеющей стали;формы для выпечки;Н;150;;Производственное;основная;дезинфекция;;;;;;;;;;
118;Инвентарь, посуда и т.д.;формы для выпечки с;формы для выпечки силиконовые;формы для выпечки;С;150;;Производственное;основная;мойка;;;;;;;;;;
118;Инвентарь, посуда и т.д.;формы для выпечки с;формы для выпечки силиконовые;формы для выпечки;С;150;;Производственное;основная;дезинфекция;;;;;;;;;;
119;Инвентарь, посуда и т.д.;шампура;шампуры;шампуры;;150;;Производственное;основная;мойка;;;;;;;;;;
119;Инвентарь, посуда и т.д.;шампура;шампуры;шампуры;;150;;Производственное;основная;дезинфекция;;;;;;;;;;
120;Инвентарь, посуда и т.д.;шпильки;шпильки;шпильки;;150;;Производственное;основная;мойка;;;;;;;;;;
120;Инвентарь, посуда и т.д.;шпильки;шпильки;шпильки;;150;;Производственное;основная;дезинфекция;;;;;;;;;;
121;Инвентарь, посуда и т.д.;ёмкости для перетаривания;ёмкости для перетаривания;ёмкости для перетаривания;;150;;Производственное;основная;мойка;;;;;;;;;;
121;Инвентарь, посуда и т.д.;ёмкости для перетаривания;ёмкости для перетаривания;ёмкости для перетаривания;;150;;Производственное;основная;дезинфекция;;;;;;;;;;
122;Инвентарь, посуда и т.д.;ёмкости для сыпучих продуктов;ёмкости для сыпучих продуктов;ёмкости для сыпучих продуктов;;150;;Производственное;основная;мойка;;;;;;;;;;
122;Инвентарь, посуда и т.д.;ёмкости для сыпучих продуктов;ёмкости для сыпучих продуктов;ёмкости для сыпучих продуктов;;150;;Производственное;основная;дезинфекция;;;;;;;;;;
123;Моечный, уборочный инвентарь и оборудование;авд;АВД;АВД;;170;;Производственное;основная;мойка;;;;;;;;;;
123;Моечный, уборочный инвентарь и оборудование;авд;АВД;АВД;;170;;Производственное;основная;дезинфекция;;;;;;;;;;
124;Моечный, уборочный инвентарь и оборудование;ведра;ведра;ведра;;170;;Производственное;основная;мойка;;;;;;;;;;
124;Моечный, уборочный инвентарь и оборудование;ведра;ведра;ведра;;170;;Производственное;основная;дезинфекция;;;;;;;;;;
125;Моечный, уборочный инвентарь и оборудование;ветошь;ветошь;ветошь;;170;;Производственное;основная;мойка;;;;;;;;;;
125;Моечный, уборочный инвентарь и оборудование;ветошь;ветошь;ветошь;;170;;Производственное;основная;дезинфекция;;;;;;;;;;
126;Моечный, уборочный инвентарь и оборудование;мопы;мопы;мопы;;170;;Производственное;основная;мойка;;;;;;;;;;
126;Моечный, уборочный инвентарь и оборудование;мопы;мопы;мопы;;170;;Производственное;основная;дезинфекция;;;;;;;;;;
128;Моечный, уборочный инвентарь и оборудование;пылесосы;пылесос;пылесос;;170;;Производственное;основная;мойка;;;;;;;;;;
128;Моечный, уборочный инвентарь и оборудование;пылесосы;пылесос;пылесос;;170;;Производственное;основная;дезинфекция;;;;;;;;;;
129;Моечный, уборочный инвентарь и оборудование;сгоны;сгоны для воды;сгоны для воды;;170;;Производственное;основная;мойка;;;;;;;;;;
129;Моечный, уборочный инвентарь и оборудование;сгоны;сгоны для воды;сгоны для воды;;170;;Производственное;основная;дезинфекция;;;;;;;;;;
130;Моечный, уборочный инвентарь и оборудование;тележки уборочные;тележки уборочные;тележки уборочные;;170;;Производственное;основная;мойка;;;;;;;;;;
130;Моечный, уборочный инвентарь и оборудование;тележки уборочные;тележки уборочные;тележки уборочные;;170;;Производственное;основная;дезинфекция;;;;;;;;;;
131;Моечный, уборочный инвентарь и оборудование;щётки;щётки;щётки;;170;;Производственное;основная;мойка;;;;;;;;;;
131;Моечный, уборочный инвентарь и оборудование;щётки;щётки;щётки;;170;;Производственное;основная;дезинфекция;;;;;;;;;;
133;Посудомоечное оборудование;пмм туннельная;посудомоечная машина туннельная;посудомоечная машина;туннельная;160;;Производственное;основная;мойка;;;;;;;;;;
133;Посудомоечное оборудование;пмм туннельная;посудомоечная машина туннельная;посудомоечная машина;туннельная;160;;Производственное;основная;дезинфекция;;;;;;;;;;
134;Посудомоечное оборудование;таромоечная машина;таромоечная машина;таромоечная машина;;160;;Производственное;основная;мойка;;;;;;;;;;
134;Посудомоечное оборудование;таромоечная машина;таромоечная машина;таромоечная машина;;160;;Производственное;основная;дезинфекция;;;;;;;;;;
135;Холодильное оборудование;камеры мороз;камеры морозильные;камеры морозильные;;160;;Производственное;основная;мойка;;;;;;;;;;
135;Холодильное оборудование;камеры мороз;камеры морозильные;камеры морозильные;;160;;Производственное;основная;дезинфекция;;;;;;;;;;
136;Холодильное оборудование;камеры холод;камеры холодильные;камеры холодильные;;160;;Производственное;основная;мойка;;;;;;;;;;
136;Холодильное оборудование;камеры холод;камеры холодильные;камеры холодильные;;160;;Производственное;основная;дезинфекция;;;;;;;;;;
137;Холодильное оборудование;камеры шок замор;камеры шоковой заморозки;камеры шоковой заморозки;;160;;Производственное;основная;мойка;;;;;;;;;;
137;Холодильное оборудование;камеры шок замор;камеры шоковой заморозки;камеры шоковой заморозки;;160;;Производственное;основная;дезинфекция;;;;;;;;;;
139;Холодильное оборудование;морозильный ларь;морозильный ларь;морозильный ларь;;160;;Производственное;основная;мойка;;;;;;;;;;
139;Холодильное оборудование;морозильный ларь;морозильный ларь;морозильный ларь;;160;;Производственное;основная;дезинфекция;;;;;;;;;;
151;Тепловое оборудование;расстоечные шкафы;расстоечные шкафы;расстоечные шкафы;;150;;Производственное;основная;мойка;;;;;;;;;;
151;Тепловое оборудование;расстоечные шкафы;расстоечные шкафы;расстоечные шкафы;;150;;Производственное;основная;дезинфекция;;;;;;;;;;
154;Технологическое оборудование;бисквиторезки;бисквиторезки;бисквиторезки;;150;;Производственное;основная;мойка;;;;;;;;;;
154;Технологическое оборудование;бисквиторезки;бисквиторезки;бисквиторезки;;150;;Производственное;основная;дезинфекция;;;;;;;;;;
155;Технологическое оборудование;блендеры;блендеры;блендеры;;150;;Производственное;основная;мойка;;;;;;;;;;
155;Технологическое оборудование;блендеры;блендеры;блендеры;;150;;Производственное;основная;дезинфекция;;;;;;;;;;
156;Технологическое оборудование;вакуумные роторные шприцы;вакуумные роторные шприцы;вакуумные роторные шприцы;;150;;Производственное;основная;мойка;;;;;;;;;;
156;Технологическое оборудование;вакуумные роторные шприцы;вакуумные роторные шприцы;вакуумные роторные шприцы;;150;;Производственное;основная;дезинфекция;;;;;;;;;;
159;Технологическое оборудование;водяные бани;водяные бани;водяные бани;;150;;Производственное;основная;мойка;;;;;;;;;;
159;Технологическое оборудование;водяные бани;водяные бани;водяные бани;;150;;Производственное;основная;дезинфекция;;;;;;;;;;
160;Технологическое оборудование;депозитор волюметрический;депозитор волюметрический;депозитор волюметрический;;150;;Производственное;основная;мойка;;;;;;;;;;
160;Технологическое оборудование;депозитор волюметрический;депозитор волюметрический;депозитор волюметрический;;150;;Производственное;основная;дезинфекция;;;;;;;;;;
161;Технологическое оборудование;дозатор для геля (пульверизатор);дозатор для геля (пульверизатор);дозатор для геля (пульверизатор);;150;;Производственное;основная;мойка;;;;;;;;;;
161;Технологическое оборудование;дозатор для геля (пульверизатор);дозатор для геля (пульверизатор);дозатор для геля (пульверизатор);;150;;Производственное;основная;дезинфекция;;;;;;;;;;
162;Технологическое оборудование;дозаторы для жидкостей;дозаторы для жидкостей;дозаторы для жидкостей;;150;;Производственное;основная;мойка;;;;;;;;;;
162;Технологическое оборудование;дозаторы для жидкостей;дозаторы для жидкостей;дозаторы для жидкостей;;150;;Производственное;основная;дезинфекция;;;;;;;;;;
163;Технологическое оборудование;дробилки;дробилки;дробилки;;150;;Производственное;основная;мойка;;;;;;;;;;
163;Технологическое оборудование;дробилки;дробилки;дробилки;;150;;Производственное;основная;дезинфекция;;;;;;;;;;
164;Технологическое оборудование;измельчители;измельчители;измельчители;;150;;Производственное;основная;мойка;;;;;;;;;;
164;Технологическое оборудование;измельчители;измельчители;измельчители;;150;;Производственное;основная;дезинфекция;;;;;;;;;;
165;Технологическое оборудование;картофелечистки;картофелечистки;картофелечистки;;150;;Производственное;основная;мойка;;;;;;;;;;
165;Технологическое оборудование;картофелечистки;картофелечистки;картофелечистки;;150;;Производственное;основная;дезинфекция;;;;;;;;;;
166;Технологическое оборудование;машина для резки конд изделий;машина для резки кондитерских изделий;машина для резки кондитерских изделий;;150;;Производственное;основная;мойка;;;;;;;;;;
166;Технологическое оборудование;машина для резки конд изделий;машина для резки кондитерских изделий;машина для резки кондитерских изделий;;150;;Производственное;основная;дезинфекция;;;;;;;;;;
167;Технологическое оборудование;металлодетектор;металлодетектор;металлодетектор;;150;;Производственное;основная;мойка;;;;;;;;;;
167;Технологическое оборудование;металлодетектор;металлодетектор;металлодетектор;;150;;Производственное;основная;дезинфекция;;;;;;;;;;
168;Технологическое оборудование;миксеры планетарные;миксеры планетарные;миксеры планетарные;;150;;Производственное;основная;мойка;;;;;;;;;;
168;Технологическое оборудование;миксеры планетарные;миксеры планетарные;миксеры планетарные;;150;;Производственное;основная;дезинфекция;;;;;;;;;;
169;Технологическое оборудование;минифилы (дозаторы крема);минифилы (дозаторы крема);минифилы (дозаторы крема);;150;;Производственное;основная;мойка;;;;;;;;;;
169;Технологическое оборудование;минифилы (дозаторы крема);минифилы (дозаторы крема);минифилы (дозаторы крема);;150;;Производственное;основная;дезинфекция;;;;;;;;;;
170;Технологическое оборудование;овощерезки;овощерезки;овощерезки;;150;;Производственное;основная;мойка;;;;;;;;;;
170;Технологическое оборудование;овощерезки;овощерезки;овощерезки;;150;;Производственное;основная;дезинфекция;;;;;;;;;;
171;Технологическое оборудование;овощечистки;овощечистки;овощечистки;;150;;Производственное;основная;мойка;;;;;;;;;;
171;Технологическое оборудование;овощечистки;овощечистки;овощечистки;;150;;Производственное;основная;дезинфекция;;;;;;;;;;
172;Технологическое оборудование;отсадочные машины;отсадочные машины;отсадочные машины;;150;;Производственное;основная;мойка;;;;;;;;;;
172;Технологическое оборудование;отсадочные машины;отсадочные машины;отсадочные машины;;150;;Производственное;основная;дезинфекция;;;;;;;;;;
173;Технологическое оборудование;пневматические распылители;пневматические распылители;пневматические распылители;;150;;Производственное;основная;мойка;;;;;;;;;;
173;Технологическое оборудование;пневматические распылители;пневматические распылители;пневматические распылители;;150;;Производственное;основная;дезинфекция;;;;;;;;;;
174;Технологическое оборудование;прессы для теста;прессы для теста;прессы для теста;;150;;Производственное;основная;мойка;;;;;;;;;;
174;Технологическое оборудование;прессы для теста;прессы для теста;прессы для теста;;150;;Производственное;основная;дезинфекция;;;;;;;;;;
175;Технологическое оборудование;производственные столы д;производственные столы деревянные;производственные столы;Д;150;;Производственное;основная;мойка;;;;;;;;;;
175;Технологическое оборудование;производственные столы д;производственные столы деревянные;производственные столы;Д;150;;Производственное;основная;дезинфекция;;;;;;;;;;
176;Технологическое оборудование;производственные столы н;производственные столы из нержавеющий стали;производственные столы;Н;150;;Производственное;основная;мойка;;;;;;;;;;
176;Технологическое оборудование;производственные столы н;производственные столы из нержавеющий стали;производственные столы;Н;150;;Производственное;основная;дезинфекция;;;;;;;;;;
177;Технологическое оборудование;просеиватели мука;просеиватели для муки;просеиватели для муки;;150;;Производственное;основная;мойка;;;;;;;;;;
177;Технологическое оборудование;просеиватели мука;просеиватели для муки;просеиватели для муки;;150;;Производственное;основная;дезинфекция;;;;;;;;;;
178;Технологическое оборудование;просеиватели сахар;просеиватели для сахара;просеиватели для сахара;;150;;Производственное;основная;мойка;;;;;;;;;;
178;Технологическое оборудование;просеиватели сахар;просеиватели для сахара;просеиватели для сахара;;150;;Производственное;основная;дезинфекция;;;;;;;;;;
179;Технологическое оборудование;протирочные машины;протирочные машины;протирочные машины;;150;;Производственное;основная;мойка;;;;;;;;;;
179;Технологическое оборудование;протирочные машины;протирочные машины;протирочные машины;;150;;Производственное;основная;дезинфекция;;;;;;;;;;
180;Технологическое оборудование;распылители для желе и сиропов;распылители для желе и сиропов;распылители для желе и сиропов;;150;;Производственное;основная;мойка;;;;;;;;;;
180;Технологическое оборудование;распылители для желе и сиропов;распылители для желе и сиропов;распылители для желе и сиропов;;150;;Производственное;основная;дезинфекция;;;;;;;;;;
181;Технологическое оборудование;рентгеновские системы контроля;рентгеновские системы контроля;рентгеновские системы контроля;;150;;Производственное;основная;мойка;;;;;;;;;;
181;Технологическое оборудование;рентгеновские системы контроля;рентгеновские системы контроля;рентгеновские системы контроля;;150;;Производственное;основная;дезинфекция;;;;;;;;;;
182;Технологическое оборудование;слайсера;слайсеры;слайсеры;;150;;Производственное;основная;мойка;;;;;;;;;;
182;Технологическое оборудование;слайсера;слайсеры;слайсеры;;150;;Производственное;основная;дезинфекция;;;;;;;;;;
184;Технологическое оборудование;тарталетницы;тарталетницы;тарталетницы;;150;;Производственное;основная;мойка;;;;;;;;;;
184;Технологическое оборудование;тарталетницы;тарталетницы;тарталетницы;;150;;Производственное;основная;дезинфекция;;;;;;;;;;
185;Технологическое оборудование;термощупы;термощупы;термощупы;;150;;Производственное;основная;мойка;;;;;;;;;;
185;Технологическое оборудование;термощупы;термощупы;термощупы;;150;;Производственное;основная;дезинфекция;;;;;;;;;;
186;Технологическое оборудование;тестоделители;тестоделители;тестоделители;;150;;Производственное;основная;мойка;;;;;;;;;;
186;Технологическое оборудование;тестоделители;тестоделители;тестоделители;;150;;Производственное;основная;дезинфекция;;;;;;;;;;
187;Технологическое оборудование;тестомесы;тестомесы;тестомесы;;150;;Производственное;основная;мойка;;;;;;;;;;
187;Технологическое оборудование;тестомесы;тестомесы;тестомесы;;150;;Производственное;основная;дезинфекция;;;;;;;;;;
188;Технологическое оборудование;тестоокруглители;тестоокруглители;тестоокруглители;;150;;Производственное;основная;мойка;;;;;;;;;;
188;Технологическое оборудование;тестоокруглители;тестоокруглители;тестоокруглители;;150;;Производственное;основная;дезинфекция;;;;;;;;;;
189;Технологическое оборудование;тестораскатки;тестораскатки;тестораскатки;;150;;Производственное;основная;мойка;;;;;;;;;;
189;Технологическое оборудование;тестораскатки;тестораскатки;тестораскатки;;150;;Производственное;основная;дезинфекция;;;;;;;;;;
190;Технологическое оборудование;ультразвуковые нарезки;ультразвуковые нарезки;ультразвуковые нарезки;;150;;Производственное;основная;мойка;;;;;;;;;;
190;Технологическое оборудование;ультразвуковые нарезки;ультразвуковые нарезки;ультразвуковые нарезки;;150;;Производственное;основная;дезинфекция;;;;;;;;;;
192;Технологическое оборудование;шприц-дозатор начинки;шприц-дозатор начинки;шприц-дозатор начинки;;150;;Производственное;основная;мойка;;;;;;;;;;
192;Технологическое оборудование;шприц-дозатор начинки;шприц-дозатор начинки;шприц-дозатор начинки;;150;;Производственное;основная;дезинфекция;;;;;;;;;;
193;Упаковочное оборудование;flow pack;flow pack;flow pack;;160;;Производственное;основная;мойка;;;;;;;;;;
193;Упаковочное оборудование;flow pack;flow pack;flow pack;;160;;Производственное;основная;дезинфекция;;;;;;;;;;
194;Упаковочное оборудование;автоматическиеклипсаторы;автоматические клипсаторы;автоматические клипсаторы;;160;;Производственное;основная;мойка;;;;;;;;;;
194;Упаковочное оборудование;автоматическиеклипсаторы;автоматические клипсаторы;автоматические клипсаторы;;160;;Производственное;основная;дезинфекция;;;;;;;;;;
196;Упаковочное оборудование;запайщики;запайщики;запайщики;;160;;Производственное;основная;мойка;;;;;;;;;;
196;Упаковочное оборудование;запайщики;запайщики;запайщики;;160;;Производственное;основная;дезинфекция;;;;;;;;;;
197;Упаковочное оборудование;принтера для этикеток;принтер для этикеток;принтер для этикеток;;160;;Производственное;основная;мойка;;;;;;;;;;
197;Упаковочное оборудование;принтера для этикеток;принтер для этикеток;принтер для этикеток;;160;;Производственное;основная;дезинфекция;;;;;;;;;;
198;Упаковочное оборудование;термоусадочные туннели;термоусадочные туннели;термоусадочные туннели;;160;;Производственное;основная;мойка;;;;;;;;;;
198;Упаковочное оборудование;термоусадочные туннели;термоусадочные туннели;термоусадочные туннели;;160;;Производственное;основная;дезинфекция;;;;;;;;;;
199;Упаковочное оборудование;этикетировщики;этикетировщики;этикетировщики;;160;;Производственное;основная;мойка;;;;;;;;;;
199;Упаковочное оборудование;этикетировщики;этикетировщики;этикетировщики;;160;;Производственное;основная;дезинфекция;;;;;;;;;;
200;Сантехническое оборудование;диспенсердозатор;Диспенсер / дозатор для спецжидкостей;;;100;;Санитарное;основная;мойка;;;;;;;;по мере заполнения 2/3 объёма;сотрудник внутреннего клининга;
200;Сантехническое оборудование;диспенсердозатор;Диспенсер / дозатор для спецжидкостей;;;100;;Санитарное;основная;дезинфекция;;;;;;;;по мере заполнения 2/3 объёма;сотрудник внутреннего клининга;
201;Технологическое оборудование;прибор кисл теста;Прибор для определения кислотности теста;;;100;;Санитарное;основная;мойка;;;;;;;;по мере заполнения 2/3 объёма;сотрудник внутреннего клининга;
201;Технологическое оборудование;прибор кисл теста;Прибор для определения кислотности теста;;;100;;Санитарное;основная;дезинфекция;;;;;;;;по мере заполнения 2/3 объёма;сотрудник внутреннего клининга;
202;Холодильное оборудование;холодильная витрина;Холодильная витрина;;;100;;Санитарное;основная;мойка;;;;;;;;по мере заполнения 2/3 объёма;сотрудник внутреннего клининга;
202;Холодильное оборудование;холодильная витрина;Холодильная витрина;;;100;;Санитарное;основная;дезинфекция;;;;;;;;по мере заполнения 2/3 объёма;сотрудник внутреннего клининга;
200;Сантехническое оборудование;диспенсердозатор;Диспенсер / дозатор для спецжидкостей;;;100;;Санитарное;основная;мойка;;;;;;;;1 раз в неделю;сотрудник внутреннего клининга;
200;Сантехническое оборудование;диспенсердозатор;Диспенсер / дозатор для спецжидкостей;;;100;;Санитарное;основная;дезинфекция;;;;;;;;1 раз в неделю;сотрудник внутреннего клининга;
200;Сантехническое оборудование;диспенсердозатор;Диспенсер / дозатор для спецжидкостей;;;100;;Санитарное;поддерживающая;мойка;;;;;;;;по мере необходимости;сотрудник внутреннего клининга;
200;Сантехническое оборудование;диспенсердозатор;Диспенсер / дозатор для спецжидкостей;;;100;;Санитарное;генеральная;мойка;;;;;;;;1 раз в месяц;сотрудник внутреннего клининга;
200;Сантехническое оборудование;диспенсердозатор;Диспенсер / дозатор для спецжидкостей;;;100;;Санитарное;генеральная;дезинфекция;;;;;;;;1 раз в месяц;сотрудник внутреннего клининга;
201;Технологическое оборудование;прибор кисл теста;Прибор для определения кислотности теста;;;100;;Санитарное;основная;мойка;;;;;;;;1 раз в неделю;сотрудник внутреннего клининга;
201;Технологическое оборудование;прибор кисл теста;Прибор для определения кислотности теста;;;100;;Санитарное;основная;дезинфекция;;;;;;;;1 раз в неделю;сотрудник внутреннего клининга;
201;Технологическое оборудование;прибор кисл теста;Прибор для определения кислотности теста;;;100;;Санитарное;поддерживающая;мойка;;;;;;;;по мере необходимости;сотрудник внутреннего клининга;
201;Технологическое оборудование;прибор кисл теста;Прибор для определения кислотности теста;;;100;;Санитарное;генеральная;мойка;;;;;;;;1 раз в месяц;сотрудник внутреннего клининга;
201;Технологическое оборудование;прибор кисл теста;Прибор для определения кислотности теста;;;100;;Санитарное;генеральная;дезинфекция;;;;;;;;1 раз в месяц;сотрудник внутреннего клининга;
202;Холодильное оборудование;холодильная витрина;Холодильная витрина;;;100;;Санитарное;основная;мойка;;;;;;;;1 раз в неделю;сотрудник внутреннего клининга;
202;Холодильное оборудование;холодильная витрина;Холодильная витрина;;;100;;Санитарное;основная;дезинфекция;;;;;;;;1 раз в неделю;сотрудник внутреннего клининга;
202;Холодильное оборудование;холодильная витрина;Холодильная витрина;;;100;;Санитарное;поддерживающая;мойка;;;;;;;;по мере необходимости;сотрудник внутреннего клининга;
202;Холодильное оборудование;холодильная витрина;Холодильная витрина;;;100;;Санитарное;генеральная;мойка;;;;;;;;1 раз в месяц;сотрудник внутреннего клининга;
202;Холодильное оборудование;холодильная витрина;Холодильная витрина;;;100;;Санитарное;генеральная;дезинфекция;;;;;;;;1 раз в месяц;сотрудник внутреннего клининга;
36;Поверхности;потолок () п;потолок подвесной;потолок (высота _____м);П;10;;Санитарное;поддерживающая;мойка;;;;;;;;1 раз в 3 месяца обеспыливание;сотрудник внутреннего клининга;
36;Поверхности;потолок () п;потолок подвесной;потолок (высота _____м);П;10;;Санитарное;поддерживающая;дезинфекция;;;;;;;;1 раз в 3 месяца обеспыливание;сотрудник внутреннего клининга;
36;Поверхности;потолок () п;потолок подвесной;потолок (высота _____м);П;10;;Санитарное;генеральная;мойка;;;;;;;;1 раз в 12 месяцев;сотрудник внутреннего клининга;
36;Поверхности;потолок () п;потолок подвесной;потолок (высота _____м);П;10;;Санитарное;генеральная;дезинфекция;;;;;;;;1 раз в 12 месяцев;сотрудник внутреннего клининга;
200;Сантехническое оборудование;диспенсердозатор;Диспенсер / дозатор для спецжидкостей;;;100;;Санитарное;поддерживающая;мойка;;;;;;;;1 раз в 3 месяца обеспыливание;сотрудник внутреннего клининга;
200;Сантехническое оборудование;диспенсердозатор;Диспенсер / дозатор для спецжидкостей;;;100;;Санитарное;поддерживающая;дезинфекция;;;;;;;;1 раз в 3 месяца обеспыливание;сотрудник внутреннего клининга;
200;Сантехническое оборудование;диспенсердозатор;Диспенсер / дозатор для спецжидкостей;;;100;;Санитарное;генеральная;мойка;;;;;;;;1 раз в 12 месяцев;сотрудник внутреннего клининга;
200;Сантехническое оборудование;диспенсердозатор;Диспенсер / дозатор для спецжидкостей;;;100;;Санитарное;генеральная;дезинфекция;;;;;;;;1 раз в 12 месяцев;сотрудник внутреннего клининга;
201;Технологическое оборудование;прибор кисл теста;Прибор для определения кислотности теста;;;100;;Санитарное;поддерживающая;мойка;;;;;;;;1 раз в 3 месяца обеспыливание;сотрудник внутреннего клининга;
201;Технологическое оборудование;прибор кисл теста;Прибор для определения кислотности теста;;;100;;Санитарное;поддерживающая;дезинфекция;;;;;;;;1 раз в 3 месяца обеспыливание;сотрудник внутреннего клининга;
201;Технологическое оборудование;прибор кисл теста;Прибор для определения кислотности теста;;;100;;Санитарное;генеральная;мойка;;;;;;;;1 раз в 12 месяцев;сотрудник внутреннего клининга;
201;Технологическое оборудование;прибор кисл теста;Прибор для определения кислотности теста;;;100;;Санитарное;генеральная;дезинфекция;;;;;;;;1 раз в 12 месяцев;сотрудник внутреннего клининга;
202;Холодильное оборудование;холодильная витрина;Холодильная витрина;;;100;;Санитарное;поддерживающая;мойка;;;;;;;;1 раз в 3 месяца обеспыливание;сотрудник внутреннего клининга;
202;Холодильное оборудование;холодильная витрина;Холодильная витрина;;;100;;Санитарное;поддерживающая;дезинфекция;;;;;;;;1 раз в 3 месяца обеспыливание;сотрудник внутреннего клининга;
202;Холодильное оборудование;холодильная витрина;Холодильная витрина;;;100;;Санитарное;генеральная;мойка;;;;;;;;1 раз в 12 месяцев;сотрудник внутреннего клининга;
202;Холодильное оборудование;холодильная витрина;Холодильная витрина;;;100;;Санитарное;генеральная;дезинфекция;;;;;;;;1 раз в 12 месяцев;сотрудник внутреннего клининга;
18;Поверхности;диффузоры;диффузоры;диффузоры;;35;;Санитарное;поддерживающая;мойка;;;;;;;;1 раз в 3 месяца обеспыливание;сотрудник внутреннего клининга;
18;Поверхности;диффузоры;диффузоры;диффузоры;;35;;Санитарное;поддерживающая;дезинфекция;;;;;;;;1 раз в 3 месяца обеспыливание;сотрудник внутреннего клининга;
18;Поверхности;диффузоры;диффузоры;диффузоры;;35;;Санитарное;генеральная;мойка;;;;;;;;1 раз в 12 месяцев;сотрудник внутреннего клининга;
18;Поверхности;диффузоры;диффузоры;диффузоры;;35;;Санитарное;генеральная;дезинфекция;;;;;;;;1 раз в 12 месяцев;сотрудник внутреннего клининга;
35;Поверхности;потолок () ок;потолок окрашенный;потолок (высота _____м);ОК;10;;Санитарное;поддерживающая;мойка;;;;;;;;1 раз в 3 месяца обеспыливание;сотрудник внутреннего клининга;
35;Поверхности;потолок () ок;потолок окрашенный;потолок (высота _____м);ОК;10;;Санитарное;поддерживающая;дезинфекция;;;;;;;;1 раз в 3 месяца обеспыливание;сотрудник внутреннего клининга;
35;Поверхности;потолок () ок;потолок окрашенный;потолок (высота _____м);ОК;10;;Санитарное;генеральная;мойка;;;;;;;;1 раз в 6 месяцев;сотрудник внутреннего клининга;
35;Поверхности;потолок () ок;потолок окрашенный;потолок (высота _____м);ОК;10;;Санитарное;генеральная;дезинфекция;;;;;;;;1 раз в 6 месяцев;сотрудник внутреннего клининга;
200;Сантехническое оборудование;диспенсердозатор;Диспенсер / дозатор для спецжидкостей;;;100;;Санитарное;генеральная;мойка;;;;;;;;1 раз в 6 месяцев;сотрудник внутреннего клининга;
200;Сантехническое оборудование;диспенсердозатор;Диспенсер / дозатор для спецжидкостей;;;100;;Санитарное;генеральная;дезинфекция;;;;;;;;1 раз в 6 месяцев;сотрудник внутреннего клининга;
201;Технологическое оборудование;прибор кисл теста;Прибор для определения кислотности теста;;;100;;Санитарное;генеральная;мойка;;;;;;;;1 раз в 6 месяцев;сотрудник внутреннего клининга;
201;Технологическое оборудование;прибор кисл теста;Прибор для определения кислотности теста;;;100;;Санитарное;генеральная;дезинфекция;;;;;;;;1 раз в 6 месяцев;сотрудник внутреннего клининга;
202;Холодильное оборудование;холодильная витрина;Холодильная витрина;;;100;;Санитарное;генеральная;мойка;;;;;;;;1 раз в 6 месяцев;сотрудник внутреннего клининга;
202;Холодильное оборудование;холодильная витрина;Холодильная витрина;;;100;;Санитарное;генеральная;дезинфекция;;;;;;;;1 раз в 6 месяцев;сотрудник внутреннего клининга;
5;Поверхности;вентиляционные трубы;вентиляционные трубы;вентиляционные трубы;;30;;Санитарное;поддерживающая;мойка;;;;;;;;1 раз в 3 месяца обеспыливание;сотрудник внутреннего клининга;
5;Поверхности;вентиляционные трубы;вентиляционные трубы;вентиляционные трубы;;30;;Санитарное;поддерживающая;дезинфекция;;;;;;;;1 раз в 3 месяца обеспыливание;сотрудник внутреннего клининга;
5;Поверхности;вентиляционные трубы;вентиляционные трубы;вентиляционные трубы;;30;;Санитарное;генеральная;мойка;;;;;;;;1 раз в 6/12 месяцев;сотрудник внутреннего клининга;
5;Поверхности;вентиляционные трубы;вентиляционные трубы;вентиляционные трубы;;30;;Санитарное;генеральная;дезинфекция;;;;;;;;1 раз в 6/12 месяцев;сотрудник внутреннего клининга;
200;Сантехническое оборудование;диспенсердозатор;Диспенсер / дозатор для спецжидкостей;;;100;;Санитарное;генеральная;мойка;;;;;;;;1 раз в 6/12 месяцев;сотрудник внутреннего клининга;
200;Сантехническое оборудование;диспенсердозатор;Диспенсер / дозатор для спецжидкостей;;;100;;Санитарное;генеральная;дезинфекция;;;;;;;;1 раз в 6/12 месяцев;сотрудник внутреннего клининга;
201;Технологическое оборудование;прибор кисл теста;Прибор для определения кислотности теста;;;100;;Санитарное;генеральная;мойка;;;;;;;;1 раз в 6/12 месяцев;сотрудник внутреннего клининга;
201;Технологическое оборудование;прибор кисл теста;Прибор для определения кислотности теста;;;100;;Санитарное;генеральная;дезинфекция;;;;;;;;1 раз в 6/12 месяцев;сотрудник внутреннего клининга;
202;Холодильное оборудование;холодильная витрина;Холодильная витрина;;;100;;Санитарное;генеральная;мойка;;;;;;;;1 раз в 6/12 месяцев;сотрудник внутреннего клининга;
202;Холодильное оборудование;холодильная витрина;Холодильная витрина;;;100;;Санитарное;генеральная;дезинфекция;;;;;;;;1 раз в 6/12 месяцев;сотрудник внутреннего клининга;
18;Поверхности;диффузоры;диффузоры;диффузоры;;35;;Санитарное;генеральная;мойка;;;;;;;;1 раз в 6/12 месяцев;сотрудник внутреннего клининга;
18;Поверхности;диффузоры;диффузоры;диффузоры;;35;;Санитарное;генеральная;дезинфекция;;;;;;;;1 раз в 6/12 месяцев;сотрудник внутреннего клининга;
39;Поверхности;светильники;светильники;светильники;;20;;Санитарное;поддерживающая;мойка;;;;;;;;1 раз в 3 месяца обеспыливание;сотрудник внутреннего клининга;
39;Поверхности;светильники;светильники;светильники;;20;;Санитарное;поддерживающая;дезинфекция;;;;;;;;1 раз в 3 месяца обеспыливание;сотрудник внутреннего клининга;
39;Поверхности;светильники;светильники;светильники;;20;;Санитарное;генеральная;мойка;;;;;;;;1 раз в 6/12 месяцев;сотрудник внутреннего клининга;
39;Поверхности;светильники;светильники;светильники;;20;;Санитарное;генеральная;дезинфекция;;;;;;;;1 раз в 6/12 месяцев;сотрудник внутреннего клининга;
41;Поверхности;стены (выше 2 м);стены (выше 2 м);стены (выше 2 м);;30;;Санитарное;поддерживающая;мойка;;;;;;;;1 раз в 3 месяца обеспыливание;сотрудник внутреннего клининга;
41;Поверхности;стены (выше 2 м);стены (выше 2 м);стены (выше 2 м);;30;;Санитарное;поддерживающая;дезинфекция;;;;;;;;1 раз в 3 месяца обеспыливание;сотрудник внутреннего клининга;
41;Поверхности;стены (выше 2 м);стены (выше 2 м);стены (выше 2 м);;30;;Санитарное;генеральная;мойка;;;;;;;;1 раз в 6 месяцев;сотрудник внутреннего клининга;
41;Поверхности;стены (выше 2 м);стены (выше 2 м);стены (выше 2 м);;30;;Санитарное;генеральная;дезинфекция;;;;;;;;1 раз в 6 месяцев;сотрудник внутреннего клининга;
6;Поверхности;водопроводные трубы;водопроводные трубы;водопроводные трубы;;60;;Санитарное;поддерживающая;мойка;;;;;;;;1 раз в 3 месяца обеспыливание;сотрудник внутреннего клининга;
6;Поверхности;водопроводные трубы;водопроводные трубы;водопроводные трубы;;60;;Санитарное;поддерживающая;дезинфекция;;;;;;;;1 раз в 3 месяца обеспыливание;сотрудник внутреннего клининга;
6;Поверхности;водопроводные трубы;водопроводные трубы;водопроводные трубы;;60;;Санитарное;генеральная;мойка;;;;;;;;1 раз в 6 месяцев;сотрудник внутреннего клининга;
6;Поверхности;водопроводные трубы;водопроводные трубы;водопроводные трубы;;60;;Санитарное;генеральная;дезинфекция;;;;;;;;1 раз в 6 месяцев;сотрудник внутреннего клининга;
22;Поверхности;кабель-каналы;кабель-каналы;кабель-каналы;;60;;Санитарное;поддерживающая;мойка;;;;;;;;1 раз в 3 месяца обеспыливание;сотрудник внутреннего клининга;
22;Поверхности;кабель-каналы;кабель-каналы;кабель-каналы;;60;;Санитарное;поддерживающая;дезинфекция;;;;;;;;1 раз в 3 месяца обеспыливание;сотрудник внутреннего клининга;
22;Поверхности;кабель-каналы;кабель-каналы;кабель-каналы;;60;;Санитарное;генеральная;мойка;;;;;;;;1 раз в 6 месяцев;сотрудник внутреннего клининга;
22;Поверхности;кабель-каналы;кабель-каналы;кабель-каналы;;60;;Санитарное;генеральная;дезинфекция;;;;;;;;1 раз в 6 месяцев;сотрудник внутреннего клининга;
42;Поверхности;стены (до 2 м);стены (до 2 м);стены (до 2 м);;40;;Санитарное;основная;мойка;;;;;;;;1 раз в неделю;сотрудник внутреннего клининга;
42;Поверхности;стены (до 2 м);стены (до 2 м);стены (до 2 м);;40;;Санитарное;основная;дезинфекция;;;;;;;;1 раз в неделю;сотрудник внутреннего клининга;
42;Поверхности;стены (до 2 м);стены (до 2 м);стены (до 2 м);;40;;Санитарное;генеральная;мойка;;;;;;;;1 раз в месяц;сотрудник внутреннего клининга;
42;Поверхности;стены (до 2 м);стены (до 2 м);стены (до 2 м);;40;;Санитарное;генеральная;дезинфекция;;;;;;;;1 раз в месяц;сотрудник внутреннего клининга;
6;Поверхности;водопроводные трубы;водопроводные трубы;водопроводные трубы;;60;;Санитарное;основная;мойка;;;;;;;;1 раз в неделю;сотрудник внутреннего клининга;
6;Поверхности;водопроводные трубы;водопроводные трубы;водопроводные трубы;;60;;Санитарное;основная;дезинфекция;;;;;;;;1 раз в неделю;сотрудник внутреннего клининга;
6;Поверхности;водопроводные трубы;водопроводные трубы;водопроводные трубы;;60;;Санитарное;генеральная;мойка;;;;;;;;1 раз в месяц;сотрудник внутреннего клининга;
6;Поверхности;водопроводные трубы;водопроводные трубы;водопроводные трубы;;60;;Санитарное;генеральная;дезинфекция;;;;;;;;1 раз в месяц;сотрудник внутреннего клининга;
22;Поверхности;кабель-каналы;кабель-каналы;кабель-каналы;;60;;Санитарное;основная;мойка;;;;;;;;1 раз в неделю;сотрудник внутреннего клининга;
22;Поверхности;кабель-каналы;кабель-каналы;кабель-каналы;;60;;Санитарное;основная;дезинфекция;;;;;;;;1 раз в неделю;сотрудник внутреннего клининга;
22;Поверхности;кабель-каналы;кабель-каналы;кабель-каналы;;60;;Санитарное;генеральная;мойка;;;;;;;;1 раз в месяц;сотрудник внутреннего клининга;
22;Поверхности;кабель-каналы;кабель-каналы;кабель-каналы;;60;;Санитарное;генеральная;дезинфекция;;;;;;;;1 раз в месяц;сотрудник внутреннего клининга;
38;Поверхности;розетки;розетки;розетки;;65;;Санитарное;основная;мойка;;;;;;;;1 раз в неделю;сотрудник внутреннего клининга;
38;Поверхности;розетки;розетки;розетки;;65;;Санитарное;основная;дезинфекция;;;;;;;;1 раз в неделю;сотрудник внутреннего клининга;
38;Поверхности;розетки;розетки;розетки;;65;;Санитарное;генеральная;мойка;;;;;;;;1 раз в месяц;сотрудник внутреннего клининга;
38;Поверхности;розетки;розетки;розетки;;65;;Санитарное;генеральная;дезинфекция;;;;;;;;1 раз в месяц;сотрудник внутреннего клининга;
12;Поверхности;двери;двери;двери;;90;;Санитарное;основная;мойка;;;;;;;;1 раз в неделю;сотрудник внутреннего клининга;
12;Поверхности;двери;двери;двери;;90;;Санитарное;основная;дезинфекция;;;;;;;;1 раз в неделю;сотрудник внутреннего клининга;
12;Поверхности;двери;двери;двери;;90;;Санитарное;генеральная;мойка;;;;;;;;1 раз в месяц;сотрудник внутреннего клининга;
12;Поверхности;двери;двери;двери;;90;;Санитарное;генеральная;дезинфекция;;;;;;;;1 раз в месяц;сотрудник внутреннего клининга;
51;Сантехническое оборудование;душевые секции;душевые секции;душевые секции;;100;;Санитарное;основная;мойка;;;;;;;;1 раз в неделю;сотрудник внутреннего клининга;
51;Сантехническое оборудование;душевые секции;душевые секции;душевые секции;;100;;Санитарное;основная;дезинфекция;;;;;;;;1 раз в неделю;сотрудник внутреннего клининга;
51;Сантехническое оборудование;душевые секции;душевые секции;душевые секции;;100;;Санитарное;генеральная;мойка;;;;;;;;1 раз в месяц;сотрудник внутреннего клининга;
51;Сантехническое оборудование;душевые секции;душевые секции;душевые секции;;100;;Санитарное;генеральная;дезинфекция;;;;;;;;1 раз в месяц;сотрудник внутреннего клининга;
30;Поверхности;отопительные приборы;отопительные приборы;отопительные приборы;;70;;Санитарное;поддерживающая;мойка;;;;;;;;1 раз в месяц обеспыливание;сотрудник внутреннего клининга;
30;Поверхности;отопительные приборы;отопительные приборы;отопительные приборы;;70;;Санитарное;поддерживающая;дезинфекция;;;;;;;;1 раз в месяц обеспыливание;сотрудник внутреннего клининга;
30;Поверхности;отопительные приборы;отопительные приборы;отопительные приборы;;70;;Санитарное;генеральная;мойка;;;;;;;;1 раз в 6 месяцев;сотрудник внутреннего клининга;
30;Поверхности;отопительные приборы;отопительные приборы;отопительные приборы;;70;;Санитарное;генеральная;дезинфекция;;;;;;;;1 раз в 6 месяцев;сотрудник внутреннего клининга;
200;Сантехническое оборудование;диспенсердозатор;Диспенсер / дозатор для спецжидкостей;;;100;;Санитарное;поддерживающая;мойка;;;;;;;;1 раз в месяц обеспыливание;сотрудник внутреннего клининга;
200;Сантехническое оборудование;диспенсердозатор;Диспенсер / дозатор для спецжидкостей;;;100;;Санитарное;поддерживающая;дезинфекция;;;;;;;;1 раз в месяц обеспыливание;сотрудник внутреннего клининга;
201;Технологическое оборудование;прибор кисл теста;Прибор для определения кислотности теста;;;100;;Санитарное;поддерживающая;мойка;;;;;;;;1 раз в месяц обеспыливание;сотрудник внутреннего клининга;
201;Технологическое оборудование;прибор кисл теста;Прибор для определения кислотности теста;;;100;;Санитарное;поддерживающая;дезинфекция;;;;;;;;1 раз в месяц обеспыливание;сотрудник внутреннего клининга;
202;Холодильное оборудование;холодильная витрина;Холодильная витрина;;;100;;Санитарное;поддерживающая;мойка;;;;;;;;1 раз в месяц обеспыливание;сотрудник внутреннего клининга;
202;Холодильное оборудование;холодильная витрина;Холодильная витрина;;;100;;Санитарное;поддерживающая;дезинфекция;;;;;;;;1 раз в месяц обеспыливание;сотрудник внутреннего клининга;
13;Поверхности;дверные ручки;дверные ручки;дверные ручки;;65;;Санитарное;поддерживающая;дезинфекция;;;;;;;;2 раза в смену;сотрудник внутреннего клининга;
13;Поверхности;дверные ручки;дверные ручки;дверные ручки;;65;;Санитарное;генеральная;мойка;;;;;;;;1 раз в месяц;сотрудник внутреннего клининга;
13;Поверхности;дверные ручки;дверные ручки;дверные ручки;;65;;Санитарное;генеральная;дезинфекция;;;;;;;;1 раз в месяц;сотрудник внутреннего клининга;
200;Сантехническое оборудование;диспенсердозатор;Диспенсер / дозатор для спецжидкостей;;;100;;Санитарное;поддерживающая;дезинфекция;;;;;;;;2 раза в смену;сотрудник внутреннего клининга;
201;Технологическое оборудование;прибор кисл теста;Прибор для определения кислотности теста;;;100;;Санитарное;поддерживающая;дезинфекция;;;;;;;;2 раза в смену;сотрудник внутреннего клининга;
202;Холодильное оборудование;холодильная витрина;Холодильная витрина;;;100;;Санитарное;поддерживающая;дезинфекция;;;;;;;;2 раза в смену;сотрудник внутреннего клининга;
8;Поверхности;выключатели;выключатели;выключатели;;65;;Санитарное;поддерживающая;дезинфекция;;;;;;;;2 раза в смену;сотрудник внутреннего клининга;
8;Поверхности;выключатели;выключатели;выключатели;;65;;Санитарное;генеральная;мойка;;;;;;;;1 раз в месяц;сотрудник внутреннего клининга;
8;Поверхности;выключатели;выключатели;выключатели;;65;;Санитарное;генеральная;дезинфекция;;;;;;;;1 раз в месяц;сотрудник внутреннего клининга;
61;Санитарный пост;дозаторы для мылаантисептика;дозаторы для мыла и антисептика;дозаторы для мыла и антисептика;;110;;Санитарное;основная;мойка;;;;;;;;при замене продукта;сотрудник внутреннего клининга;
61;Санитарный пост;дозаторы для мылаантисептика;дозаторы для мыла и антисептика;дозаторы для мыла и антисептика;;110;;Санитарное;основная;дезинфекция;;;;;;;;при замене продукта;сотрудник внутреннего клининга;
61;Санитарный пост;дозаторы для мылаантисептика;дозаторы для мыла и антисептика;дозаторы для мыла и антисептика;;110;;Санитарное;поддерживающая;дезинфекция;;;;;;;;2 раза в смену;сотрудник внутреннего клининга;
61;Санитарный пост;дозаторы для мылаантисептика;дозаторы для мыла и антисептика;дозаторы для мыла и антисептика;;110;;Санитарное;генеральная;мойка;;;;;;;;1 раз в месяц;сотрудник внутреннего клининга;
61;Санитарный пост;дозаторы для мылаантисептика;дозаторы для мыла и антисептика;дозаторы для мыла и антисептика;;110;;Санитарное;генеральная;дезинфекция;;;;;;;;1 раз в месяц;сотрудник внутреннего клининга;
200;Сантехническое оборудование;диспенсердозатор;Диспенсер / дозатор для спецжидкостей;;;100;;Санитарное;основная;мойка;;;;;;;;при замене продукта;сотрудник внутреннего клининга;
200;Сантехническое оборудование;диспенсердозатор;Диспенсер / дозатор для спецжидкостей;;;100;;Санитарное;основная;дезинфекция;;;;;;;;при замене продукта;сотрудник внутреннего клининга;
201;Технологическое оборудование;прибор кисл теста;Прибор для определения кислотности теста;;;100;;Санитарное;основная;мойка;;;;;;;;при замене продукта;сотрудник внутреннего клининга;
201;Технологическое оборудование;прибор кисл теста;Прибор для определения кислотности теста;;;100;;Санитарное;основная;дезинфекция;;;;;;;;при замене продукта;сотрудник внутреннего клининга;
202;Холодильное оборудование;холодильная витрина;Холодильная витрина;;;100;;Санитарное;основная;мойка;;;;;;;;при замене продукта;сотрудник внутреннего клининга;
202;Холодильное оборудование;холодильная витрина;Холодильная витрина;;;100;;Санитарное;основная;дезинфекция;;;;;;;;при замене продукта;сотрудник внутреннего клининга;
1;Поверхности;пол;пол;пол;;200;;Санитарное;основная;мойка;;;;;;;;1 раз в неделю;сотрудник внутреннего клининга;
1;Поверхности;пол;пол;пол;;200;;Санитарное;основная;дезинфекция;;;;;;;;1 раз в неделю;сотрудник внутреннего клининга;
1;Поверхности;пол;пол;пол;;200;;Санитарное;генеральная;мойка;;;;;;;;1 раз в месяц;сотрудник внутреннего клининга;
1;Поверхности;пол;пол;пол;;200;;Санитарное;генеральная;дезинфекция;;;;;;;;1 раз в месяц;сотрудник внутреннего клининга;
66;Мебель;вешалки;вешалки;вешалки;;130;;Санитарное;основная;мойка;;;;;;;;1 раз в неделю;сотрудник внутреннего клининга;
66;Мебель;вешалки;вешалки;вешалки;;130;;Санитарное;основная;дезинфекция;;;;;;;;1 раз в неделю;сотрудник внутреннего клининга;
66;Мебель;вешалки;вешалки;вешалки;;130;;Санитарное;генеральная;мойка;;;;;;;;1 раз в месяц;сотрудник внутреннего клининга;
66;Мебель;вешалки;вешалки;вешалки;;130;;Санитарное;генеральная;дезинфекция;;;;;;;;1 раз в месяц;сотрудник внутреннего клининга;
51;Сантехническое оборудование;душевые секции;душевые секции;душевые секции;;100;;Санитарное;основная;мойка;;;;;;;;2 раза в смену;сотрудник внутреннего клининга;
51;Сантехническое оборудование;душевые секции;душевые секции;душевые секции;;100;;Санитарное;основная;дезинфекция;;;;;;;;2 раза в смену;сотрудник внутреннего клининга;
51;Сантехническое оборудование;душевые секции;душевые секции;душевые секции;;100;;Санитарное;поддерживающая;мойка;;;;;;;;по мере необходимости;сотрудник внутреннего клининга;
56;Сантехническое оборудование;унитаз;унитаз;унитаз;;90;;Санитарное;основная;мойка;;;;;;;;2 раза в смену;сотрудник внутреннего клининга;
56;Сантехническое оборудование;унитаз;унитаз;унитаз;;90;;Санитарное;основная;дезинфекция;;;;;;;;2 раза в смену;сотрудник внутреннего клининга;
56;Сантехническое оборудование;унитаз;унитаз;унитаз;;90;;Санитарное;поддерживающая;мойка;;;;;;;;по мере необходимости;сотрудник внутреннего клининга;
56;Сантехническое оборудование;унитаз;унитаз;унитаз;;90;;Санитарное;генеральная;мойка;;;;;;;;1 раз в месяц;сотрудник внутреннего клининга;
56;Сантехническое оборудование;унитаз;унитаз;унитаз;;90;;Санитарное;генеральная;дезинфекция;;;;;;;;1 раз в месяц;сотрудник внутреннего клининга;
200;Сантехническое оборудование;диспенсердозатор;Диспенсер / дозатор для спецжидкостей;;;100;;Санитарное;основная;мойка;;;;;;;;2 раза в смену;сотрудник внутреннего клининга;
200;Сантехническое оборудование;диспенсердозатор;Диспенсер / дозатор для спецжидкостей;;;100;;Санитарное;основная;дезинфекция;;;;;;;;2 раза в смену;сотрудник внутреннего клининга;
201;Технологическое оборудование;прибор кисл теста;Прибор для определения кислотности теста;;;100;;Санитарное;основная;мойка;;;;;;;;2 раза в смену;сотрудник внутреннего клининга;
201;Технологическое оборудование;прибор кисл теста;Прибор для определения кислотности теста;;;100;;Санитарное;основная;дезинфекция;;;;;;;;2 раза в смену;сотрудник внутреннего клининга;
202;Холодильное оборудование;холодильная витрина;Холодильная витрина;;;100;;Санитарное;основная;мойка;;;;;;;;2 раза в смену;сотрудник внутреннего клининга;
202;Холодильное оборудование;холодильная витрина;Холодильная витрина;;;100;;Санитарное;основная;дезинфекция;;;;;;;;2 раза в смену;сотрудник внутреннего клининга;
1;Поверхности;пол;пол;пол;;200;;Санитарное;основная;мойка;;;;;;;;2 раза в смену;сотрудник внутреннего клининга;
1;Поверхности;пол;пол;пол;;200;;Санитарное;основная;дезинфекция;;;;;;;;2 раза в смену;сотрудник внутреннего клининга;
1;Поверхности;пол;пол;пол;;200;;Санитарное;поддерживающая;мойка;;;;;;;;по мере необходимости;сотрудник внутреннего клининга;
60;Санитарный пост;диспенсердержатель для полотенец;диспенсер/держатель для полотенец;диспенсер для полотенец;;110;;Санитарное;основная;мойка;;;;;;;;2 раза в смену;сотрудник внутреннего клининга;
60;Санитарный пост;диспенсердержатель для полотенец;диспенсер/держатель для полотенец;диспенсер для полотенец;;110;;Санитарное;основная;дезинфекция;;;;;;;;2 раза в смену;сотрудник внутреннего клининга;
60;Санитарный пост;диспенсердержатель для полотенец;диспенсер/держатель для полотенец;диспенсер для полотенец;;110;;Санитарное;поддерживающая;мойка;;;;;;;;по мере необходимости;сотрудник внутреннего клининга;
60;Санитарный пост;диспенсердержатель для полотенец;диспенсер/держатель для полотенец;диспенсер для полотенец;;110;;Санитарное;генеральная;мойка;;;;;;;;1 раз в месяц;сотрудник внутреннего клининга;
60;Санитарный пост;диспенсердержатель для полотенец;диспенсер/держатель для полотенец;диспенсер для полотенец;;110;;Санитарное;генеральная;дезинфекция;;;;;;;;1 раз в месяц;сотрудник внутреннего клининга;
69;Мебель;полки;полки;полки;;130;;Санитарное;основная;мойка;;;;;;;;2 раза в смену;сотрудник внутреннего клининга;
69;Мебель;полки;полки;полки;;130;;Санитарное;основная;дезинфекция;;;;;;;;2 раза в смену;сотрудник внутреннего клининга;
69;Мебель;полки;полки;полки;;130;;Санитарное;поддерживающая;мойка;;;;;;;;по мере необходимости;сотрудник внутреннего клининга;
69;Мебель;полки;полки;полки;;130;;Санитарное;генеральная;мойка;;;;;;;;1 раз в месяц;сотрудник внутреннего клининга;
69;Мебель;полки;полки;полки;;130;;Санитарное;генеральная;дезинфекция;;;;;;;;1 раз в месяц;сотрудник внутреннего клининга;
127;Моечный, уборочный инвентарь и оборудование;поломоечная машина;поломоечная машина;поломоечная машина;;170;;Санитарное;основная;мойка;;;;;;;;2 раза в смену;сотрудник внутреннего клининга;
127;Моечный, уборочный инвентарь и оборудование;поломоечная машина;поломоечная машина;поломоечная машина;;170;;Санитарное;основная;дезинфекция;;;;;;;;2 раза в смену;сотрудник внутреннего клининга;
127;Моечный, уборочный инвентарь и оборудование;поломоечная машина;поломоечная машина;поломоечная машина;;170;;Санитарное;поддерживающая;мойка;;;;;;;;по мере необходимости;сотрудник внутреннего клининга;
127;Моечный, уборочный инвентарь и оборудование;поломоечная машина;поломоечная машина;поломоечная машина;;170;;Санитарное;генеральная;мойка;;;;;;;;1 раз в месяц;сотрудник внутреннего клининга;
127;Моечный, уборочный инвентарь и оборудование;поломоечная машина;поломоечная машина;поломоечная машина;;170;;Санитарное;генеральная;дезинфекция;;;;;;;;1 раз в месяц;сотрудник внутреннего клининга;
132;Посудомоечное оборудование;пмм купольная;посудомоечная машина купольная;посудомоечная машина;купольная;160;;Санитарное;основная;мойка;;;;;;;;2 раза в смену;сотрудник внутреннего клининга;
132;Посудомоечное оборудование;пмм купольная;посудомоечная машина купольная;посудомоечная машина;купольная;160;;Санитарное;основная;дезинфекция;;;;;;;;2 раза в смену;сотрудник внутреннего клининга;
132;Посудомоечное оборудование;пмм купольная;посудомоечная машина купольная;посудомоечная машина;купольная;160;;Санитарное;поддерживающая;мойка;;;;;;;;по мере необходимости;сотрудник внутреннего клининга;
132;Посудомоечное оборудование;пмм купольная;посудомоечная машина купольная;посудомоечная машина;купольная;160;;Санитарное;генеральная;мойка;;;;;;;;1 раз в месяц;сотрудник внутреннего клининга;
132;Посудомоечное оборудование;пмм купольная;посудомоечная машина купольная;посудомоечная машина;купольная;160;;Санитарное;генеральная;дезинфекция;;;;;;;;1 раз в месяц;сотрудник внутреннего клининга;
157;Технологическое оборудование;весы напольные;весы напольные;весы напольные;;150;;Санитарное;основная;мойка;;;;;;;;2 раза в смену;сотрудник внутреннего клининга;
157;Технологическое оборудование;весы напольные;весы напольные;весы напольные;;150;;Санитарное;основная;дезинфекция;;;;;;;;2 раза в смену;сотрудник внутреннего клининга;
157;Технологическое оборудование;весы напольные;весы напольные;весы напольные;;150;;Санитарное;поддерживающая;мойка;;;;;;;;по мере необходимости;сотрудник внутреннего клининга;
157;Технологическое оборудование;весы напольные;весы напольные;весы напольные;;150;;Санитарное;генеральная;мойка;;;;;;;;1 раз в месяц;сотрудник внутреннего клининга;
157;Технологическое оборудование;весы напольные;весы напольные;весы напольные;;150;;Санитарное;генеральная;дезинфекция;;;;;;;;1 раз в месяц;сотрудник внутреннего клининга;
97;Инвентарь, посуда и т.д.;инвентарь;инвентарь;инвентарь;;150;;Санитарное;основная;мойка;;;;;;;;1 раз в смену;сотрудник внутреннего клининга;
97;Инвентарь, посуда и т.д.;инвентарь;инвентарь;инвентарь;;150;;Санитарное;основная;дезинфекция;;;;;;;;1 раз в смену;сотрудник внутреннего клининга;
97;Инвентарь, посуда и т.д.;инвентарь;инвентарь;инвентарь;;150;;Санитарное;генеральная;мойка;;;;;;;;1 раз в месяц;сотрудник внутреннего клининга;
97;Инвентарь, посуда и т.д.;инвентарь;инвентарь;инвентарь;;150;;Санитарное;генеральная;дезинфекция;;;;;;;;1 раз в месяц;сотрудник внутреннего клининга;
200;Сантехническое оборудование;диспенсердозатор;Диспенсер / дозатор для спецжидкостей;;;100;;Санитарное;основная;мойка;;;;;;;;1 раз в смену;сотрудник внутреннего клининга;
200;Сантехническое оборудование;диспенсердозатор;Диспенсер / дозатор для спецжидкостей;;;100;;Санитарное;основная;дезинфекция;;;;;;;;1 раз в смену;сотрудник внутреннего клининга;
201;Технологическое оборудование;прибор кисл теста;Прибор для определения кислотности теста;;;100;;Санитарное;основная;мойка;;;;;;;;1 раз в смену;сотрудник внутреннего клининга;
201;Технологическое оборудование;прибор кисл теста;Прибор для определения кислотности теста;;;100;;Санитарное;основная;дезинфекция;;;;;;;;1 раз в смену;сотрудник внутреннего клининга;
202;Холодильное оборудование;холодильная витрина;Холодильная витрина;;;100;;Санитарное;основная;мойка;;;;;;;;1 раз в смену;сотрудник внутреннего клининга;
202;Холодильное оборудование;холодильная витрина;Холодильная витрина;;;100;;Санитарное;основная;дезинфекция;;;;;;;;1 раз в смену;сотрудник внутреннего клининга;
200;Сантехническое оборудование;диспенсердозатор;Диспенсер / дозатор для спецжидкостей;;;100;;Санитарное;основная;мойка;;;;;;;;после каждого использования;сотрудник внутреннего клининга;
200;Сантехническое оборудование;диспенсердозатор;Диспенсер / дозатор для спецжидкостей;;;100;;Санитарное;основная;дезинфекция;;;;;;;;1 раз в конце смены;сотрудник внутреннего клининга;
201;Технологическое оборудование;прибор кисл теста;Прибор для определения кислотности теста;;;100;;Санитарное;основная;мойка;;;;;;;;после каждого использования;сотрудник внутреннего клининга;
201;Технологическое оборудование;прибор кисл теста;Прибор для определения кислотности теста;;;100;;Санитарное;основная;дезинфекция;;;;;;;;1 раз в конце смены;сотрудник внутреннего клининга;
202;Холодильное оборудование;холодильная витрина;Холодильная витрина;;;100;;Санитарное;основная;мойка;;;;;;;;после каждого использования;сотрудник внутреннего клининга;
202;Холодильное оборудование;холодильная витрина;Холодильная витрина;;;100;;Санитарное;основная;дезинфекция;;;;;;;;1 раз в конце смены;сотрудник внутреннего клининга;
126;Моечный, уборочный инвентарь и оборудование;мопы;мопы;мопы;;170;;Санитарное;основная;мойка;;;;;;;;после каждого использования;сотрудник внутреннего клининга;
126;Моечный, уборочный инвентарь и оборудование;мопы;мопы;мопы;;170;;Санитарное;основная;дезинфекция;;;;;;;;1 раз в конце смены;сотрудник внутреннего клининга;
126;Моечный, уборочный инвентарь и оборудование;мопы;мопы;мопы;;170;;Санитарное;генеральная;мойка;;;;;;;;1 раз в месяц;сотрудник внутреннего клининга;
126;Моечный, уборочный инвентарь и оборудование;мопы;мопы;мопы;;170;;Санитарное;генеральная;дезинфекция;;;;;;;;1 раз в месяц;сотрудник внутреннего клининга;
2;Поверхности;бактерицидные лампы;бактерицидные лампы;бактерицидные лампы;;40;;Санитарное;основная;мойка;;;;;;;;;;
2;Поверхности;бактерицидные лампы;бактерицидные лампы;бактерицидные лампы;;40;;Санитарное;основная;дезинфекция;;;;;;;;;;
3;Поверхности;бойлера;бойлер;бойлер;;70;;Санитарное;основная;мойка;;;;;;;;;;
3;Поверхности;бойлера;бойлер;бойлер;;70;;Санитарное;основная;дезинфекция;;;;;;;;;;
4;Поверхности;вентиляторы;вентилятор;вентилятор;;80;;Санитарное;основная;мойка;;;;;;;;;;
4;Поверхности;вентиляторы;вентилятор;вентилятор;;80;;Санитарное;основная;дезинфекция;;;;;;;;;;
7;Поверхности;воротароллета;ворота/роллета;ворота/роллета;;90;;Санитарное;основная;мойка;;;;;;;;;;
7;Поверхности;воротароллета;ворота/роллета;ворота/роллета;;90;;Санитарное;основная;дезинфекция;;;;;;;;;;
9;Поверхности;вытяжные зонты а;вытяжные зонты алюминиевые;вытяжные зонты;А;25;;Санитарное;основная;мойка;;;;;;;;;;
9;Поверхности;вытяжные зонты а;вытяжные зонты алюминиевые;вытяжные зонты;А;25;;Санитарное;основная;дезинфекция;;;;;;;;;;
10;Поверхности;вытяжные зонты н;вытяжные зонты из нержавеющей стали;вытяжные зонты;Н;25;;Санитарное;основная;мойка;;;;;;;;;;
10;Поверхности;вытяжные зонты н;вытяжные зонты из нержавеющей стали;вытяжные зонты;Н;25;;Санитарное;основная;дезинфекция;;;;;;;;;;
11;Поверхности;гидравлические тележки;гидравлические тележки;гидравлические тележки;;180;;Санитарное;основная;мойка;;;;;;;;;;
11;Поверхности;гидравлические тележки;гидравлические тележки;гидравлические тележки;;180;;Санитарное;основная;дезинфекция;;;;;;;;;;
14;Поверхности;демосистема (контактная поверхность);демосистема (контактная поверхность);демосистема (контактная поверхность);;70;;Санитарное;основная;мойка;;;;;;;;;;
14;Поверхности;демосистема (контактная поверхность);демосистема (контактная поверхность);демосистема (контактная поверхность);;70;;Санитарное;основная;дезинфекция;;;;;;;;;;
15;Поверхности;держатели для досок;держатели для досок;держатели для досок;;70;;Санитарное;основная;мойка;;;;;;;;;;
15;Поверхности;держатели для досок;держатели для досок;держатели для досок;;70;;Санитарное;основная;дезинфекция;;;;;;;;;;
16;Поверхности;держатели для инвентаря;держатели для инвентаря;держатели для инвентаря;;70;;Санитарное;основная;мойка;;;;;;;;;;
16;Поверхности;держатели для инвентаря;держатели для инвентаря;держатели для инвентаря;;70;;Санитарное;основная;дезинфекция;;;;;;;;;;
17;Поверхности;держатели для ножей;держатели для ножей;держатели для ножей;;70;;Санитарное;основная;мойка;;;;;;;;;;
17;Поверхности;держатели для ножей;держатели для ножей;держатели для ножей;;70;;Санитарное;основная;дезинфекция;;;;;;;;;;
19;Поверхности;завесы пвх;завесы ПВХ;завесы ПВХ;;80;;Санитарное;основная;мойка;;;;;;;;;;
19;Поверхности;завесы пвх;завесы ПВХ;завесы ПВХ;;80;;Санитарное;основная;дезинфекция;;;;;;;;;;
20;Поверхности;завесы тепловые;завесы тепловые;завесы тепловые;;80;;Санитарное;основная;мойка;;;;;;;;;;
20;Поверхности;завесы тепловые;завесы тепловые;завесы тепловые;;80;;Санитарное;основная;дезинфекция;;;;;;;;;;
21;Поверхности;инсектицидные лампы;инсектицидные лампы;инсектицидные лампы;;45;;Санитарное;основная;мойка;;;;;;;;;;
21;Поверхности;инсектицидные лампы;инсектицидные лампы;инсектицидные лампы;;45;;Санитарное;основная;дезинфекция;;;;;;;;;;
23;Поверхности;кондиционер;кондиционер;кондиционер;;50;;Санитарное;основная;мойка;;;;;;;;;;
23;Поверхности;кондиционер;кондиционер;кондиционер;;50;;Санитарное;основная;дезинфекция;;;;;;;;;;
24;Поверхности;контейнеры для отходов;контейнеры для отходов;контейнеры для отходов;;190;;Санитарное;основная;мойка;;;;;;;;;;
24;Поверхности;контейнеры для отходов;контейнеры для отходов;контейнеры для отходов;;190;;Санитарное;основная;дезинфекция;;;;;;;;;;
25;Поверхности;лестницы;лестницы;лестницы;;180;;Санитарное;основная;мойка;;;;;;;;;;
25;Поверхности;лестницы;лестницы;лестницы;;180;;Санитарное;основная;дезинфекция;;;;;;;;;;
26;Поверхности;металлоконструкции;металлоконструкции;металлоконструкции;;70;;Санитарное;основная;мойка;;;;;;;;;;
26;Поверхности;металлоконструкции;металлоконструкции;металлоконструкции;;70;;Санитарное;основная;дезинфекция;;;;;;;;;;
27;Поверхности;мусорные корзины;мусорные корзины;мусорные корзины;;185;;Санитарное;основная;мойка;;;;;;;;;;
27;Поверхности;мусорные корзины;мусорные корзины;мусорные корзины;;185;;Санитарное;основная;дезинфекция;;;;;;;;;;
28;Поверхности;окна внешние;окна внешние;окна внешние;;55;;Санитарное;основная;мойка;;;;;;;;;;
28;Поверхности;окна внешние;окна внешние;окна внешние;;55;;Санитарное;основная;дезинфекция;;;;;;;;;;
29;Поверхности;окна внутрицеховые;окна внутрицеховые;окна внутрицеховые;;55;;Санитарное;основная;мойка;;;;;;;;;;
29;Поверхности;окна внутрицеховые;окна внутрицеховые;окна внутрицеховые;;55;;Санитарное;основная;дезинфекция;;;;;;;;;;
31;Поверхности;пластиковые паллеты;пластиковые паллеты;пластиковые паллеты;;175;;Санитарное;основная;мойка;;;;;;;;;;
31;Поверхности;пластиковые паллеты;пластиковые паллеты;пластиковые паллеты;;175;;Санитарное;основная;дезинфекция;;;;;;;;;;
32;Поверхности;пластиковые подкаты;пластиковые подкаты;пластиковые подкаты;;175;;Санитарное;основная;мойка;;;;;;;;;;
32;Поверхности;пластиковые подкаты;пластиковые подкаты;пластиковые подкаты;;175;;Санитарное;основная;дезинфекция;;;;;;;;;;
33;Поверхности;погрузчики;погрузчики;погрузчики;;180;;Санитарное;основная;мойка;;;;;;;;;;
33;Поверхности;погрузчики;погрузчики;погрузчики;;180;;Санитарное;основная;дезинфекция;;;;;;;;;;
34;Поверхности;пожарный щит;пожарный щит;пожарный щит;;70;;Санитарное;основная;мойка;;;;;;;;;;
34;Поверхности;пожарный щит;пожарный щит;пожарный щит;;70;;Санитарное;основная;дезинфекция;;;;;;;;;;
37;Поверхности;резиновые коврики;резиновые коврики;резиновые коврики;;190;;Санитарное;основная;мойка;;;;;;;;;;
37;Поверхности;резиновые коврики;резиновые коврики;резиновые коврики;;190;;Санитарное;основная;дезинфекция;;;;;;;;;;
40;Поверхности;сплит-системы;сплит-системы;сплит-системы;;50;;Санитарное;основная;мойка;;;;;;;;;;
40;Поверхности;сплит-системы;сплит-системы;сплит-системы;;50;;Санитарное;основная;дезинфекция;;;;;;;;;;
43;Поверхности;стерилизатор;стерилизатор;стерилизатор;;70;;Санитарное;основная;мойка;;;;;;;;;;
43;Поверхности;стерилизатор;стерилизатор;стерилизатор;;70;;Санитарное;основная;дезинфекция;;;;;;;;;;
44;Поверхности;стоки;стоки;стоки;;195;;Санитарное;основная;мойка;;;;;;;;;;
44;Поверхности;стоки;стоки;стоки;;195;;Санитарное;основная;дезинфекция;;;;;;;;;;
45;Поверхности;трапы;трапы;трапы;;195;;Санитарное;основная;мойка;;;;;;;;;;
45;Поверхности;трапы;трапы;трапы;;195;;Санитарное;основная;дезинфекция;;;;;;;;;;
46;Поверхности;часы;часы;часы;;80;;Санитарное;основная;мойка;;;;;;;;;;
46;Поверхности;часы;часы;часы;;80;;Санитарное;основная;дезинфекция;;;;;;;;;;
47;Поверхности;штабелёры;штабелёр;штабелёр;;180;;Санитарное;основная;мойка;;;;;;;;;;
47;Поверхности;штабелёры;штабелёр;штабелёр;;180;;Санитарное;основная;дезинфекция;;;;;;;;;;
48;Поверхности;электрощиты;электрощит;электрощит;;70;;Санитарное;основная;мойка;;;;;;;;;;
48;Поверхности;электрощиты;электрощит;электрощит;;70;;Санитарное;основная;дезинфекция;;;;;;;;;;
49;Поверхности;ёлки для колец;ёлки для колец;ёлки для колец;;170;;Санитарное;основная;мойка;;;;;;;;;;
49;Поверхности;ёлки для колец;ёлки для колец;ёлки для колец;;170;;Санитарное;основная;дезинфекция;;;;;;;;;;
50;Сантехническое оборудование;душевая кабина;душевая кабина;душевая кабина;;100;;Санитарное;основная;мойка;;;;;;;;;;
50;Сантехническое оборудование;душевая кабина;душевая кабина;душевая кабина;;100;;Санитарное;основная;дезинфекция;;;;;;;;;;
52;Сантехническое оборудование;писсуар;писсуар;писсуар;;90;;Санитарное;основная;мойка;;;;;;;;;;
52;Сантехническое оборудование;писсуар;писсуар;писсуар;;90;;Санитарное;основная;дезинфекция;;;;;;;;;;
53;Сантехническое оборудование;раковина;раковина;раковина;;90;;Санитарное;основная;мойка;;;;;;;;;;
53;Сантехническое оборудование;раковина;раковина;раковина;;90;;Санитарное;основная;дезинфекция;;;;;;;;;;
54;Сантехническое оборудование;смеситель;смеситель;смеситель;;90;;Санитарное;основная;мойка;;;;;;;;;;
54;Сантехническое оборудование;смеситель;смеситель;смеситель;;90;;Санитарное;основная;дезинфекция;;;;;;;;;;
55;Сантехническое оборудование;технологическая мойка;технологическая мойка;технологическая мойка;;100;;Санитарное;основная;мойка;;;;;;;;;;
55;Сантехническое оборудование;технологическая мойка;технологическая мойка;технологическая мойка;;100;;Санитарное;основная;дезинфекция;;;;;;;;;;
57;Санитарный пост;бак для грязной одежды;бак для грязной одежды;бак для грязной одежды;;110;;Санитарное;основная;мойка;;;;;;;;;;
57;Санитарный пост;бак для грязной одежды;бак для грязной одежды;бак для грязной одежды;;110;;Санитарное;основная;дезинфекция;;;;;;;;;;
58;Санитарный пост;дезинфицирующие маты;дезинфицирующие маты;дезинфицирующие маты;;120;;Санитарное;основная;мойка;;;;;;;;;;
58;Санитарный пост;дезинфицирующие маты;дезинфицирующие маты;дезинфицирующие маты;;120;;Санитарное;основная;дезинфекция;;;;;;;;;;
59;Санитарный пост;диспенсер для тб;диспенсер для тулетной бумаги;диспенсер для тулетной бумаги;;110;;Санитарное;основная;мойка;;;;;;;;;;
59;Санитарный пост;диспенсер для тб;диспенсер для тулетной бумаги;диспенсер для тулетной бумаги;;110;;Санитарное;основная;дезинфекция;;;;;;;;;;
62;Санитарный пост;корзиныдиспенсеры для сиз;корзины/диспенсеры для СИЗ;корзины/диспенсеры для СИЗ;;110;;Санитарное;основная;мойка;;;;;;;;;;
62;Санитарный пост;корзиныдиспенсеры для сиз;корзины/диспенсеры для СИЗ;корзины/диспенсеры для СИЗ;;110;;Санитарное;основная;дезинфекция;;;;;;;;;;
63;Санитарный пост;модульный санпропускник;модульный санпропускник;модульный санпропускник;;120;;Санитарное;основная;мойка;;;;;;;;;;
63;Санитарный пост;модульный санпропускник;модульный санпропускник;модульный санпропускник;;120;;Санитарное;основная;дезинфекция;;;;;;;;;;
64;Санитарный пост;санитарный пост;санитарный пост;санитарный пост;;110;;Санитарное;основная;мойка;;;;;;;;;;
64;Санитарный пост;санитарный пост;санитарный пост;санитарный пост;;110;;Санитарное;основная;дезинфекция;;;;;;;;;;
65;Санитарный пост;сушилка для рук;сушилка для рук;сушилка для рук;;110;;Санитарное;основная;мойка;;;;;;;;;;
65;Санитарный пост;сушилка для рук;сушилка для рук;сушилка для рук;;110;;Санитарное;основная;дезинфекция;;;;;;;;;;
67;Мебель;зеркала;зеркала;зеркала;;130;;Санитарное;основная;мойка;;;;;;;;;;
67;Мебель;зеркала;зеркала;зеркала;;130;;Санитарное;основная;дезинфекция;;;;;;;;;;
68;Мебель;обувницы;обувницы;обувницы;;130;;Санитарное;основная;мойка;;;;;;;;;;
68;Мебель;обувницы;обувницы;обувницы;;130;;Санитарное;основная;дезинфекция;;;;;;;;;;
70;Мебель;скамейки;скамейки;скамейки;;130;;Санитарное;основная;мойка;;;;;;;;;;
70;Мебель;скамейки;скамейки;скамейки;;130;;Санитарное;основная;дезинфекция;;;;;;;;;;
71;Мебель;стеллажи;стеллажи;стеллажи;;130;;Санитарное;основная;мойка;;;;;;;;;;
71;Мебель;стеллажи;стеллажи;стеллажи;;130;;Санитарное;основная;дезинфекция;;;;;;;;;;
72;Мебель;столы;столы;столы;;130;;Санитарное;основная;мойка;;;;;;;;;;
72;Мебель;столы;столы;столы;;130;;Санитарное;основная;дезинфекция;;;;;;;;;;
73;Мебель;стулья;стулья;стулья;;130;;Санитарное;основная;мойка;;;;;;;;;;
73;Мебель;стулья;стулья;стулья;;130;;Санитарное;основная;дезинфекция;;;;;;;;;;
74;Мебель;сушилка для обуви;сушилка для обуви;сушилка для обуви;;130;;Санитарное;основная;мойка;;;;;;;;;;
74;Мебель;сушилка для обуви;сушилка для обуви;сушилка для обуви;;130;;Санитарное;основная;дезинфекция;;;;;;;;;;
75;Мебель;шкафы;шкафы;шкафы;;130;;Санитарное;основная;мойка;;;;;;;;;;
75;Мебель;шкафы;шкафы;шкафы;;130;;Санитарное;основная;дезинфекция;;;;;;;;;;
76;Офисная техника;компьютеры;компьютер;компьютер;;140;;Санитарное;основная;мойка;;;;;;;;;;
76;Офисная техника;компьютеры;компьютер;компьютер;;140;;Санитарное;основная;дезинфекция;;;;;;;;;;
77;Офисная техника;мониторы;монитор;монитор;;140;;Санитарное;основная;мойка;;;;;;;;;;
77;Офисная техника;мониторы;монитор;монитор;;140;;Санитарное;основная;дезинфекция;;;;;;;;;;
78;Офисная техника;принтера;принтер;принтер;;140;;Санитарное;основная;мойка;;;;;;;;;;
78;Офисная техника;принтера;принтер;принтер;;140;;Санитарное;основная;дезинфекция;;;;;;;;;;
79;Офисная техника;телефоны;телефон;телефон;;140;;Санитарное;основная;мойка;;;;;;;;;;
79;Офисная техника;телефоны;телефон;телефон;;140;;Санитарное;основная;дезинфекция;;;;;;;;;;
80;Многоразовые резиновые СИЗ;нарукавники;нарукавники;нарукавники;;150;;Санитарное;основная;мойка;;;;;;;;;;
80;Многоразовые резиновые СИЗ;нарукавники;нарукавники;нарукавники;;150;;Санитарное;основная;дезинфекция;;;;;;;;;;
81;Многоразовые резиновые СИЗ;перчатки;перчатки;перчатки;;150;;Санитарное;основная;мойка;;;;;;;;;;
81;Многоразовые резиновые СИЗ;перчатки;перчатки;перчатки;;150;;Санитарное;основная;дезинфекция;;;;;;;;;;
82;Многоразовые резиновые СИЗ;сапоги;сапоги;сапоги;;150;;Санитарное;основная;мойка;;;;;;;;;;
82;Многоразовые резиновые СИЗ;сапоги;сапоги;сапоги;;150;;Санитарное;основная;дезинфекция;;;;;;;;;;
83;Многоразовые резиновые СИЗ;фартуки;фартуки;фартуки;;150;;Санитарное;основная;мойка;;;;;;;;;;
83;Многоразовые резиновые СИЗ;фартуки;фартуки;фартуки;;150;;Санитарное;основная;дезинфекция;;;;;;;;;;
84;Бытовая техника;кулера;кулер;кулер;;160;;Санитарное;основная;мойка;;;;;;;;;;
84;Бытовая техника;кулера;кулер;кулер;;160;;Санитарное;основная;дезинфекция;;;;;;;;;;
85;Бытовая техника;микроволновки;микроволновая печь;микроволновая печь;;160;;Санитарное;основная;мойка;;;;;;;;;;
85;Бытовая техника;микроволновки;микроволновая печь;микроволновая печь;;160;;Санитарное;основная;дезинфекция;;;;;;;;;;
86;Бытовая техника;стиральные машины;стиральная машина;стиральная машина;;160;;Санитарное;основная;мойка;;;;;;;;;;
86;Бытовая техника;стиральные машины;стиральная машина;стиральная машина;;160;;Санитарное;основная;дезинфекция;;;;;;;;;;
87;Бытовая техника;сушильные машины;сушильная машина;сушильная машина;;160;;Санитарное;основная;мойка;;;;;;;;;;
87;Бытовая техника;сушильные машины;сушильная машина;сушильная машина;;160;;Санитарное;основная;дезинфекция;;;;;;;;;;
88;Бытовая техника;термопоты;термопот;термопот;;160;;Санитарное;основная;мойка;;;;;;;;;;
88;Бытовая техника;термопоты;термопот;термопот;;160;;Санитарное;основная;дезинфекция;;;;;;;;;;
89;Бытовая техника;холодильники;холодильник бытовой;холодильник бытовой;;160;;Санитарное;основная;мойка;;;;;;;;;;
89;Бытовая техника;холодильники;холодильник бытовой;холодильник бытовой;;160;;Санитарное;основная;дезинфекция;;;;;;;;;;
90;Бытовая техника;чайники;чайник электрический;чайник электрический;;160;;Санитарное;основная;мойка;;;;;;;;;;
90;Бытовая техника;чайники;чайник электрический;чайник электрический;;160;;Санитарное;основная;дезинфекция;;;;;;;;;;
91;Инвентарь, посуда и т.д.;вешала;вешала;вешала;;150;;Санитарное;основная;мойка;;;;;;;;;;
91;Инвентарь, посуда и т.д.;вешала;вешала;вешала;;150;;Санитарное;основная;дезинфекция;;;;;;;;;;
92;Инвентарь, посуда и т.д.;внутрицеховая тара (вёдра ящики);внутрицеховая тара (вёдра, ящики);внутрицеховая тара (вёдра, ящики);;150;;Санитарное;основная;мойка;;;;;;;;;;
92;Инвентарь, посуда и т.д.;внутрицеховая тара (вёдра ящики);внутрицеховая тара (вёдра, ящики);внутрицеховая тара (вёдра, ящики);;150;;Санитарное;основная;дезинфекция;;;;;;;;;;
93;Инвентарь, посуда и т.д.;гастроёмкости;гастроёмкости;гастроёмкости;;150;;Санитарное;основная;мойка;;;;;;;;;;
93;Инвентарь, посуда и т.д.;гастроёмкости;гастроёмкости;гастроёмкости;;150;;Санитарное;основная;дезинфекция;;;;;;;;;;
94;Инвентарь, посуда и т.д.;дежи;дежи;дежи;;150;;Санитарное;основная;мойка;;;;;;;;;;
94;Инвентарь, посуда и т.д.;дежи;дежи;дежи;;150;;Санитарное;основная;дезинфекция;;;;;;;;;;
95;Инвентарь, посуда и т.д.;доски;доски;доски;;150;;Санитарное;основная;мойка;;;;;;;;;;
95;Инвентарь, посуда и т.д.;доски;доски;доски;;150;;Санитарное;основная;дезинфекция;;;;;;;;;;
96;Инвентарь, посуда и т.д.;изотермические контейнеры (bigbox);изотермические контейнеры (bigbox);изотермические контейнеры (bigbox);;150;;Санитарное;основная;мойка;;;;;;;;;;
96;Инвентарь, посуда и т.д.;изотермические контейнеры (bigbox);изотермические контейнеры (bigbox);изотермические контейнеры (bigbox);;150;;Санитарное;основная;дезинфекция;;;;;;;;;;
98;Инвентарь, посуда и т.д.;корзины для расстойки теста;корзины для расстойки теста;корзины для расстойки теста;;150;;Санитарное;основная;мойка;;;;;;;;;;
98;Инвентарь, посуда и т.д.;корзины для расстойки теста;корзины для расстойки теста;корзины для расстойки теста;;150;;Санитарное;основная;дезинфекция;;;;;;;;;;
99;Инвентарь, посуда и т.д.;крючки;крючки;крючки;;150;;Санитарное;основная;мойка;;;;;;;;;;
99;Инвентарь, посуда и т.д.;крючки;крючки;крючки;;150;;Санитарное;основная;дезинфекция;;;;;;;;;;
100;Инвентарь, посуда и т.д.;листы для выпечки а;листы для выпечки алюминиевые;листы для выпечки;А;150;;Санитарное;основная;мойка;;;;;;;;;;
100;Инвентарь, посуда и т.д.;листы для выпечки а;листы для выпечки алюминиевые;листы для выпечки;А;150;;Санитарное;основная;дезинфекция;;;;;;;;;;
101;Инвентарь, посуда и т.д.;листы для выпечки н;листы для выпечки из нержавеющей стали;листы для выпечки;Н;150;;Санитарное;основная;мойка;;;;;;;;;;
101;Инвентарь, посуда и т.д.;листы для выпечки н;листы для выпечки из нержавеющей стали;листы для выпечки;Н;150;;Санитарное;основная;дезинфекция;;;;;;;;;;
102;Инвентарь, посуда и т.д.;листы от шпилек;листы от шпилек;листы от шпилек;;150;;Санитарное;основная;мойка;;;;;;;;;;
102;Инвентарь, посуда и т.д.;листы от шпилек;листы от шпилек;листы от шпилек;;150;;Санитарное;основная;дезинфекция;;;;;;;;;;
103;Инвентарь, посуда и т.д.;мусаты;мусаты;мусаты;;150;;Санитарное;основная;мойка;;;;;;;;;;
103;Инвентарь, посуда и т.д.;мусаты;мусаты;мусаты;;150;;Санитарное;основная;дезинфекция;;;;;;;;;;
104;Инвентарь, посуда и т.д.;ножи;ножи разделочные;ножи разделочные;;150;;Санитарное;основная;мойка;;;;;;;;;;
104;Инвентарь, посуда и т.д.;ножи;ножи разделочные;ножи разделочные;;150;;Санитарное;основная;дезинфекция;;;;;;;;;;
105;Инвентарь, посуда и т.д.;оборотная тара;оборотная тара;оборотная тара;;150;;Санитарное;основная;мойка;;;;;;;;;;
105;Инвентарь, посуда и т.д.;оборотная тара;оборотная тара;оборотная тара;;150;;Санитарное;основная;дезинфекция;;;;;;;;;;
106;Инвентарь, посуда и т.д.;отсадочные мешки;отсадочные мешки;отсадочные мешки;;150;;Санитарное;основная;мойка;;;;;;;;;;
106;Инвентарь, посуда и т.д.;отсадочные мешки;отсадочные мешки;отсадочные мешки;;150;;Санитарное;основная;дезинфекция;;;;;;;;;;
107;Инвентарь, посуда и т.д.;передвижные ёмкости;передвижные ёмкости;передвижные ёмкости;;150;;Санитарное;основная;мойка;;;;;;;;;;
107;Инвентарь, посуда и т.д.;передвижные ёмкости;передвижные ёмкости;передвижные ёмкости;;150;;Санитарное;основная;дезинфекция;;;;;;;;;;
108;Инвентарь, посуда и т.д.;посуда;посуда;посуда;;150;;Санитарное;основная;мойка;;;;;;;;;;
108;Инвентарь, посуда и т.д.;посуда;посуда;посуда;;150;;Санитарное;основная;дезинфекция;;;;;;;;;;
109;Инвентарь, посуда и т.д.;расстоечные термочехлы;расстоечные термочехлы;расстоечные термочехлы;;150;;Санитарное;основная;мойка;;;;;;;;;;
109;Инвентарь, посуда и т.д.;расстоечные термочехлы;расстоечные термочехлы;расстоечные термочехлы;;150;;Санитарное;основная;дезинфекция;;;;;;;;;;
110;Инвентарь, посуда и т.д.;секачи;секачи;секачи;;150;;Санитарное;основная;мойка;;;;;;;;;;
110;Инвентарь, посуда и т.д.;секачи;секачи;секачи;;150;;Санитарное;основная;дезинфекция;;;;;;;;;;
111;Инвентарь, посуда и т.д.;силапеновые коврики;силапеновые коврики;силапеновые коврики;;150;;Санитарное;основная;мойка;;;;;;;;;;
111;Инвентарь, посуда и т.д.;силапеновые коврики;силапеновые коврики;силапеновые коврики;;150;;Санитарное;основная;дезинфекция;;;;;;;;;;
112;Инвентарь, посуда и т.д.;съёмные детали оборудования а;съёмные детали оборудования алюминиевые;съёмные детали оборудования;А;150;;Санитарное;основная;мойка;;;;;;;;;;
112;Инвентарь, посуда и т.д.;съёмные детали оборудования а;съёмные детали оборудования алюминиевые;съёмные детали оборудования;А;150;;Санитарное;основная;дезинфекция;;;;;;;;;;
113;Инвентарь, посуда и т.д.;съёмные детали оборудования н;съёмные детали оборудования из нержавеющей стали;съёмные детали оборудования;Н;150;;Санитарное;основная;мойка;;;;;;;;;;
113;Инвентарь, посуда и т.д.;съёмные детали оборудования н;съёмные детали оборудования из нержавеющей стали;съёмные детали оборудования;Н;150;;Санитарное;основная;дезинфекция;;;;;;;;;;
114;Инвентарь, посуда и т.д.;тележки;тележки;тележки;;150;;Санитарное;основная;мойка;;;;;;;;;;
114;Инвентарь, посуда и т.д.;тележки;тележки;тележки;;150;;Санитарное;основная;дезинфекция;;;;;;;;;;
115;Инвентарь, посуда и т.д.;тележки подкатные;тележки подкатные;тележки подкатные;;150;;Санитарное;основная;мойка;;;;;;;;;;
115;Инвентарь, посуда и т.д.;тележки подкатные;тележки подкатные;тележки подкатные;;150;;Санитарное;основная;дезинфекция;;;;;;;;;;
116;Инвентарь, посуда и т.д.;формы для выпечки а;формы для выпечки алюминиевые;формы для выпечки;А;150;;Санитарное;основная;мойка;;;;;;;;;;
116;Инвентарь, посуда и т.д.;формы для выпечки а;формы для выпечки алюминиевые;формы для выпечки;А;150;;Санитарное;основная;дезинфекция;;;;;;;;;;
117;Инвентарь, посуда и т.д.;формы для выпечки н;формы для выпечки из нержавеющей стали;формы для выпечки;Н;150;;Санитарное;основная;мойка;;;;;;;;;;
117;Инвентарь, посуда и т.д.;формы для выпечки н;формы для выпечки из нержавеющей стали;формы для выпечки;Н;150;;Санитарное;основная;дезинфекция;;;;;;;;;;
118;Инвентарь, посуда и т.д.;формы для выпечки с;формы для выпечки силиконовые;формы для выпечки;С;150;;Санитарное;основная;мойка;;;;;;;;;;
118;Инвентарь, посуда и т.д.;формы для выпечки с;формы для выпечки силиконовые;формы для выпечки;С;150;;Санитарное;основная;дезинфекция;;;;;;;;;;
119;Инвентарь, посуда и т.д.;шампура;шампуры;шампуры;;150;;Санитарное;основная;мойка;;;;;;;;;;
119;Инвентарь, посуда и т.д.;шампура;шампуры;шампуры;;150;;Санитарное;основная;дезинфекция;;;;;;;;;;
120;Инвентарь, посуда и т.д.;шпильки;шпильки;шпильки;;150;;Санитарное;основная;мойка;;;;;;;;;;
120;Инвентарь, посуда и т.д.;шпильки;шпильки;шпильки;;150;;Санитарное;основная;дезинфекция;;;;;;;;;;
121;Инвентарь, посуда и т.д.;ёмкости для перетаривания;ёмкости для перетаривания;ёмкости для перетаривания;;150;;Санитарное;основная;мойка;;;;;;;;;;
121;Инвентарь, посуда и т.д.;ёмкости для перетаривания;ёмкости для перетаривания;ёмкости для перетаривания;;150;;Санитарное;основная;дезинфекция;;;;;;;;;;
122;Инвентарь, посуда и т.д.;ёмкости для сыпучих продуктов;ёмкости для сыпучих продуктов;ёмкости для сыпучих продуктов;;150;;Санитарное;основная;мойка;;;;;;;;;;
122;Инвентарь, посуда и т.д.;ёмкости для сыпучих продуктов;ёмкости для сыпучих продуктов;ёмкости для сыпучих продуктов;;150;;Санитарное;основная;дезинфекция;;;;;;;;;;
123;Моечный, уборочный инвентарь и оборудование;авд;АВД;АВД;;170;;Санитарное;основная;мойка;;;;;;;;;;
123;Моечный, уборочный инвентарь и оборудование;авд;АВД;АВД;;170;;Санитарное;основная;дезинфекция;;;;;;;;;;
124;Моечный, уборочный инвентарь и оборудование;ведра;ведра;ведра;;170;;Санитарное;основная;мойка;;;;;;;;;;
124;Моечный, уборочный инвентарь и оборудование;ведра;ведра;ведра;;170;;Санитарное;основная;дезинфекция;;;;;;;;;;
125;Моечный, уборочный инвентарь и оборудование;ветошь;ветошь;ветошь;;170;;Санитарное;основная;мойка;;;;;;;;;;
125;Моечный, уборочный инвентарь и оборудование;ветошь;ветошь;ветошь;;170;;Санитарное;основная;дезинфекция;;;;;;;;;;
128;Моечный, уборочный инвентарь и оборудование;пылесосы;пылесос;пылесос;;170;;Санитарное;основная;мойка;;;;;;;;;;
128;Моечный, уборочный инвентарь и оборудование;пылесосы;пылесос;пылесос;;170;;Санитарное;основная;дезинфекция;;;;;;;;;;
129;Моечный, уборочный инвентарь и оборудование;сгоны;сгоны для воды;сгоны для воды;;170;;Санитарное;основная;мойка;;;;;;;;;;
129;Моечный, уборочный инвентарь и оборудование;сгоны;сгоны для воды;сгоны для воды;;170;;Санитарное;основная;дезинфекция;;;;;;;;;;
130;Моечный, уборочный инвентарь и оборудование;тележки уборочные;тележки уборочные;тележки уборочные;;170;;Санитарное;основная;мойка;;;;;;;;;;
130;Моечный, уборочный инвентарь и оборудование;тележки уборочные;тележки уборочные;тележки уборочные;;170;;Санитарное;основная;дезинфекция;;;;;;;;;;
131;Моечный, уборочный инвентарь и оборудование;щётки;щётки;щётки;;170;;Санитарное;основная;мойка;;;;;;;;;;
131;Моечный, уборочный инвентарь и оборудование;щётки;щётки;щётки;;170;;Санитарное;основная;дезинфекция;;;;;;;;;;
133;Посудомоечное оборудование;пмм туннельная;посудомоечная машина туннельная;посудомоечная машина;туннельная;160;;Санитарное;основная;мойка;;;;;;;;;;
133;Посудомоечное оборудование;пмм туннельная;посудомоечная машина туннельная;посудомоечная машина;туннельная;160;;Санитарное;основная;дезинфекция;;;;;;;;;;
134;Посудомоечное оборудование;таромоечная машина;таромоечная машина;таромоечная машина;;160;;Санитарное;основная;мойка;;;;;;;;;;
134;Посудомоечное оборудование;таромоечная машина;таромоечная машина;таромоечная машина;;160;;Санитарное;основная;дезинфекция;;;;;;;;;;
135;Холодильное оборудование;камеры мороз;камеры морозильные;камеры морозильные;;160;;Санитарное;основная;мойка;;;;;;;;;;
135;Холодильное оборудование;камеры мороз;камеры морозильные;камеры морозильные;;160;;Санитарное;основная;дезинфекция;;;;;;;;;;
136;Холодильное оборудование;камеры холод;камеры холодильные;камеры холодильные;;160;;Санитарное;основная;мойка;;;;;;;;;;
136;Холодильное оборудование;камеры холод;камеры холодильные;камеры холодильные;;160;;Санитарное;основная;дезинфекция;;;;;;;;;;
137;Холодильное оборудование;камеры шок замор;камеры шоковой заморозки;камеры шоковой заморозки;;160;;Санитарное;основная;мойка;;;;;;;;;;
137;Холодильное оборудование;камеры шок замор;камеры шоковой заморозки;камеры шоковой заморозки;;160;;Санитарное;основная;дезинфекция;;;;;;;;;;
138;Холодильное оборудование;ледогенератор;ледогенератор;ледогенератор;;160;;Санитарное;основная;мойка;;;;;;;;;;
138;Холодильное оборудование;ледогенератор;ледогенератор;ледогенератор;;160;;Санитарное;основная;дезинфекция;;;;;;;;;;
139;Холодильное оборудование;морозильный ларь;морозильный ларь;морозильный ларь;;160;;Санитарное;основная;мойка;;;;;;;;;;
139;Холодильное оборудование;морозильный ларь;морозильный ларь;морозильный ларь;;160;;Санитарное;основная;дезинфекция;;;;;;;;;;
140;Холодильное оборудование;холод столы;холодильные столы;холодильные столы;;160;;Санитарное;основная;мойка;;;;;;;;;;
140;Холодильное оборудование;холод столы;холодильные столы;холодильные столы;;160;;Санитарное;основная;дезинфекция;;;;;;;;;;
141;Холодильное оборудование;холод шкафы;холодильные шкафы;холодильные шкафы;;160;;Санитарное;основная;мойка;;;;;;;;;;
141;Холодильное оборудование;холод шкафы;холодильные шкафы;холодильные шкафы;;160;;Санитарное;основная;дезинфекция;;;;;;;;;;
142;Тепловое оборудование;варочные котлы;варочные котлы;варочные котлы;;150;;Санитарное;основная;мойка;;;;;;;;;;
142;Тепловое оборудование;варочные котлы;варочные котлы;варочные котлы;;150;;Санитарное;основная;дезинфекция;;;;;;;;;;
143;Тепловое оборудование;вафельницы;вафельницы;вафельницы;;150;;Санитарное;основная;мойка;;;;;;;;;;
143;Тепловое оборудование;вафельницы;вафельницы;вафельницы;;150;;Санитарное;основная;дезинфекция;;;;;;;;;;
144;Тепловое оборудование;грили;грили;грили;;150;;Санитарное;основная;мойка;;;;;;;;;;
144;Тепловое оборудование;грили;грили;грили;;150;;Санитарное;основная;дезинфекция;;;;;;;;;;
145;Тепловое оборудование;пароконвектоматы;пароконвектоматы;пароконвектоматы;;150;;Санитарное;основная;мойка;;;;;;;;;;
145;Тепловое оборудование;пароконвектоматы;пароконвектоматы;пароконвектоматы;;150;;Санитарное;основная;дезинфекция;;;;;;;;;;
146;Тепловое оборудование;печи подовые;печи подовые;печи подовые;;150;;Санитарное;основная;мойка;;;;;;;;;;
146;Тепловое оборудование;печи подовые;печи подовые;печи подовые;;150;;Санитарное;основная;дезинфекция;;;;;;;;;;
147;Тепловое оборудование;печи ротационные;печи ротационные;печи ротационные;;150;;Санитарное;основная;мойка;;;;;;;;;;
147;Тепловое оборудование;печи ротационные;печи ротационные;печи ротационные;;150;;Санитарное;основная;дезинфекция;;;;;;;;;;
148;Тепловое оборудование;плиты газ;плиты газовые;плиты газовые;;150;;Санитарное;основная;мойка;;;;;;;;;;
148;Тепловое оборудование;плиты газ;плиты газовые;плиты газовые;;150;;Санитарное;основная;дезинфекция;;;;;;;;;;
149;Тепловое оборудование;плиты индук;плиты индукционные;плиты индукционные;;150;;Санитарное;основная;мойка;;;;;;;;;;
149;Тепловое оборудование;плиты индук;плиты индукционные;плиты индукционные;;150;;Санитарное;основная;дезинфекция;;;;;;;;;;
150;Тепловое оборудование;плиты элек;плиты электрические;плиты электрические;;150;;Санитарное;основная;мойка;;;;;;;;;;
150;Тепловое оборудование;плиты элек;плиты электрические;плиты электрические;;150;;Санитарное;основная;дезинфекция;;;;;;;;;;
151;Тепловое оборудование;расстоечные шкафы;расстоечные шкафы;расстоечные шкафы;;150;;Санитарное;основная;мойка;;;;;;;;;;
151;Тепловое оборудование;расстоечные шкафы;расстоечные шкафы;расстоечные шкафы;;150;;Санитарное;основная;дезинфекция;;;;;;;;;;
152;Тепловое оборудование;сковороды;сковороды;сковороды;;150;;Санитарное;основная;мойка;;;;;;;;;;
152;Тепловое оборудование;сковороды;сковороды;сковороды;;150;;Санитарное;основная;дезинфекция;;;;;;;;;;
153;Тепловое оборудование;фритюры;фритюры;фритюры;;150;;Санитарное;основная;мойка;;;;;;;;;;
153;Тепловое оборудование;фритюры;фритюры;фритюры;;150;;Санитарное;основная;дезинфекция;;;;;;;;;;
154;Технологическое оборудование;бисквиторезки;бисквиторезки;бисквиторезки;;150;;Санитарное;основная;мойка;;;;;;;;;;
154;Технологическое оборудование;бисквиторезки;бисквиторезки;бисквиторезки;;150;;Санитарное;основная;дезинфекция;;;;;;;;;;
155;Технологическое оборудование;блендеры;блендеры;блендеры;;150;;Санитарное;основная;мойка;;;;;;;;;;
155;Технологическое оборудование;блендеры;блендеры;блендеры;;150;;Санитарное;основная;дезинфекция;;;;;;;;;;
156;Технологическое оборудование;вакуумные роторные шприцы;вакуумные роторные шприцы;вакуумные роторные шприцы;;150;;Санитарное;основная;мойка;;;;;;;;;;
156;Технологическое оборудование;вакуумные роторные шприцы;вакуумные роторные шприцы;вакуумные роторные шприцы;;150;;Санитарное;основная;дезинфекция;;;;;;;;;;
158;Технологическое оборудование;весы настольные;весы настольные;весы настольные;;150;;Санитарное;основная;мойка;;;;;;;;;;
158;Технологическое оборудование;весы настольные;весы настольные;весы настольные;;150;;Санитарное;основная;дезинфекция;;;;;;;;;;
159;Технологическое оборудование;водяные бани;водяные бани;водяные бани;;150;;Санитарное;основная;мойка;;;;;;;;;;
159;Технологическое оборудование;водяные бани;водяные бани;водяные бани;;150;;Санитарное;основная;дезинфекция;;;;;;;;;;
160;Технологическое оборудование;депозитор волюметрический;депозитор волюметрический;депозитор волюметрический;;150;;Санитарное;основная;мойка;;;;;;;;;;
160;Технологическое оборудование;депозитор волюметрический;депозитор волюметрический;депозитор волюметрический;;150;;Санитарное;основная;дезинфекция;;;;;;;;;;
161;Технологическое оборудование;дозатор для геля (пульверизатор);дозатор для геля (пульверизатор);дозатор для геля (пульверизатор);;150;;Санитарное;основная;мойка;;;;;;;;;;
161;Технологическое оборудование;дозатор для геля (пульверизатор);дозатор для геля (пульверизатор);дозатор для геля (пульверизатор);;150;;Санитарное;основная;дезинфекция;;;;;;;;;;
162;Технологическое оборудование;дозаторы для жидкостей;дозаторы для жидкостей;дозаторы для жидкостей;;150;;Санитарное;основная;мойка;;;;;;;;;;
162;Технологическое оборудование;дозаторы для жидкостей;дозаторы для жидкостей;дозаторы для жидкостей;;150;;Санитарное;основная;дезинфекция;;;;;;;;;;
163;Технологическое оборудование;дробилки;дробилки;дробилки;;150;;Санитарное;основная;мойка;;;;;;;;;;
163;Технологическое оборудование;дробилки;дробилки;дробилки;;150;;Санитарное;основная;дезинфекция;;;;;;;;;;
164;Технологическое оборудование;измельчители;измельчители;измельчители;;150;;Санитарное;основная;мойка;;;;;;;;;;
164;Технологическое оборудование;измельчители;измельчители;измельчители;;150;;Санитарное;основная;дезинфекция;;;;;;;;;;
165;Технологическое оборудование;картофелечистки;картофелечистки;картофелечистки;;150;;Санитарное;основная;мойка;;;;;;;;;;
165;Технологическое оборудование;картофелечистки;картофелечистки;картофелечистки;;150;;Санитарное;основная;дезинфекция;;;;;;;;;;
166;Технологическое оборудование;машина для резки конд изделий;машина для резки кондитерских изделий;машина для резки кондитерских изделий;;150;;Санитарное;основная;мойка;;;;;;;;;;
166;Технологическое оборудование;машина для резки конд изделий;машина для резки кондитерских изделий;машина для резки кондитерских изделий;;150;;Санитарное;основная;дезинфекция;;;;;;;;;;
167;Технологическое оборудование;металлодетектор;металлодетектор;металлодетектор;;150;;Санитарное;основная;мойка;;;;;;;;;;
167;Технологическое оборудование;металлодетектор;металлодетектор;металлодетектор;;150;;Санитарное;основная;дезинфекция;;;;;;;;;;
168;Технологическое оборудование;миксеры планетарные;миксеры планетарные;миксеры планетарные;;150;;Санитарное;основная;мойка;;;;;;;;;;
168;Технологическое оборудование;миксеры планетарные;миксеры планетарные;миксеры планетарные;;150;;Санитарное;основная;дезинфекция;;;;;;;;;;
169;Технологическое оборудование;минифилы (дозаторы крема);минифилы (дозаторы крема);минифилы (дозаторы крема);;150;;Санитарное;основная;мойка;;;;;;;;;;
169;Технологическое оборудование;минифилы (дозаторы крема);минифилы (дозаторы крема);минифилы (дозаторы крема);;150;;Санитарное;основная;дезинфекция;;;;;;;;;;
170;Технологическое оборудование;овощерезки;овощерезки;овощерезки;;150;;Санитарное;основная;мойка;;;;;;;;;;
170;Технологическое оборудование;овощерезки;овощерезки;овощерезки;;150;;Санитарное;основная;дезинфекция;;;;;;;;;;
171;Технологическое оборудование;овощечистки;овощечистки;овощечистки;;150;;Санитарное;основная;мойка;;;;;;;;;;
171;Технологическое оборудование;овощечистки;овощечистки;овощечистки;;150;;Санитарное;основная;дезинфекция;;;;;;;;;;
172;Технологическое оборудование;отсадочные машины;отсадочные машины;отсадочные машины;;150;;Санитарное;основная;мойка;;;;;;;;;;
172;Технологическое оборудование;отсадочные машины;отсадочные машины;отсадочные машины;;150;;Санитарное;основная;дезинфекция;;;;;;;;;;
173;Технологическое оборудование;пневматические распылители;пневматические распылители;пневматические распылители;;150;;Санитарное;основная;мойка;;;;;;;;;;
173;Технологическое оборудование;пневматические распылители;пневматические распылители;пневматические распылители;;150;;Санитарное;основная;дезинфекция;;;;;;;;;;
174;Технологическое оборудование;прессы для теста;прессы для теста;прессы для теста;;150;;Санитарное;основная;мойка;;;;;;;;;;
174;Технологическое оборудование;прессы для теста;прессы для теста;прессы для теста;;150;;Санитарное;основная;дезинфекция;;;;;;;;;;
175;Технологическое оборудование;производственные столы д;производственные столы деревянные;производственные столы;Д;150;;Санитарное;основная;мойка;;;;;;;;;;
175;Технологическое оборудование;производственные столы д;производственные столы деревянные;производственные столы;Д;150;;Санитарное;основная;дезинфекция;;;;;;;;;;
176;Технологическое оборудование;производственные столы н;производственные столы из нержавеющий стали;производственные столы;Н;150;;Санитарное;основная;мойка;;;;;;;;;;
176;Технологическое оборудование;производственные столы н;производственные столы из нержавеющий стали;производственные столы;Н;150;;Санитарное;основная;дезинфекция;;;;;;;;;;
177;Технологическое оборудование;просеиватели мука;просеиватели для муки;просеиватели для муки;;150;;Санитарное;основная;мойка;;;;;;;;;;
177;Технологическое оборудование;просеиватели мука;просеиватели для муки;просеиватели для муки;;150;;Санитарное;основная;дезинфекция;;;;;;;;;;
178;Технологическое оборудование;просеиватели сахар;просеиватели для сахара;просеиватели для сахара;;150;;Санитарное;основная;мойка;;;;;;;;;;
178;Технологическое оборудование;просеиватели сахар;просеиватели для сахара;просеиватели для сахара;;150;;Санитарное;основная;дезинфекция;;;;;;;;;;
179;Технологическое оборудование;протирочные машины;протирочные машины;протирочные машины;;150;;Санитарное;основная;мойка;;;;;;;;;;
179;Технологическое оборудование;протирочные машины;протирочные машины;протирочные машины;;150;;Санитарное;основная;дезинфекция;;;;;;;;;;
180;Технологическое оборудование;распылители для желе и сиропов;распылители для желе и сиропов;распылители для желе и сиропов;;150;;Санитарное;основная;мойка;;;;;;;;;;
180;Технологическое оборудование;распылители для желе и сиропов;распылители для желе и сиропов;распылители для желе и сиропов;;150;;Санитарное;основная;дезинфекция;;;;;;;;;;
181;Технологическое оборудование;рентгеновские системы контроля;рентгеновские системы контроля;рентгеновские системы контроля;;150;;Санитарное;основная;мойка;;;;;;;;;;
181;Технологическое оборудование;рентгеновские системы контроля;рентгеновские системы контроля;рентгеновские системы контроля;;150;;Санитарное;основная;дезинфекция;;;;;;;;;;
182;Технологическое оборудование;слайсера;слайсеры;слайсеры;;150;;Санитарное;основная;мойка;;;;;;;;;;
182;Технологическое оборудование;слайсера;слайсеры;слайсеры;;150;;Санитарное;основная;дезинфекция;;;;;;;;;;
183;Технологическое оборудование;солодоварки;солодоварки;солодоварки;;150;;Санитарное;основная;мойка;;;;;;;;;;
183;Технологическое оборудование;солодоварки;солодоварки;солодоварки;;150;;Санитарное;основная;дезинфекция;;;;;;;;;;
184;Технологическое оборудование;тарталетницы;тарталетницы;тарталетницы;;150;;Санитарное;основная;мойка;;;;;;;;;;
184;Технологическое оборудование;тарталетницы;тарталетницы;тарталетницы;;150;;Санитарное;основная;дезинфекция;;;;;;;;;;
185;Технологическое оборудование;термощупы;термощупы;термощупы;;150;;Санитарное;основная;мойка;;;;;;;;;;
185;Технологическое оборудование;термощупы;термощупы;термощупы;;150;;Санитарное;основная;дезинфекция;;;;;;;;;;
186;Технологическое оборудование;тестоделители;тестоделители;тестоделители;;150;;Санитарное;основная;мойка;;;;;;;;;;
186;Технологическое оборудование;тестоделители;тестоделители;тестоделители;;150;;Санитарное;основная;дезинфекция;;;;;;;;;;
187;Технологическое оборудование;тестомесы;тестомесы;тестомесы;;150;;Санитарное;основная;мойка;;;;;;;;;;
187;Технологическое оборудование;тестомесы;тестомесы;тестомесы;;150;;Санитарное;основная;дезинфекция;;;;;;;;;;
188;Технологическое оборудование;тестоокруглители;тестоокруглители;тестоокруглители;;150;;Санитарное;основная;мойка;;;;;;;;;;
188;Технологическое оборудование;тестоокруглители;тестоокруглители;тестоокруглители;;150;;Санитарное;основная;дезинфекция;;;;;;;;;;
189;Технологическое оборудование;тестораскатки;тестораскатки;тестораскатки;;150;;Санитарное;основная;мойка;;;;;;;;;;
189;Технологическое оборудование;тестораскатки;тестораскатки;тестораскатки;;150;;Санитарное;основная;дезинфекция;;;;;;;;;;
190;Технологическое оборудование;ультразвуковые нарезки;ультразвуковые нарезки;ультразвуковые нарезки;;150;;Санитарное;основная;мойка;;;;;;;;;;
190;Технологическое оборудование;ультразвуковые нарезки;ультразвуковые нарезки;ультразвуковые нарезки;;150;;Санитарное;основная;дезинфекция;;;;;;;;;;
191;Технологическое оборудование;ферментаторы;ферментаторы;ферментаторы;;150;;Санитарное;основная;мойка;;;;;;;;;;
191;Технологическое оборудование;ферментаторы;ферментаторы;ферментаторы;;150;;Санитарное;основная;дезинфекция;;;;;;;;;;
192;Технологическое оборудование;шприц-дозатор начинки;шприц-дозатор начинки;шприц-дозатор начинки;;150;;Санитарное;основная;мойка;;;;;;;;;;
192;Технологическое оборудование;шприц-дозатор начинки;шприц-дозатор начинки;шприц-дозатор начинки;;150;;Санитарное;основная;дезинфекция;;;;;;;;;;
193;Упаковочное оборудование;flow pack;flow pack;flow pack;;160;;Санитарное;основная;мойка;;;;;;;;;;
193;Упаковочное оборудование;flow pack;flow pack;flow pack;;160;;Санитарное;основная;дезинфекция;;;;;;;;;;
194;Упаковочное оборудование;автоматическиеклипсаторы;автоматические клипсаторы;автоматические клипсаторы;;160;;Санитарное;основная;мойка;;;;;;;;;;
194;Упаковочное оборудование;автоматическиеклипсаторы;автоматические клипсаторы;автоматические клипсаторы;;160;;Санитарное;основная;дезинфекция;;;;;;;;;;
195;Упаковочное оборудование;вакуумные упаковщики;вакуумные упаковщики;вакуумные упаковщики;;160;;Санитарное;основная;мойка;;;;;;;;;;
195;Упаковочное оборудование;вакуумные упаковщики;вакуумные упаковщики;вакуумные упаковщики;;160;;Санитарное;основная;дезинфекция;;;;;;;;;;
196;Упаковочное оборудование;запайщики;запайщики;запайщики;;160;;Санитарное;основная;мойка;;;;;;;;;;
196;Упаковочное оборудование;запайщики;запайщики;запайщики;;160;;Санитарное;основная;дезинфекция;;;;;;;;;;
197;Упаковочное оборудование;принтера для этикеток;принтер для этикеток;принтер для этикеток;;160;;Санитарное;основная;мойка;;;;;;;;;;
197;Упаковочное оборудование;принтера для этикеток;принтер для этикеток;принтер для этикеток;;160;;Санитарное;основная;дезинфекция;;;;;;;;;;
198;Упаковочное оборудование;термоусадочные туннели;термоусадочные туннели;термоусадочные туннели;;160;;Санитарное;основная;мойка;;;;;;;;;;
198;Упаковочное оборудование;термоусадочные туннели;термоусадочные туннели;термоусадочные туннели;;160;;Санитарное;основная;дезинфекция;;;;;;;;;;
199;Упаковочное оборудование;этикетировщики;этикетировщики;этикетировщики;;160;;Санитарное;основная;мойка;;;;;;;;;;
199;Упаковочное оборудование;этикетировщики;этикетировщики;этикетировщики;;160;;Санитарное;основная;дезинфекция;;;;;;;;;;
200;Сантехническое оборудование;диспенсердозатор;Диспенсер / дозатор для спецжидкостей;;;100;;Складское;основная;мойка;;;;;;;;по мере заполнения 2/3 объёма;сотрудник внутреннего клининга;
200;Сантехническое оборудование;диспенсердозатор;Диспенсер / дозатор для спецжидкостей;;;100;;Складское;основная;дезинфекция;;;;;;;;по мере заполнения 2/3 объёма;сотрудник внутреннего клининга;
201;Технологическое оборудование;прибор кисл теста;Прибор для определения кислотности теста;;;100;;Складское;основная;мойка;;;;;;;;по мере заполнения 2/3 объёма;сотрудник внутреннего клининга;
201;Технологическое оборудование;прибор кисл теста;Прибор для определения кислотности теста;;;100;;Складское;основная;дезинфекция;;;;;;;;по мере заполнения 2/3 объёма;сотрудник внутреннего клининга;
202;Холодильное оборудование;холодильная витрина;Холодильная витрина;;;100;;Складское;основная;мойка;;;;;;;;по мере заполнения 2/3 объёма;сотрудник внутреннего клининга;
202;Холодильное оборудование;холодильная витрина;Холодильная витрина;;;100;;Складское;основная;дезинфекция;;;;;;;;по мере заполнения 2/3 объёма;сотрудник внутреннего клининга;
200;Сантехническое оборудование;диспенсердозатор;Диспенсер / дозатор для спецжидкостей;;;100;;Складское;основная;мойка;;;;;;;;1 раз в неделю;сотрудник внутреннего клининга;
200;Сантехническое оборудование;диспенсердозатор;Диспенсер / дозатор для спецжидкостей;;;100;;Складское;основная;дезинфекция;;;;;;;;1 раз в неделю;сотрудник внутреннего клининга;
200;Сантехническое оборудование;диспенсердозатор;Диспенсер / дозатор для спецжидкостей;;;100;;Складское;поддерживающая;мойка;;;;;;;;по мере необходимости;сотрудник внутреннего клининга;
200;Сантехническое оборудование;диспенсердозатор;Диспенсер / дозатор для спецжидкостей;;;100;;Складское;генеральная;мойка;;;;;;;;1 раз в месяц;сотрудник внутреннего клининга;
200;Сантехническое оборудование;диспенсердозатор;Диспенсер / дозатор для спецжидкостей;;;100;;Складское;генеральная;дезинфекция;;;;;;;;1 раз в месяц;сотрудник внутреннего клининга;
201;Технологическое оборудование;прибор кисл теста;Прибор для определения кислотности теста;;;100;;Складское;основная;мойка;;;;;;;;1 раз в неделю;сотрудник внутреннего клининга;
201;Технологическое оборудование;прибор кисл теста;Прибор для определения кислотности теста;;;100;;Складское;основная;дезинфекция;;;;;;;;1 раз в неделю;сотрудник внутреннего клининга;
201;Технологическое оборудование;прибор кисл теста;Прибор для определения кислотности теста;;;100;;Складское;поддерживающая;мойка;;;;;;;;по мере необходимости;сотрудник внутреннего клининга;
201;Технологическое оборудование;прибор кисл теста;Прибор для определения кислотности теста;;;100;;Складское;генеральная;мойка;;;;;;;;1 раз в месяц;сотрудник внутреннего клининга;
201;Технологическое оборудование;прибор кисл теста;Прибор для определения кислотности теста;;;100;;Складское;генеральная;дезинфекция;;;;;;;;1 раз в месяц;сотрудник внутреннего клининга;
202;Холодильное оборудование;холодильная витрина;Холодильная витрина;;;100;;Складское;основная;мойка;;;;;;;;1 раз в неделю;сотрудник внутреннего клининга;
202;Холодильное оборудование;холодильная витрина;Холодильная витрина;;;100;;Складское;основная;дезинфекция;;;;;;;;1 раз в неделю;сотрудник внутреннего клининга;
202;Холодильное оборудование;холодильная витрина;Холодильная витрина;;;100;;Складское;поддерживающая;мойка;;;;;;;;по мере необходимости;сотрудник внутреннего клининга;
202;Холодильное оборудование;холодильная витрина;Холодильная витрина;;;100;;Складское;генеральная;мойка;;;;;;;;1 раз в месяц;сотрудник внутреннего клининга;
202;Холодильное оборудование;холодильная витрина;Холодильная витрина;;;100;;Складское;генеральная;дезинфекция;;;;;;;;1 раз в месяц;сотрудник внутреннего клининга;
200;Сантехническое оборудование;диспенсердозатор;Диспенсер / дозатор для спецжидкостей;;;100;;Складское;основная;мойка;;;;;;;;после каждого удаления отходов;сотрудник внутреннего клининга;
200;Сантехническое оборудование;диспенсердозатор;Диспенсер / дозатор для спецжидкостей;;;100;;Складское;основная;дезинфекция;;;;;;;;после каждого удаления отходов;сотрудник внутреннего клининга;
201;Технологическое оборудование;прибор кисл теста;Прибор для определения кислотности теста;;;100;;Складское;основная;мойка;;;;;;;;после каждого удаления отходов;сотрудник внутреннего клининга;
201;Технологическое оборудование;прибор кисл теста;Прибор для определения кислотности теста;;;100;;Складское;основная;дезинфекция;;;;;;;;после каждого удаления отходов;сотрудник внутреннего клининга;
202;Холодильное оборудование;холодильная витрина;Холодильная витрина;;;100;;Складское;основная;мойка;;;;;;;;после каждого удаления отходов;сотрудник внутреннего клининга;
202;Холодильное оборудование;холодильная витрина;Холодильная витрина;;;100;;Складское;основная;дезинфекция;;;;;;;;после каждого удаления отходов;сотрудник внутреннего клининга;
36;Поверхности;потолок () п;потолок подвесной;потолок (высота _____м);П;10;;Складское;поддерживающая;мойка;;;;;;;;1 раз в 3 месяца обеспыливание;сотрудник внутреннего клининга;
36;Поверхности;потолок () п;потолок подвесной;потолок (высота _____м);П;10;;Складское;поддерживающая;дезинфекция;;;;;;;;1 раз в 3 месяца обеспыливание;сотрудник внутреннего клининга;
36;Поверхности;потолок () п;потолок подвесной;потолок (высота _____м);П;10;;Складское;генеральная;мойка;;;;;;;;1 раз в 12 месяцев;сотрудник внутреннего клининга;
36;Поверхности;потолок () п;потолок подвесной;потолок (высота _____м);П;10;;Складское;генеральная;дезинфекция;;;;;;;;1 раз в 12 месяцев;сотрудник внутреннего клининга;
200;Сантехническое оборудование;диспенсердозатор;Диспенсер / дозатор для спецжидкостей;;;100;;Складское;поддерживающая;мойка;;;;;;;;1 раз в 3 месяца обеспыливание;сотрудник внутреннего клининга;
200;Сантехническое оборудование;диспенсердозатор;Диспенсер / дозатор для спецжидкостей;;;100;;Складское;поддерживающая;дезинфекция;;;;;;;;1 раз в 3 месяца обеспыливание;сотрудник внутреннего клининга;
200;Сантехническое оборудование;диспенсердозатор;Диспенсер / дозатор для спецжидкостей;;;100;;Складское;генеральная;мойка;;;;;;;;1 раз в 12 месяцев;сотрудник внутреннего клининга;
200;Сантехническое оборудование;диспенсердозатор;Диспенсер / дозатор для спецжидкостей;;;100;;Складское;генеральная;дезинфекция;;;;;;;;1 раз в 12 месяцев;сотрудник внутреннего клининга;
201;Технологическое оборудование;прибор кисл теста;Прибор для определения кислотности теста;;;100;;Складское;поддерживающая;мойка;;;;;;;;1 раз в 3 месяца обеспыливание;сотрудник внутреннего клининга;
201;Технологическое оборудование;прибор кисл теста;Прибор для определения кислотности теста;;;100;;Складское;поддерживающая;дезинфекция;;;;;;;;1 раз в 3 месяца обеспыливание;сотрудник внутреннего клининга;
201;Технологическое оборудование;прибор кисл теста;Прибор для определения кислотности теста;;;100;;Складское;генеральная;мойка;;;;;;;;1 раз в 12 месяцев;сотрудник внутреннего клининга;
201;Технологическое оборудование;прибор кисл теста;Прибор для определения кислотности теста;;;100;;Складское;генеральная;дезинфекция;;;;;;;;1 раз в 12 месяцев;сотрудник внутреннего клининга;
202;Холодильное оборудование;холодильная витрина;Холодильная витрина;;;100;;Складское;поддерживающая;мойка;;;;;;;;1 раз в 3 месяца обеспыливание;сотрудник внутреннего клининга;
202;Холодильное оборудование;холодильная витрина;Холодильная витрина;;;100;;Складское;поддерживающая;дезинфекция;;;;;;;;1 раз в 3 месяца обеспыливание;сотрудник внутреннего клининга;
202;Холодильное оборудование;холодильная витрина;Холодильная витрина;;;100;;Складское;генеральная;мойка;;;;;;;;1 раз в 12 месяцев;сотрудник внутреннего клининга;
202;Холодильное оборудование;холодильная витрина;Холодильная витрина;;;100;;Складское;генеральная;дезинфекция;;;;;;;;1 раз в 12 месяцев;сотрудник внутреннего клининга;
35;Поверхности;потолок () ок;потолок окрашенный;потолок (высота _____м);ОК;10;;Складское;поддерживающая;мойка;;;;;;;;1 раз в 3 месяца обеспыливание;сотрудник внутреннего клининга;
35;Поверхности;потолок () ок;потолок окрашенный;потолок (высота _____м);ОК;10;;Складское;поддерживающая;дезинфекция;;;;;;;;1 раз в 3 месяца обеспыливание;сотрудник внутреннего клининга;
35;Поверхности;потолок () ок;потолок окрашенный;потолок (высота _____м);ОК;10;;Складское;генеральная;мойка;;;;;;;;1 раз в 6 месяцев;сотрудник внутреннего клининга;
35;Поверхности;потолок () ок;потолок окрашенный;потолок (высота _____м);ОК;10;;Складское;генеральная;дезинфекция;;;;;;;;1 раз в 6 месяцев;сотрудник внутреннего клининга;
200;Сантехническое оборудование;диспенсердозатор;Диспенсер / дозатор для спецжидкостей;;;100;;Складское;генеральная;мойка;;;;;;;;1 раз в 6 месяцев;сотрудник внутреннего клининга;
200;Сантехническое оборудование;диспенсердозатор;Диспенсер / дозатор для спецжидкостей;;;100;;Складское;генеральная;дезинфекция;;;;;;;;1 раз в 6 месяцев;сотрудник внутреннего клининга;
201;Технологическое оборудование;прибор кисл теста;Прибор для определения кислотности теста;;;100;;Складское;генеральная;мойка;;;;;;;;1 раз в 6 месяцев;сотрудник внутреннего клининга;
201;Технологическое оборудование;прибор кисл теста;Прибор для определения кислотности теста;;;100;;Складское;генеральная;дезинфекция;;;;;;;;1 раз в 6 месяцев;сотрудник внутреннего клининга;
202;Холодильное оборудование;холодильная витрина;Холодильная витрина;;;100;;Складское;генеральная;мойка;;;;;;;;1 раз в 6 месяцев;сотрудник внутреннего клининга;
202;Холодильное оборудование;холодильная витрина;Холодильная витрина;;;100;;Складское;генеральная;дезинфекция;;;;;;;;1 раз в 6 месяцев;сотрудник внутреннего клининга;
5;Поверхности;вентиляционные трубы;вентиляционные трубы;вентиляционные трубы;;30;;Складское;поддерживающая;мойка;;;;;;;;1 раз в 3 месяца обеспыливание;сотрудник внутреннего клининга;
5;Поверхности;вентиляционные трубы;вентиляционные трубы;вентиляционные трубы;;30;;Складское;поддерживающая;дезинфекция;;;;;;;;1 раз в 3 месяца обеспыливание;сотрудник внутреннего клининга;
5;Поверхности;вентиляционные трубы;вентиляционные трубы;вентиляционные трубы;;30;;Складское;генеральная;мойка;;;;;;;;1 раз в 6/12 месяцев;сотрудник внутреннего клининга;
5;Поверхности;вентиляционные трубы;вентиляционные трубы;вентиляционные трубы;;30;;Складское;генеральная;дезинфекция;;;;;;;;1 раз в 6/12 месяцев;сотрудник внутреннего клининга;
200;Сантехническое оборудование;диспенсердозатор;Диспенсер / дозатор для спецжидкостей;;;100;;Складское;генеральная;мойка;;;;;;;;1 раз в 6/12 месяцев;сотрудник внутреннего клининга;
200;Сантехническое оборудование;диспенсердозатор;Диспенсер / дозатор для спецжидкостей;;;100;;Складское;генеральная;дезинфекция;;;;;;;;1 раз в 6/12 месяцев;сотрудник внутреннего клининга;
201;Технологическое оборудование;прибор кисл теста;Прибор для определения кислотности теста;;;100;;Складское;генеральная;мойка;;;;;;;;1 раз в 6/12 месяцев;сотрудник внутреннего клининга;
201;Технологическое оборудование;прибор кисл теста;Прибор для определения кислотности теста;;;100;;Складское;генеральная;дезинфекция;;;;;;;;1 раз в 6/12 месяцев;сотрудник внутреннего клининга;
202;Холодильное оборудование;холодильная витрина;Холодильная витрина;;;100;;Складское;генеральная;мойка;;;;;;;;1 раз в 6/12 месяцев;сотрудник внутреннего клининга;
202;Холодильное оборудование;холодильная витрина;Холодильная витрина;;;100;;Складское;генеральная;дезинфекция;;;;;;;;1 раз в 6/12 месяцев;сотрудник внутреннего клининга;
18;Поверхности;диффузоры;диффузоры;диффузоры;;35;;Складское;поддерживающая;мойка;;;;;;;;1 раз в 3 месяца обеспыливание;сотрудник внутреннего клининга;
18;Поверхности;диффузоры;диффузоры;диффузоры;;35;;Складское;поддерживающая;дезинфекция;;;;;;;;1 раз в 3 месяца обеспыливание;сотрудник внутреннего клининга;
18;Поверхности;диффузоры;диффузоры;диффузоры;;35;;Складское;генеральная;мойка;;;;;;;;1 раз в 6/12 месяцев;сотрудник внутреннего клининга;
18;Поверхности;диффузоры;диффузоры;диффузоры;;35;;Складское;генеральная;дезинфекция;;;;;;;;1 раз в 6/12 месяцев;сотрудник внутреннего клининга;
39;Поверхности;светильники;светильники;светильники;;20;;Складское;поддерживающая;мойка;;;;;;;;1 раз в 3 месяца обеспыливание;сотрудник внутреннего клининга;
39;Поверхности;светильники;светильники;светильники;;20;;Складское;поддерживающая;дезинфекция;;;;;;;;1 раз в 3 месяца обеспыливание;сотрудник внутреннего клининга;
39;Поверхности;светильники;светильники;светильники;;20;;Складское;генеральная;мойка;;;;;;;;1 раз в 6/12 месяцев;сотрудник внутреннего клининга;
39;Поверхности;светильники;светильники;светильники;;20;;Складское;генеральная;дезинфекция;;;;;;;;1 раз в 6/12 месяцев;сотрудник внутреннего клининга;
21;Поверхности;инсектицидные лампы;инсектицидные лампы;инсектицидные лампы;;45;;Складское;генеральная;мойка;;;;;;;;1 раз в месяц;сотрудник инженерной службы;
200;Сантехническое оборудование;диспенсердозатор;Диспенсер / дозатор для спецжидкостей;;;100;;Складское;генеральная;мойка;;;;;;;;1 раз в месяц;сотрудник инженерной службы;
201;Технологическое оборудование;прибор кисл теста;Прибор для определения кислотности теста;;;100;;Складское;генеральная;мойка;;;;;;;;1 раз в месяц;сотрудник инженерной службы;
202;Холодильное оборудование;холодильная витрина;Холодильная витрина;;;100;;Складское;генеральная;мойка;;;;;;;;1 раз в месяц;сотрудник инженерной службы;
41;Поверхности;стены (выше 2 м);стены (выше 2 м);стены (выше 2 м);;30;;Складское;поддерживающая;мойка;;;;;;;;1 раз в 3 месяца обеспыливание;сотрудник внутреннего клининга;
41;Поверхности;стены (выше 2 м);стены (выше 2 м);стены (выше 2 м);;30;;Складское;поддерживающая;дезинфекция;;;;;;;;1 раз в 3 месяца обеспыливание;сотрудник внутреннего клининга;
41;Поверхности;стены (выше 2 м);стены (выше 2 м);стены (выше 2 м);;30;;Складское;генеральная;мойка;;;;;;;;1 раз в 6 месяцев;сотрудник внутреннего клининга;
41;Поверхности;стены (выше 2 м);стены (выше 2 м);стены (выше 2 м);;30;;Складское;генеральная;дезинфекция;;;;;;;;1 раз в 6 месяцев;сотрудник внутреннего клининга;
22;Поверхности;кабель-каналы;кабель-каналы;кабель-каналы;;60;;Складское;поддерживающая;мойка;;;;;;;;1 раз в 3 месяца обеспыливание;сотрудник внутреннего клининга;
22;Поверхности;кабель-каналы;кабель-каналы;кабель-каналы;;60;;Складское;поддерживающая;дезинфекция;;;;;;;;1 раз в 3 месяца обеспыливание;сотрудник внутреннего клининга;
22;Поверхности;кабель-каналы;кабель-каналы;кабель-каналы;;60;;Складское;генеральная;мойка;;;;;;;;1 раз в 6 месяцев;сотрудник внутреннего клининга;
22;Поверхности;кабель-каналы;кабель-каналы;кабель-каналы;;60;;Складское;генеральная;дезинфекция;;;;;;;;1 раз в 6 месяцев;сотрудник внутреннего клининга;
6;Поверхности;водопроводные трубы;водопроводные трубы;водопроводные трубы;;60;;Складское;поддерживающая;мойка;;;;;;;;1 раз в 3 месяца обеспыливание;сотрудник внутреннего клининга;
6;Поверхности;водопроводные трубы;водопроводные трубы;водопроводные трубы;;60;;Складское;поддерживающая;дезинфекция;;;;;;;;1 раз в 3 месяца обеспыливание;сотрудник внутреннего клининга;
6;Поверхности;водопроводные трубы;водопроводные трубы;водопроводные трубы;;60;;Складское;генеральная;мойка;;;;;;;;1 раз в 6 месяцев;сотрудник внутреннего клининга;
6;Поверхности;водопроводные трубы;водопроводные трубы;водопроводные трубы;;60;;Складское;генеральная;дезинфекция;;;;;;;;1 раз в 6 месяцев;сотрудник внутреннего клининга;
71;Мебель;стеллажи;стеллажи;стеллажи;;130;;Складское;поддерживающая;мойка;;;;;;;;1 раз в 3 месяца обеспыливание;сотрудник внутреннего клининга;
71;Мебель;стеллажи;стеллажи;стеллажи;;130;;Складское;поддерживающая;дезинфекция;;;;;;;;1 раз в 3 месяца обеспыливание;сотрудник внутреннего клининга;
71;Мебель;стеллажи;стеллажи;стеллажи;;130;;Складское;генеральная;мойка;;;;;;;;1 раз в 6 месяцев;сотрудник внутреннего клининга;
71;Мебель;стеллажи;стеллажи;стеллажи;;130;;Складское;генеральная;дезинфекция;;;;;;;;1 раз в 6 месяцев;сотрудник внутреннего клининга;
42;Поверхности;стены (до 2 м);стены (до 2 м);стены (до 2 м);;40;;Складское;генеральная;мойка;;;;;;;;1 раз в месяц;сотрудник внутреннего клининга;
42;Поверхности;стены (до 2 м);стены (до 2 м);стены (до 2 м);;40;;Складское;генеральная;дезинфекция;;;;;;;;1 раз в месяц;сотрудник внутреннего клининга;
22;Поверхности;кабель-каналы;кабель-каналы;кабель-каналы;;60;;Складское;генеральная;мойка;;;;;;;;1 раз в месяц;сотрудник внутреннего клининга;
22;Поверхности;кабель-каналы;кабель-каналы;кабель-каналы;;60;;Складское;генеральная;дезинфекция;;;;;;;;1 раз в месяц;сотрудник внутреннего клининга;
6;Поверхности;водопроводные трубы;водопроводные трубы;водопроводные трубы;;60;;Складское;генеральная;мойка;;;;;;;;1 раз в месяц;сотрудник внутреннего клининга;
6;Поверхности;водопроводные трубы;водопроводные трубы;водопроводные трубы;;60;;Складское;генеральная;дезинфекция;;;;;;;;1 раз в месяц;сотрудник внутреннего клининга;
38;Поверхности;розетки;розетки;розетки;;65;;Складское;генеральная;мойка;;;;;;;;1 раз в месяц;сотрудник внутреннего клининга;
38;Поверхности;розетки;розетки;розетки;;65;;Складское;генеральная;дезинфекция;;;;;;;;1 раз в месяц;сотрудник внутреннего клининга;
12;Поверхности;двери;двери;двери;;90;;Складское;генеральная;мойка;;;;;;;;1 раз в месяц;сотрудник внутреннего клининга;
12;Поверхности;двери;двери;двери;;90;;Складское;генеральная;дезинфекция;;;;;;;;1 раз в месяц;сотрудник внутреннего клининга;
7;Поверхности;воротароллета;ворота/роллета;ворота/роллета;;90;;Складское;генеральная;мойка;;;;;;;;1 раз в месяц;сотрудник внутреннего клининга;
7;Поверхности;воротароллета;ворота/роллета;ворота/роллета;;90;;Складское;генеральная;дезинфекция;;;;;;;;1 раз в месяц;сотрудник внутреннего клининга;
30;Поверхности;отопительные приборы;отопительные приборы;отопительные приборы;;70;;Складское;поддерживающая;мойка;;;;;;;;1 раз в месяц обеспыливание;сотрудник внутреннего клининга;
30;Поверхности;отопительные приборы;отопительные приборы;отопительные приборы;;70;;Складское;поддерживающая;дезинфекция;;;;;;;;1 раз в месяц обеспыливание;сотрудник внутреннего клининга;
30;Поверхности;отопительные приборы;отопительные приборы;отопительные приборы;;70;;Складское;генеральная;мойка;;;;;;;;1 раз в 6 месяцев;сотрудник внутреннего клининга;
30;Поверхности;отопительные приборы;отопительные приборы;отопительные приборы;;70;;Складское;генеральная;дезинфекция;;;;;;;;1 раз в 6 месяцев;сотрудник внутреннего клининга;
30;Поверхности;отопительные приборы;отопительные приборы;отопительные приборы;;70;;Складское;поддерживающая;мойка;;;;;;;;1 раз в неделю обеспыливание;сотрудник внутреннего клининга;
30;Поверхности;отопительные приборы;отопительные приборы;отопительные приборы;;70;;Складское;поддерживающая;дезинфекция;;;;;;;;1 раз в неделю обеспыливание;сотрудник внутреннего клининга;
200;Сантехническое оборудование;диспенсердозатор;Диспенсер / дозатор для спецжидкостей;;;100;;Складское;поддерживающая;мойка;;;;;;;;1 раз в месяц обеспыливание;сотрудник внутреннего клининга;
200;Сантехническое оборудование;диспенсердозатор;Диспенсер / дозатор для спецжидкостей;;;100;;Складское;поддерживающая;дезинфекция;;;;;;;;1 раз в месяц обеспыливание;сотрудник внутреннего клининга;
200;Сантехническое оборудование;диспенсердозатор;Диспенсер / дозатор для спецжидкостей;;;100;;Складское;поддерживающая;мойка;;;;;;;;1 раз в неделю обеспыливание;сотрудник внутреннего клининга;
200;Сантехническое оборудование;диспенсердозатор;Диспенсер / дозатор для спецжидкостей;;;100;;Складское;поддерживающая;дезинфекция;;;;;;;;1 раз в неделю обеспыливание;сотрудник внутреннего клининга;
201;Технологическое оборудование;прибор кисл теста;Прибор для определения кислотности теста;;;100;;Складское;поддерживающая;мойка;;;;;;;;1 раз в месяц обеспыливание;сотрудник внутреннего клининга;
201;Технологическое оборудование;прибор кисл теста;Прибор для определения кислотности теста;;;100;;Складское;поддерживающая;дезинфекция;;;;;;;;1 раз в месяц обеспыливание;сотрудник внутреннего клининга;
201;Технологическое оборудование;прибор кисл теста;Прибор для определения кислотности теста;;;100;;Складское;поддерживающая;мойка;;;;;;;;1 раз в неделю обеспыливание;сотрудник внутреннего клининга;
201;Технологическое оборудование;прибор кисл теста;Прибор для определения кислотности теста;;;100;;Складское;поддерживающая;дезинфекция;;;;;;;;1 раз в неделю обеспыливание;сотрудник внутреннего клининга;
202;Холодильное оборудование;холодильная витрина;Холодильная витрина;;;100;;Складское;поддерживающая;мойка;;;;;;;;1 раз в месяц обеспыливание;сотрудник внутреннего клининга;
202;Холодильное оборудование;холодильная витрина;Холодильная витрина;;;100;;Складское;поддерживающая;дезинфекция;;;;;;;;1 раз в месяц обеспыливание;сотрудник внутреннего клининга;
202;Холодильное оборудование;холодильная витрина;Холодильная витрина;;;100;;Складское;поддерживающая;мойка;;;;;;;;1 раз в неделю обеспыливание;сотрудник внутреннего клининга;
202;Холодильное оборудование;холодильная витрина;Холодильная витрина;;;100;;Складское;поддерживающая;дезинфекция;;;;;;;;1 раз в неделю обеспыливание;сотрудник внутреннего клининга;
28;Поверхности;окна внешние;окна внешние;окна внешние;;55;;Складское;генеральная;мойка;;;;;;;;1 раз в месяц (летний период);сотрудник внутреннего клининга;
200;Сантехническое оборудование;диспенсердозатор;Диспенсер / дозатор для спецжидкостей;;;100;;Складское;генеральная;мойка;;;;;;;;1 раз в месяц (летний период);сотрудник внутреннего клининга;
201;Технологическое оборудование;прибор кисл теста;Прибор для определения кислотности теста;;;100;;Складское;генеральная;мойка;;;;;;;;1 раз в месяц (летний период);сотрудник внутреннего клининга;
202;Холодильное оборудование;холодильная витрина;Холодильная витрина;;;100;;Складское;генеральная;мойка;;;;;;;;1 раз в месяц (летний период);сотрудник внутреннего клининга;
13;Поверхности;дверные ручки;дверные ручки;дверные ручки;;65;;Складское;поддерживающая;дезинфекция;;;;;;;;2 раза в смену;сотрудник внутреннего клининга;
13;Поверхности;дверные ручки;дверные ручки;дверные ручки;;65;;Складское;генеральная;мойка;;;;;;;;1 раз в месяц;сотрудник внутреннего клининга;
13;Поверхности;дверные ручки;дверные ручки;дверные ручки;;65;;Складское;генеральная;дезинфекция;;;;;;;;1 раз в месяц;сотрудник внутреннего клининга;
200;Сантехническое оборудование;диспенсердозатор;Диспенсер / дозатор для спецжидкостей;;;100;;Складское;поддерживающая;дезинфекция;;;;;;;;2 раза в смену;сотрудник внутреннего клининга;
201;Технологическое оборудование;прибор кисл теста;Прибор для определения кислотности теста;;;100;;Складское;поддерживающая;дезинфекция;;;;;;;;2 раза в смену;сотрудник внутреннего клининга;
202;Холодильное оборудование;холодильная витрина;Холодильная витрина;;;100;;Складское;поддерживающая;дезинфекция;;;;;;;;2 раза в смену;сотрудник внутреннего клининга;
8;Поверхности;выключатели;выключатели;выключатели;;65;;Складское;поддерживающая;дезинфекция;;;;;;;;2 раза в смену;сотрудник внутреннего клининга;
8;Поверхности;выключатели;выключатели;выключатели;;65;;Складское;генеральная;мойка;;;;;;;;1 раз в месяц;сотрудник внутреннего клининга;
8;Поверхности;выключатели;выключатели;выключатели;;65;;Складское;генеральная;дезинфекция;;;;;;;;1 раз в месяц;сотрудник внутреннего клининга;
61;Санитарный пост;дозаторы для мылаантисептика;дозаторы для мыла и антисептика;дозаторы для мыла и антисептика;;110;;Складское;основная;мойка;;;;;;;;при замене продукта;сотрудник внутреннего клининга;
61;Санитарный пост;дозаторы для мылаантисептика;дозаторы для мыла и антисептика;дозаторы для мыла и антисептика;;110;;Складское;основная;дезинфекция;;;;;;;;при замене продукта;сотрудник внутреннего клининга;
61;Санитарный пост;дозаторы для мылаантисептика;дозаторы для мыла и антисептика;дозаторы для мыла и антисептика;;110;;Складское;поддерживающая;дезинфекция;;;;;;;;2 раза в смену;сотрудник внутреннего клининга;
61;Санитарный пост;дозаторы для мылаантисептика;дозаторы для мыла и антисептика;дозаторы для мыла и антисептика;;110;;Складское;генеральная;мойка;;;;;;;;1 раз в месяц;сотрудник внутреннего клининга;
61;Санитарный пост;дозаторы для мылаантисептика;дозаторы для мыла и антисептика;дозаторы для мыла и антисептика;;110;;Складское;генеральная;дезинфекция;;;;;;;;1 раз в месяц;сотрудник внутреннего клининга;
200;Сантехническое оборудование;диспенсердозатор;Диспенсер / дозатор для спецжидкостей;;;100;;Складское;основная;мойка;;;;;;;;при замене продукта;сотрудник внутреннего клининга;
200;Сантехническое оборудование;диспенсердозатор;Диспенсер / дозатор для спецжидкостей;;;100;;Складское;основная;дезинфекция;;;;;;;;при замене продукта;сотрудник внутреннего клининга;
201;Технологическое оборудование;прибор кисл теста;Прибор для определения кислотности теста;;;100;;Складское;основная;мойка;;;;;;;;при замене продукта;сотрудник внутреннего клининга;
201;Технологическое оборудование;прибор кисл теста;Прибор для определения кислотности теста;;;100;;Складское;основная;дезинфекция;;;;;;;;при замене продукта;сотрудник внутреннего клининга;
202;Холодильное оборудование;холодильная витрина;Холодильная витрина;;;100;;Складское;основная;мойка;;;;;;;;при замене продукта;сотрудник внутреннего клининга;
202;Холодильное оборудование;холодильная витрина;Холодильная витрина;;;100;;Складское;основная;дезинфекция;;;;;;;;при замене продукта;сотрудник внутреннего клининга;
1;Поверхности;пол;пол;пол;;200;;Складское;основная;мойка;;;;;;;;1 раз в неделю;сотрудник внутреннего клининга;
1;Поверхности;пол;пол;пол;;200;;Складское;основная;дезинфекция;;;;;;;;1 раз в неделю;сотрудник внутреннего клининга;
1;Поверхности;пол;пол;пол;;200;;Складское;генеральная;мойка;;;;;;;;1 раз в месяц;сотрудник внутреннего клининга;
1;Поверхности;пол;пол;пол;;200;;Складское;генеральная;дезинфекция;;;;;;;;1 раз в месяц;сотрудник внутреннего клининга;
200;Сантехническое оборудование;диспенсердозатор;Диспенсер / дозатор для спецжидкостей;;;100;;Складское;основная;мойка;;;;;;;;1 раз в смену;сотрудник внутреннего клининга;
200;Сантехническое оборудование;диспенсердозатор;Диспенсер / дозатор для спецжидкостей;;;100;;Складское;основная;дезинфекция;;;;;;;;1 раз в смену;сотрудник внутреннего клининга;
201;Технологическое оборудование;прибор кисл теста;Прибор для определения кислотности теста;;;100;;Складское;основная;мойка;;;;;;;;1 раз в смену;сотрудник внутреннего клининга;
201;Технологическое оборудование;прибор кисл теста;Прибор для определения кислотности теста;;;100;;Складское;основная;дезинфекция;;;;;;;;1 раз в смену;сотрудник внутреннего клининга;
202;Холодильное оборудование;холодильная витрина;Холодильная витрина;;;100;;Складское;основная;мойка;;;;;;;;1 раз в смену;сотрудник внутреннего клининга;
202;Холодильное оборудование;холодильная витрина;Холодильная витрина;;;100;;Складское;основная;дезинфекция;;;;;;;;1 раз в смену;сотрудник внутреннего клининга;
71;Мебель;стеллажи;стеллажи;стеллажи;;130;;Складское;генеральная;мойка;;;;;;;;1 раз в месяц;сотрудник внутреннего клининга;
71;Мебель;стеллажи;стеллажи;стеллажи;;130;;Складское;генеральная;дезинфекция;;;;;;;;1 раз в месяц;сотрудник внутреннего клининга;
69;Мебель;полки;полки;полки;;130;;Складское;генеральная;мойка;;;;;;;;1 раз в месяц;сотрудник внутреннего клининга;
69;Мебель;полки;полки;полки;;130;;Складское;генеральная;дезинфекция;;;;;;;;1 раз в месяц;сотрудник внутреннего клининга;
75;Мебель;шкафы;шкафы;шкафы;;130;;Складское;генеральная;мойка;;;;;;;;1 раз в месяц;сотрудник внутреннего клининга;
75;Мебель;шкафы;шкафы;шкафы;;130;;Складское;генеральная;дезинфекция;;;;;;;;1 раз в месяц;сотрудник внутреннего клининга;
72;Мебель;столы;столы;столы;;130;;Складское;генеральная;мойка;;;;;;;;1 раз в месяц;сотрудник внутреннего клининга;
72;Мебель;столы;столы;столы;;130;;Складское;генеральная;дезинфекция;;;;;;;;1 раз в месяц;сотрудник внутреннего клининга;
73;Мебель;стулья;стулья;стулья;;130;;Складское;генеральная;мойка;;;;;;;;1 раз в месяц;сотрудник внутреннего клининга;
73;Мебель;стулья;стулья;стулья;;130;;Складское;генеральная;дезинфекция;;;;;;;;1 раз в месяц;сотрудник внутреннего клининга;
76;Офисная техника;компьютеры;компьютер;компьютер;;140;;Складское;генеральная;мойка;;;;;;;;1 раз в месяц;сотрудник внутреннего клининга;
77;Офисная техника;мониторы;монитор;монитор;;140;;Складское;генеральная;мойка;;;;;;;;1 раз в месяц;сотрудник внутреннего клининга;
78;Офисная техника;принтера;принтер;принтер;;140;;Складское;генеральная;мойка;;;;;;;;1 раз в месяц;сотрудник внутреннего клининга;
53;Сантехническое оборудование;раковина;раковина;раковина;;90;;Складское;основная;мойка;;;;;;;;1 раз в смену;сотрудник внутреннего клининга;
53;Сантехническое оборудование;раковина;раковина;раковина;;90;;Складское;основная;дезинфекция;;;;;;;;1 раз в смену;сотрудник внутреннего клининга;
53;Сантехническое оборудование;раковина;раковина;раковина;;90;;Складское;генеральная;мойка;;;;;;;;1 раз в месяц;сотрудник внутреннего клининга;
53;Сантехническое оборудование;раковина;раковина;раковина;;90;;Складское;генеральная;дезинфекция;;;;;;;;1 раз в месяц;сотрудник внутреннего клининга;
54;Сантехническое оборудование;смеситель;смеситель;смеситель;;90;;Складское;основная;мойка;;;;;;;;1 раз в смену;сотрудник внутреннего клининга;
54;Сантехническое оборудование;смеситель;смеситель;смеситель;;90;;Складское;основная;дезинфекция;;;;;;;;1 раз в смену;сотрудник внутреннего клининга;
54;Сантехническое оборудование;смеситель;смеситель;смеситель;;90;;Складское;генеральная;мойка;;;;;;;;1 раз в месяц;сотрудник внутреннего клининга;
54;Сантехническое оборудование;смеситель;смеситель;смеситель;;90;;Складское;генеральная;дезинфекция;;;;;;;;1 раз в месяц;сотрудник внутреннего клининга;
55;Сантехническое оборудование;технологическая мойка;технологическая мойка;технологическая мойка;;100;;Складское;основная;мойка;;;;;;;;1 раз в смену;сотрудник внутреннего клининга;
55;Сантехническое оборудование;технологическая мойка;технологическая мойка;технологическая мойка;;100;;Складское;основная;дезинфекция;;;;;;;;1 раз в смену;сотрудник внутреннего клининга;
55;Сантехническое оборудование;технологическая мойка;технологическая мойка;технологическая мойка;;100;;Складское;генеральная;мойка;;;;;;;;1 раз в месяц;сотрудник внутреннего клининга;
55;Сантехническое оборудование;технологическая мойка;технологическая мойка;технологическая мойка;;100;;Складское;генеральная;дезинфекция;;;;;;;;1 раз в месяц;сотрудник внутреннего клининга;
64;Санитарный пост;санитарный пост;санитарный пост;санитарный пост;;110;;Складское;основная;мойка;;;;;;;;1 раз в смену;сотрудник внутреннего клининга;
64;Санитарный пост;санитарный пост;санитарный пост;санитарный пост;;110;;Складское;основная;дезинфекция;;;;;;;;1 раз в смену;сотрудник внутреннего клининга;
64;Санитарный пост;санитарный пост;санитарный пост;санитарный пост;;110;;Складское;генеральная;мойка;;;;;;;;1 раз в месяц;сотрудник внутреннего клининга;
64;Санитарный пост;санитарный пост;санитарный пост;санитарный пост;;110;;Складское;генеральная;дезинфекция;;;;;;;;1 раз в месяц;сотрудник внутреннего клининга;
31;Поверхности;пластиковые паллеты;пластиковые паллеты;пластиковые паллеты;;175;;Складское;основная;мойка;;;;;;;;по мере освобождения;сотрудник склада;
31;Поверхности;пластиковые паллеты;пластиковые паллеты;пластиковые паллеты;;175;;Складское;основная;дезинфекция;;;;;;;;по мере освобождения;сотрудник склада;
31;Поверхности;пластиковые паллеты;пластиковые паллеты;пластиковые паллеты;;175;;Складское;генеральная;мойка;;;;;;;;1 раз в месяц;сотрудник склада;
31;Поверхности;пластиковые паллеты;пластиковые паллеты;пластиковые паллеты;;175;;Складское;генеральная;дезинфекция;;;;;;;;1 раз в месяц;сотрудник склада;
31;Поверхности;пластиковые паллеты;пластиковые паллеты;пластиковые паллеты;;175;;Складское;поддерживающая;мойка;;;;;;;;1 раз в смену обеспыливание;сотрудник склада;
31;Поверхности;пластиковые паллеты;пластиковые паллеты;пластиковые паллеты;;175;;Складское;поддерживающая;дезинфекция;;;;;;;;1 раз в смену обеспыливание;сотрудник склада;
200;Сантехническое оборудование;диспенсердозатор;Диспенсер / дозатор для спецжидкостей;;;100;;Складское;основная;мойка;;;;;;;;по мере освобождения;сотрудник склада;
200;Сантехническое оборудование;диспенсердозатор;Диспенсер / дозатор для спецжидкостей;;;100;;Складское;основная;дезинфекция;;;;;;;;по мере освобождения;сотрудник склада;
200;Сантехническое оборудование;диспенсердозатор;Диспенсер / дозатор для спецжидкостей;;;100;;Складское;генеральная;мойка;;;;;;;;1 раз в месяц;сотрудник склада;
200;Сантехническое оборудование;диспенсердозатор;Диспенсер / дозатор для спецжидкостей;;;100;;Складское;генеральная;дезинфекция;;;;;;;;1 раз в месяц;сотрудник склада;
200;Сантехническое оборудование;диспенсердозатор;Диспенсер / дозатор для спецжидкостей;;;100;;Складское;поддерживающая;мойка;;;;;;;;1 раз в смену обеспыливание;сотрудник склада;
200;Сантехническое оборудование;диспенсердозатор;Диспенсер / дозатор для спецжидкостей;;;100;;Складское;поддерживающая;дезинфекция;;;;;;;;1 раз в смену обеспыливание;сотрудник склада;
201;Технологическое оборудование;прибор кисл теста;Прибор для определения кислотности теста;;;100;;Складское;основная;мойка;;;;;;;;по мере освобождения;сотрудник склада;
201;Технологическое оборудование;прибор кисл теста;Прибор для определения кислотности теста;;;100;;Складское;основная;дезинфекция;;;;;;;;по мере освобождения;сотрудник склада;
201;Технологическое оборудование;прибор кисл теста;Прибор для определения кислотности теста;;;100;;Складское;генеральная;мойка;;;;;;;;1 раз в месяц;сотрудник склада;
201;Технологическое оборудование;прибор кисл теста;Прибор для определения кислотности теста;;;100;;Складское;генеральная;дезинфекция;;;;;;;;1 раз в месяц;сотрудник склада;
201;Технологическое оборудование;прибор кисл теста;Прибор для определения кислотности теста;;;100;;Складское;поддерживающая;мойка;;;;;;;;1 раз в смену обеспыливание;сотрудник склада;
201;Технологическое оборудование;прибор кисл теста;Прибор для определения кислотности теста;;;100;;Складское;поддерживающая;дезинфекция;;;;;;;;1 раз в смену обеспыливание;сотрудник склада;
202;Холодильное оборудование;холодильная витрина;Холодильная витрина;;;100;;Складское;основная;мойка;;;;;;;;по мере освобождения;сотрудник склада;
202;Холодильное оборудование;холодильная витрина;Холодильная витрина;;;100;;Складское;основная;дезинфекция;;;;;;;;по мере освобождения;сотрудник склада;
202;Холодильное оборудование;холодильная витрина;Холодильная витрина;;;100;;Складское;генеральная;мойка;;;;;;;;1 раз в месяц;сотрудник склада;
202;Холодильное оборудование;холодильная витрина;Холодильная витрина;;;100;;Складское;генеральная;дезинфекция;;;;;;;;1 раз в месяц;сотрудник склада;
202;Холодильное оборудование;холодильная витрина;Холодильная витрина;;;100;;Складское;поддерживающая;мойка;;;;;;;;1 раз в смену обеспыливание;сотрудник склада;
202;Холодильное оборудование;холодильная витрина;Холодильная витрина;;;100;;Складское;поддерживающая;дезинфекция;;;;;;;;1 раз в смену обеспыливание;сотрудник склада;
1;Поверхности;пол;пол;пол;;200;;Складское;основная;мойка;;;;;;;;по мере освобождения;сотрудник склада;
1;Поверхности;пол;пол;пол;;200;;Складское;основная;дезинфекция;;;;;;;;по мере освобождения;сотрудник склада;
1;Поверхности;пол;пол;пол;;200;;Складское;генеральная;мойка;;;;;;;;1 раз в месяц;сотрудник склада;
1;Поверхности;пол;пол;пол;;200;;Складское;генеральная;дезинфекция;;;;;;;;1 раз в месяц;сотрудник склада;
1;Поверхности;пол;пол;пол;;200;;Складское;поддерживающая;мойка;;;;;;;;1 раз в смену обеспыливание;сотрудник склада;
1;Поверхности;пол;пол;пол;;200;;Складское;поддерживающая;дезинфекция;;;;;;;;1 раз в смену обеспыливание;сотрудник склада;
200;Сантехническое оборудование;диспенсердозатор;Диспенсер / дозатор для спецжидкостей;;;100;;Складское;основная;мойка;;;;;;;;1 раз в неделю (внешние поверхности);сотрудник склада;
200;Сантехническое оборудование;диспенсердозатор;Диспенсер / дозатор для спецжидкостей;;;100;;Складское;основная;дезинфекция;;;;;;;;1 раз в неделю (внешние поверхности);сотрудник склада;
200;Сантехническое оборудование;диспенсердозатор;Диспенсер / дозатор для спецжидкостей;;;100;;Складское;генеральная;мойка;;;;;;;;по мере освобождения (внешние и внутренние поверхности);сотрудник внутреннего клининга;
200;Сантехническое оборудование;диспенсердозатор;Диспенсер / дозатор для спецжидкостей;;;100;;Складское;генеральная;дезинфекция;;;;;;;;по мере освобождения (внешние и внутренние поверхности);сотрудник внутреннего клининга;
200;Сантехническое оборудование;диспенсердозатор;Диспенсер / дозатор для спецжидкостей;;;100;;Складское;основная;мойка;;;;;;;;1 раз в 2 недели (внешние поверхности);сотрудник склада;
200;Сантехническое оборудование;диспенсердозатор;Диспенсер / дозатор для спецжидкостей;;;100;;Складское;основная;дезинфекция;;;;;;;;1 раз в 2 недели (внешние поверхности);сотрудник склада;
201;Технологическое оборудование;прибор кисл теста;Прибор для определения кислотности теста;;;100;;Складское;основная;мойка;;;;;;;;1 раз в неделю (внешние поверхности);сотрудник склада;
201;Технологическое оборудование;прибор кисл теста;Прибор для определения кислотности теста;;;100;;Складское;основная;дезинфекция;;;;;;;;1 раз в неделю (внешние поверхности);сотрудник склада;
201;Технологическое оборудование;прибор кисл теста;Прибор для определения кислотности теста;;;100;;Складское;генеральная;мойка;;;;;;;;по мере освобождения (внешние и внутренние поверхности);сотрудник внутреннего клининга;
201;Технологическое оборудование;прибор кисл теста;Прибор для определения кислотности теста;;;100;;Складское;генеральная;дезинфекция;;;;;;;;по мере освобождения (внешние и внутренние поверхности);сотрудник внутреннего клининга;
201;Технологическое оборудование;прибор кисл теста;Прибор для определения кислотности теста;;;100;;Складское;основная;мойка;;;;;;;;1 раз в 2 недели (внешние поверхности);сотрудник склада;
201;Технологическое оборудование;прибор кисл теста;Прибор для определения кислотности теста;;;100;;Складское;основная;дезинфекция;;;;;;;;1 раз в 2 недели (внешние поверхности);сотрудник склада;
202;Холодильное оборудование;холодильная витрина;Холодильная витрина;;;100;;Складское;основная;мойка;;;;;;;;1 раз в неделю (внешние поверхности);сотрудник склада;
202;Холодильное оборудование;холодильная витрина;Холодильная витрина;;;100;;Складское;основная;дезинфекция;;;;;;;;1 раз в неделю (внешние поверхности);сотрудник склада;
202;Холодильное оборудование;холодильная витрина;Холодильная витрина;;;100;;Складское;генеральная;мойка;;;;;;;;по мере освобождения (внешние и внутренние поверхности);сотрудник внутреннего клининга;
202;Холодильное оборудование;холодильная витрина;Холодильная витрина;;;100;;Складское;генеральная;дезинфекция;;;;;;;;по мере освобождения (внешние и внутренние поверхности);сотрудник внутреннего клининга;
202;Холодильное оборудование;холодильная витрина;Холодильная витрина;;;100;;Складское;основная;мойка;;;;;;;;1 раз в 2 недели (внешние поверхности);сотрудник склада;
202;Холодильное оборудование;холодильная витрина;Холодильная витрина;;;100;;Складское;основная;дезинфекция;;;;;;;;1 раз в 2 недели (внешние поверхности);сотрудник склада;
11;Поверхности;гидравлические тележки;гидравлические тележки;гидравлические тележки;;180;;Складское;основная;мойка;;;;;;;;1 раз в неделю;сотрудник склада;
11;Поверхности;гидравлические тележки;гидравлические тележки;гидравлические тележки;;180;;Складское;основная;дезинфекция;;;;;;;;1 раз в неделю;сотрудник склада;
11;Поверхности;гидравлические тележки;гидравлические тележки;гидравлические тележки;;180;;Складское;генеральная;мойка;;;;;;;;1 раз в месяц;сотрудник склада;
11;Поверхности;гидравлические тележки;гидравлические тележки;гидравлические тележки;;180;;Складское;генеральная;дезинфекция;;;;;;;;1 раз в месяц;сотрудник склада;
114;Инвентарь, посуда и т.д.;тележки;тележки;тележки;;150;;Складское;основная;мойка;;;;;;;;1 раз в неделю;сотрудник склада;
114;Инвентарь, посуда и т.д.;тележки;тележки;тележки;;150;;Складское;основная;дезинфекция;;;;;;;;1 раз в неделю;сотрудник склада;
114;Инвентарь, посуда и т.д.;тележки;тележки;тележки;;150;;Складское;генеральная;мойка;;;;;;;;1 раз в месяц;сотрудник склада;
114;Инвентарь, посуда и т.д.;тележки;тележки;тележки;;150;;Складское;генеральная;дезинфекция;;;;;;;;1 раз в месяц;сотрудник склада;
200;Сантехническое оборудование;диспенсердозатор;Диспенсер / дозатор для спецжидкостей;;;100;;Складское;основная;мойка;;;;;;;;1 раз в неделю;сотрудник склада;
200;Сантехническое оборудование;диспенсердозатор;Диспенсер / дозатор для спецжидкостей;;;100;;Складское;основная;дезинфекция;;;;;;;;1 раз в неделю;сотрудник склада;
201;Технологическое оборудование;прибор кисл теста;Прибор для определения кислотности теста;;;100;;Складское;основная;мойка;;;;;;;;1 раз в неделю;сотрудник склада;
201;Технологическое оборудование;прибор кисл теста;Прибор для определения кислотности теста;;;100;;Складское;основная;дезинфекция;;;;;;;;1 раз в неделю;сотрудник склада;
202;Холодильное оборудование;холодильная витрина;Холодильная витрина;;;100;;Складское;основная;мойка;;;;;;;;1 раз в неделю;сотрудник склада;
202;Холодильное оборудование;холодильная витрина;Холодильная витрина;;;100;;Складское;основная;дезинфекция;;;;;;;;1 раз в неделю;сотрудник склада;
33;Поверхности;погрузчики;погрузчики;погрузчики;;180;;Складское;основная;мойка;;;;;;;;1 раз в неделю;сотрудник склада;
33;Поверхности;погрузчики;погрузчики;погрузчики;;180;;Складское;основная;дезинфекция;;;;;;;;1 раз в неделю;сотрудник склада;
33;Поверхности;погрузчики;погрузчики;погрузчики;;180;;Складское;генеральная;мойка;;;;;;;;1 раз в месяц;сотрудник склада;
33;Поверхности;погрузчики;погрузчики;погрузчики;;180;;Складское;генеральная;дезинфекция;;;;;;;;1 раз в месяц;сотрудник склада;
47;Поверхности;штабелёры;штабелёр;штабелёр;;180;;Складское;основная;мойка;;;;;;;;1 раз в неделю;сотрудник склада;
47;Поверхности;штабелёры;штабелёр;штабелёр;;180;;Складское;основная;дезинфекция;;;;;;;;1 раз в неделю;сотрудник склада;
47;Поверхности;штабелёры;штабелёр;штабелёр;;180;;Складское;генеральная;мойка;;;;;;;;1 раз в месяц;сотрудник склада;
47;Поверхности;штабелёры;штабелёр;штабелёр;;180;;Складское;генеральная;дезинфекция;;;;;;;;1 раз в месяц;сотрудник склада;
200;Сантехническое оборудование;диспенсердозатор;Диспенсер / дозатор для спецжидкостей;;;100;;Складское;основная;мойка;;;;;;;;после каждого использования;сотрудник склада;
200;Сантехническое оборудование;диспенсердозатор;Диспенсер / дозатор для спецжидкостей;;;100;;Складское;основная;дезинфекция;;;;;;;;после каждого использования;сотрудник склада;
201;Технологическое оборудование;прибор кисл теста;Прибор для определения кислотности теста;;;100;;Складское;основная;мойка;;;;;;;;после каждого использования;сотрудник склада;
201;Технологическое оборудование;прибор кисл теста;Прибор для определения кислотности теста;;;100;;Складское;основная;дезинфекция;;;;;;;;после каждого использования;сотрудник склада;
202;Холодильное оборудование;холодильная витрина;Холодильная витрина;;;100;;Складское;основная;мойка;;;;;;;;после каждого использования;сотрудник склада;
202;Холодильное оборудование;холодильная витрина;Холодильная витрина;;;100;;Складское;основная;дезинфекция;;;;;;;;после каждого использования;сотрудник склада;
124;Моечный, уборочный инвентарь и оборудование;ведра;ведра;ведра;;170;;Складское;основная;мойка;;;;;;;;перед передачей в цех;сотрудник склада;
124;Моечный, уборочный инвентарь и оборудование;ведра;ведра;ведра;;170;;Складское;основная;дезинфекция;;;;;;;;перед передачей в цех;сотрудник склада;
200;Сантехническое оборудование;диспенсердозатор;Диспенсер / дозатор для спецжидкостей;;;100;;Складское;основная;мойка;;;;;;;;перед передачей в цех;сотрудник склада;
200;Сантехническое оборудование;диспенсердозатор;Диспенсер / дозатор для спецжидкостей;;;100;;Складское;основная;дезинфекция;;;;;;;;перед передачей в цех;сотрудник склада;
201;Технологическое оборудование;прибор кисл теста;Прибор для определения кислотности теста;;;100;;Складское;основная;мойка;;;;;;;;перед передачей в цех;сотрудник склада;
201;Технологическое оборудование;прибор кисл теста;Прибор для определения кислотности теста;;;100;;Складское;основная;дезинфекция;;;;;;;;перед передачей в цех;сотрудник склада;
202;Холодильное оборудование;холодильная витрина;Холодильная витрина;;;100;;Складское;основная;мойка;;;;;;;;перед передачей в цех;сотрудник склада;
202;Холодильное оборудование;холодильная витрина;Холодильная витрина;;;100;;Складское;основная;дезинфекция;;;;;;;;перед передачей в цех;сотрудник склада;
1;Поверхности;пол;пол;пол;;200;;Складское;поддерживающая;дезинфекция;;;;;;;;1 раз в смену;сотрудник внутреннего клининга;
1;Поверхности;пол;пол;пол;;200;;Складское;генеральная;мойка;;;;;;;;1 раз в 2 недели;сотрудник внутреннего клининга;
1;Поверхности;пол;пол;пол;;200;;Складское;генеральная;дезинфекция;;;;;;;;1 раз в 2 недели;сотрудник внутреннего клининга;
1;Поверхности;пол;пол;пол;;200;;Складское;поддерживающая;мойка;;;;;;;;1 раз в смену обеспыливание;сотрудник внутреннего клининга;
1;Поверхности;пол;пол;пол;;200;;Складское;поддерживающая;дезинфекция;;;;;;;;1 раз в смену обеспыливание;сотрудник внутреннего клининга;
200;Сантехническое оборудование;диспенсердозатор;Диспенсер / дозатор для спецжидкостей;;;100;;Складское;поддерживающая;дезинфекция;;;;;;;;1 раз в смену;сотрудник внутреннего клининга;
200;Сантехническое оборудование;диспенсердозатор;Диспенсер / дозатор для спецжидкостей;;;100;;Складское;генеральная;мойка;;;;;;;;1 раз в 2 недели;сотрудник внутреннего клининга;
200;Сантехническое оборудование;диспенсердозатор;Диспенсер / дозатор для спецжидкостей;;;100;;Складское;генеральная;дезинфекция;;;;;;;;1 раз в 2 недели;сотрудник внутреннего клининга;
200;Сантехническое оборудование;диспенсердозатор;Диспенсер / дозатор для спецжидкостей;;;100;;Складское;поддерживающая;мойка;;;;;;;;1 раз в смену обеспыливание;сотрудник внутреннего клининга;
200;Сантехническое оборудование;диспенсердозатор;Диспенсер / дозатор для спецжидкостей;;;100;;Складское;поддерживающая;дезинфекция;;;;;;;;1 раз в смену обеспыливание;сотрудник внутреннего клининга;
201;Технологическое оборудование;прибор кисл теста;Прибор для определения кислотности теста;;;100;;Складское;поддерживающая;дезинфекция;;;;;;;;1 раз в смену;сотрудник внутреннего клининга;
201;Технологическое оборудование;прибор кисл теста;Прибор для определения кислотности теста;;;100;;Складское;генеральная;мойка;;;;;;;;1 раз в 2 недели;сотрудник внутреннего клининга;
201;Технологическое оборудование;прибор кисл теста;Прибор для определения кислотности теста;;;100;;Складское;генеральная;дезинфекция;;;;;;;;1 раз в 2 недели;сотрудник внутреннего клининга;
201;Технологическое оборудование;прибор кисл теста;Прибор для определения кислотности теста;;;100;;Складское;поддерживающая;мойка;;;;;;;;1 раз в смену обеспыливание;сотрудник внутреннего клининга;
201;Технологическое оборудование;прибор кисл теста;Прибор для определения кислотности теста;;;100;;Складское;поддерживающая;дезинфекция;;;;;;;;1 раз в смену обеспыливание;сотрудник внутреннего клининга;
202;Холодильное оборудование;холодильная витрина;Холодильная витрина;;;100;;Складское;поддерживающая;дезинфекция;;;;;;;;1 раз в смену;сотрудник внутреннего клининга;
202;Холодильное оборудование;холодильная витрина;Холодильная витрина;;;100;;Складское;генеральная;мойка;;;;;;;;1 раз в 2 недели;сотрудник внутреннего клининга;
202;Холодильное оборудование;холодильная витрина;Холодильная витрина;;;100;;Складское;генеральная;дезинфекция;;;;;;;;1 раз в 2 недели;сотрудник внутреннего клининга;
202;Холодильное оборудование;холодильная витрина;Холодильная витрина;;;100;;Складское;поддерживающая;мойка;;;;;;;;1 раз в смену обеспыливание;сотрудник внутреннего клининга;
202;Холодильное оборудование;холодильная витрина;Холодильная витрина;;;100;;Складское;поддерживающая;дезинфекция;;;;;;;;1 раз в смену обеспыливание;сотрудник внутреннего клининга;
1;Поверхности;пол;пол;пол;;200;;Складское;основная;мойка;;;;;;;;1 раз в смену;сотрудник внутреннего клининга;
1;Поверхности;пол;пол;пол;;200;;Складское;основная;дезинфекция;;;;;;;;1 раз в смену;сотрудник внутреннего клининга;
1;Поверхности;пол;пол;пол;;200;;Складское;поддерживающая;мойка;;;;;;;;по мере необходимости (сухая очистка);сотрудник внутреннего клининга;
1;Поверхности;пол;пол;пол;;200;;Складское;генеральная;мойка;;;;;;;;1 раз в 3 месяца;сотрудник внутреннего клининга;
1;Поверхности;пол;пол;пол;;200;;Складское;генеральная;дезинфекция;;;;;;;;1 раз в 3 месяца;сотрудник внутреннего клининга;
60;Санитарный пост;диспенсердержатель для полотенец;диспенсер/держатель для полотенец;диспенсер для полотенец;;110;;Складское;основная;мойка;;;;;;;;1 раз в смену;сотрудник внутреннего клининга;
60;Санитарный пост;диспенсердержатель для полотенец;диспенсер/держатель для полотенец;диспенсер для полотенец;;110;;Складское;основная;дезинфекция;;;;;;;;1 раз в смену;сотрудник внутреннего клининга;
60;Санитарный пост;диспенсердержатель для полотенец;диспенсер/держатель для полотенец;диспенсер для полотенец;;110;;Складское;генеральная;мойка;;;;;;;;1 раз в месяц;сотрудник внутреннего клининга;
60;Санитарный пост;диспенсердержатель для полотенец;диспенсер/держатель для полотенец;диспенсер для полотенец;;110;;Складское;генеральная;дезинфекция;;;;;;;;1 раз в месяц;сотрудник внутреннего клининга;
60;Санитарный пост;диспенсердержатель для полотенец;диспенсер/держатель для полотенец;диспенсер для полотенец;;110;;Складское;генеральная;мойка;;;;;;;;1 раз в 2 недели;сотрудник внутреннего клининга;
60;Санитарный пост;диспенсердержатель для полотенец;диспенсер/держатель для полотенец;диспенсер для полотенец;;110;;Складское;генеральная;дезинфекция;;;;;;;;1 раз в 2 недели;сотрудник внутреннего клининга;
60;Санитарный пост;диспенсердержатель для полотенец;диспенсер/держатель для полотенец;диспенсер для полотенец;;110;;Складское;поддерживающая;мойка;;;;;;;;по мере необходимости (сухая очистка);сотрудник внутреннего клининга;
60;Санитарный пост;диспенсердержатель для полотенец;диспенсер/держатель для полотенец;диспенсер для полотенец;;110;;Складское;генеральная;мойка;;;;;;;;1 раз в 3 месяца;сотрудник внутреннего клининга;
60;Санитарный пост;диспенсердержатель для полотенец;диспенсер/держатель для полотенец;диспенсер для полотенец;;110;;Складское;генеральная;дезинфекция;;;;;;;;1 раз в 3 месяца;сотрудник внутреннего клининга;
69;Мебель;полки;полки;полки;;130;;Складское;основная;мойка;;;;;;;;1 раз в смену;сотрудник внутреннего клининга;
69;Мебель;полки;полки;полки;;130;;Складское;основная;дезинфекция;;;;;;;;1 раз в смену;сотрудник внутреннего клининга;
69;Мебель;полки;полки;полки;;130;;Складское;генеральная;мойка;;;;;;;;1 раз в 2 недели;сотрудник внутреннего клининга;
69;Мебель;полки;полки;полки;;130;;Складское;генеральная;дезинфекция;;;;;;;;1 раз в 2 недели;сотрудник внутреннего клининга;
69;Мебель;полки;полки;полки;;130;;Складское;поддерживающая;мойка;;;;;;;;по мере необходимости (сухая очистка);сотрудник внутреннего клининга;
69;Мебель;полки;полки;полки;;130;;Складское;генеральная;мойка;;;;;;;;1 раз в 3 месяца;сотрудник внутреннего клининга;
69;Мебель;полки;полки;полки;;130;;Складское;генеральная;дезинфекция;;;;;;;;1 раз в 3 месяца;сотрудник внутреннего клининга;
127;Моечный, уборочный инвентарь и оборудование;поломоечная машина;поломоечная машина;поломоечная машина;;170;;Складское;основная;мойка;;;;;;;;1 раз в смену;сотрудник внутреннего клининга;
127;Моечный, уборочный инвентарь и оборудование;поломоечная машина;поломоечная машина;поломоечная машина;;170;;Складское;основная;дезинфекция;;;;;;;;1 раз в смену;сотрудник внутреннего клининга;
127;Моечный, уборочный инвентарь и оборудование;поломоечная машина;поломоечная машина;поломоечная машина;;170;;Складское;генеральная;мойка;;;;;;;;1 раз в месяц;сотрудник внутреннего клининга;
127;Моечный, уборочный инвентарь и оборудование;поломоечная машина;поломоечная машина;поломоечная машина;;170;;Складское;генеральная;дезинфекция;;;;;;;;1 раз в месяц;сотрудник внутреннего клининга;
127;Моечный, уборочный инвентарь и оборудование;поломоечная машина;поломоечная машина;поломоечная машина;;170;;Складское;генеральная;мойка;;;;;;;;1 раз в 2 недели;сотрудник внутреннего клининга;
127;Моечный, уборочный инвентарь и оборудование;поломоечная машина;поломоечная машина;поломоечная машина;;170;;Складское;генеральная;дезинфекция;;;;;;;;1 раз в 2 недели;сотрудник внутреннего клининга;
127;Моечный, уборочный инвентарь и оборудование;поломоечная машина;поломоечная машина;поломоечная машина;;170;;Складское;поддерживающая;мойка;;;;;;;;по мере необходимости (сухая очистка);сотрудник внутреннего клининга;
127;Моечный, уборочный инвентарь и оборудование;поломоечная машина;поломоечная машина;поломоечная машина;;170;;Складское;генеральная;мойка;;;;;;;;1 раз в 3 месяца;сотрудник внутреннего клининга;
127;Моечный, уборочный инвентарь и оборудование;поломоечная машина;поломоечная машина;поломоечная машина;;170;;Складское;генеральная;дезинфекция;;;;;;;;1 раз в 3 месяца;сотрудник внутреннего клининга;
132;Посудомоечное оборудование;пмм купольная;посудомоечная машина купольная;посудомоечная машина;купольная;160;;Складское;основная;мойка;;;;;;;;1 раз в смену;сотрудник внутреннего клининга;
132;Посудомоечное оборудование;пмм купольная;посудомоечная машина купольная;посудомоечная машина;купольная;160;;Складское;основная;дезинфекция;;;;;;;;1 раз в смену;сотрудник внутреннего клининга;
132;Посудомоечное оборудование;пмм купольная;посудомоечная машина купольная;посудомоечная машина;купольная;160;;Складское;генеральная;мойка;;;;;;;;1 раз в месяц;сотрудник внутреннего клининга;
132;Посудомоечное оборудование;пмм купольная;посудомоечная машина купольная;посудомоечная машина;купольная;160;;Складское;генеральная;дезинфекция;;;;;;;;1 раз в месяц;сотрудник внутреннего клининга;
132;Посудомоечное оборудование;пмм купольная;посудомоечная машина купольная;посудомоечная машина;купольная;160;;Складское;генеральная;мойка;;;;;;;;1 раз в 2 недели;сотрудник внутреннего клининга;
132;Посудомоечное оборудование;пмм купольная;посудомоечная машина купольная;посудомоечная машина;купольная;160;;Складское;генеральная;дезинфекция;;;;;;;;1 раз в 2 недели;сотрудник внутреннего клининга;
132;Посудомоечное оборудование;пмм купольная;посудомоечная машина купольная;посудомоечная машина;купольная;160;;Складское;поддерживающая;мойка;;;;;;;;по мере необходимости (сухая очистка);сотрудник внутреннего клининга;
132;Посудомоечное оборудование;пмм купольная;посудомоечная машина купольная;посудомоечная машина;купольная;160;;Складское;генеральная;мойка;;;;;;;;1 раз в 3 месяца;сотрудник внутреннего клининга;
132;Посудомоечное оборудование;пмм купольная;посудомоечная машина купольная;посудомоечная машина;купольная;160;;Складское;генеральная;дезинфекция;;;;;;;;1 раз в 3 месяца;сотрудник внутреннего клининга;
157;Технологическое оборудование;весы напольные;весы напольные;весы напольные;;150;;Складское;основная;мойка;;;;;;;;1 раз в смену;сотрудник внутреннего клининга;
157;Технологическое оборудование;весы напольные;весы напольные;весы напольные;;150;;Складское;основная;дезинфекция;;;;;;;;1 раз в смену;сотрудник внутреннего клининга;
157;Технологическое оборудование;весы напольные;весы напольные;весы напольные;;150;;Складское;генеральная;мойка;;;;;;;;1 раз в месяц;сотрудник внутреннего клининга;
157;Технологическое оборудование;весы напольные;весы напольные;весы напольные;;150;;Складское;генеральная;дезинфекция;;;;;;;;1 раз в месяц;сотрудник внутреннего клининга;
157;Технологическое оборудование;весы напольные;весы напольные;весы напольные;;150;;Складское;генеральная;мойка;;;;;;;;1 раз в 2 недели;сотрудник внутреннего клининга;
157;Технологическое оборудование;весы напольные;весы напольные;весы напольные;;150;;Складское;генеральная;дезинфекция;;;;;;;;1 раз в 2 недели;сотрудник внутреннего клининга;
157;Технологическое оборудование;весы напольные;весы напольные;весы напольные;;150;;Складское;поддерживающая;мойка;;;;;;;;по мере необходимости (сухая очистка);сотрудник внутреннего клининга;
157;Технологическое оборудование;весы напольные;весы напольные;весы напольные;;150;;Складское;генеральная;мойка;;;;;;;;1 раз в 3 месяца;сотрудник внутреннего клининга;
157;Технологическое оборудование;весы напольные;весы напольные;весы напольные;;150;;Складское;генеральная;дезинфекция;;;;;;;;1 раз в 3 месяца;сотрудник внутреннего клининга;
200;Сантехническое оборудование;диспенсердозатор;Диспенсер / дозатор для спецжидкостей;;;100;;Складское;поддерживающая;мойка;;;;;;;;по мере необходимости (сухая очистка);сотрудник внутреннего клининга;
200;Сантехническое оборудование;диспенсердозатор;Диспенсер / дозатор для спецжидкостей;;;100;;Складское;генеральная;мойка;;;;;;;;1 раз в 3 месяца;сотрудник внутреннего клининга;
200;Сантехническое оборудование;диспенсердозатор;Диспенсер / дозатор для спецжидкостей;;;100;;Складское;генеральная;дезинфекция;;;;;;;;1 раз в 3 месяца;сотрудник внутреннего клининга;
201;Технологическое оборудование;прибор кисл теста;Прибор для определения кислотности теста;;;100;;Складское;поддерживающая;мойка;;;;;;;;по мере необходимости (сухая очистка);сотрудник внутреннего клининга;
201;Технологическое оборудование;прибор кисл теста;Прибор для определения кислотности теста;;;100;;Складское;генеральная;мойка;;;;;;;;1 раз в 3 месяца;сотрудник внутреннего клининга;
201;Технологическое оборудование;прибор кисл теста;Прибор для определения кислотности теста;;;100;;Складское;генеральная;дезинфекция;;;;;;;;1 раз в 3 месяца;сотрудник внутреннего клининга;
202;Холодильное оборудование;холодильная витрина;Холодильная витрина;;;100;;Складское;поддерживающая;мойка;;;;;;;;по мере необходимости (сухая очистка);сотрудник внутреннего клининга;
202;Холодильное оборудование;холодильная витрина;Холодильная витрина;;;100;;Складское;генеральная;мойка;;;;;;;;1 раз в 3 месяца;сотрудник внутреннего клининга;
202;Холодильное оборудование;холодильная витрина;Холодильная витрина;;;100;;Складское;генеральная;дезинфекция;;;;;;;;1 раз в 3 месяца;сотрудник внутреннего клининга;
1;Поверхности;пол;пол;пол;;200;;Складское;основная;мойка;;;;;;;;1 раз в смену;сотрудник склада;
1;Поверхности;пол;пол;пол;;200;;Складское;основная;дезинфекция;;;;;;;;1 раз в смену;сотрудник склада;
157;Технологическое оборудование;весы напольные;весы напольные;весы напольные;;150;;Складское;основная;мойка;;;;;;;;1 раз в смену;сотрудник склада;
157;Технологическое оборудование;весы напольные;весы напольные;весы напольные;;150;;Складское;основная;дезинфекция;;;;;;;;1 раз в смену;сотрудник склада;
157;Технологическое оборудование;весы напольные;весы напольные;весы напольные;;150;;Складское;генеральная;мойка;;;;;;;;1 раз в месяц;сотрудник склада;
157;Технологическое оборудование;весы напольные;весы напольные;весы напольные;;150;;Складское;генеральная;дезинфекция;;;;;;;;1 раз в месяц;сотрудник склада;
200;Сантехническое оборудование;диспенсердозатор;Диспенсер / дозатор для спецжидкостей;;;100;;Складское;основная;мойка;;;;;;;;1 раз в смену;сотрудник склада;
200;Сантехническое оборудование;диспенсердозатор;Диспенсер / дозатор для спецжидкостей;;;100;;Складское;основная;дезинфекция;;;;;;;;1 раз в смену;сотрудник склада;
201;Технологическое оборудование;прибор кисл теста;Прибор для определения кислотности теста;;;100;;Складское;основная;мойка;;;;;;;;1 раз в смену;сотрудник склада;
201;Технологическое оборудование;прибор кисл теста;Прибор для определения кислотности теста;;;100;;Складское;основная;дезинфекция;;;;;;;;1 раз в смену;сотрудник склада;
202;Холодильное оборудование;холодильная витрина;Холодильная витрина;;;100;;Складское;основная;мойка;;;;;;;;1 раз в смену;сотрудник склада;
202;Холодильное оборудование;холодильная витрина;Холодильная витрина;;;100;;Складское;основная;дезинфекция;;;;;;;;1 раз в смену;сотрудник склада;
72;Мебель;столы;столы;столы;;130;;Складское;основная;мойка;;;;;;;;1 раз в смену;сотрудник склада;
72;Мебель;столы;столы;столы;;130;;Складское;основная;дезинфекция;;;;;;;;1 раз в смену;сотрудник склада;
72;Мебель;столы;столы;столы;;130;;Складское;генеральная;мойка;;;;;;;;1 раз в месяц;сотрудник склада;
72;Мебель;столы;столы;столы;;130;;Складское;генеральная;дезинфекция;;;;;;;;1 раз в месяц;сотрудник склада;
200;Сантехническое оборудование;диспенсердозатор;Диспенсер / дозатор для спецжидкостей;;;100;;Складское;генеральная;мойка;;;;;;;;1 раз в месяц (внешние и внутренние поверхности);сотрудник склада;
200;Сантехническое оборудование;диспенсердозатор;Диспенсер / дозатор для спецжидкостей;;;100;;Складское;генеральная;дезинфекция;;;;;;;;1 раз в месяц (внешние и внутренние поверхности);сотрудник склада;
201;Технологическое оборудование;прибор кисл теста;Прибор для определения кислотности теста;;;100;;Складское;генеральная;мойка;;;;;;;;1 раз в месяц (внешние и внутренние поверхности);сотрудник склада;
201;Технологическое оборудование;прибор кисл теста;Прибор для определения кислотности теста;;;100;;Складское;генеральная;дезинфекция;;;;;;;;1 раз в месяц (внешние и внутренние поверхности);сотрудник склада;
202;Холодильное оборудование;холодильная витрина;Холодильная витрина;;;100;;Складское;генеральная;мойка;;;;;;;;1 раз в месяц (внешние и внутренние поверхности);сотрудник склада;
202;Холодильное оборудование;холодильная витрина;Холодильная витрина;;;100;;Складское;генеральная;дезинфекция;;;;;;;;1 раз в месяц (внешние и внутренние поверхности);сотрудник склада;
12;Поверхности;двери;двери;двери;;90;;Складское;генеральная;мойка;;;;;;;;1 раз в 3 месяца;сотрудник внутреннего клининга;
12;Поверхности;двери;двери;двери;;90;;Складское;генеральная;дезинфекция;;;;;;;;1 раз в 3 месяца;сотрудник внутреннего клининга;
12;Поверхности;двери;двери;двери;;90;;Складское;генеральная;мойка;;;;;;;;1 раз в 2 недели;сотрудник внутреннего клининга;
12;Поверхности;двери;двери;двери;;90;;Складское;генеральная;дезинфекция;;;;;;;;1 раз в 2 недели;сотрудник внутреннего клининга;
13;Поверхности;дверные ручки;дверные ручки;дверные ручки;;65;;Складское;генеральная;мойка;;;;;;;;1 раз в 2 недели;сотрудник внутреннего клининга;
13;Поверхности;дверные ручки;дверные ручки;дверные ручки;;65;;Складское;генеральная;дезинфекция;;;;;;;;1 раз в 2 недели;сотрудник внутреннего клининга;
12;Поверхности;двери;двери;двери;;90;;Складское;основная;мойка;;;;;;;;1 раз в смену;сотрудник внутреннего клининга;
12;Поверхности;двери;двери;двери;;90;;Складское;основная;дезинфекция;;;;;;;;1 раз в смену;сотрудник внутреннего клининга;
13;Поверхности;дверные ручки;дверные ручки;дверные ручки;;65;;Складское;основная;мойка;;;;;;;;1 раз в смену;сотрудник внутреннего клининга;
13;Поверхности;дверные ручки;дверные ручки;дверные ручки;;65;;Складское;основная;дезинфекция;;;;;;;;1 раз в смену;сотрудник внутреннего клининга;
92;Инвентарь, посуда и т.д.;внутрицеховая тара (вёдра ящики);внутрицеховая тара (вёдра, ящики);внутрицеховая тара (вёдра, ящики);;150;;Складское;основная;мойка;;;;;;;;после каждого использования;сотрудник внутреннего клининга;
92;Инвентарь, посуда и т.д.;внутрицеховая тара (вёдра ящики);внутрицеховая тара (вёдра, ящики);внутрицеховая тара (вёдра, ящики);;150;;Складское;основная;дезинфекция;;;;;;;;после каждого использования;сотрудник внутреннего клининга;
92;Инвентарь, посуда и т.д.;внутрицеховая тара (вёдра ящики);внутрицеховая тара (вёдра, ящики);внутрицеховая тара (вёдра, ящики);;150;;Складское;генеральная;мойка;;;;;;;;1 раз в месяц;сотрудник внутреннего клининга;
92;Инвентарь, посуда и т.д.;внутрицеховая тара (вёдра ящики);внутрицеховая тара (вёдра, ящики);внутрицеховая тара (вёдра, ящики);;150;;Складское;генеральная;дезинфекция;;;;;;;;1 раз в месяц;сотрудник внутреннего клининга;
200;Сантехническое оборудование;диспенсердозатор;Диспенсер / дозатор для спецжидкостей;;;100;;Складское;основная;мойка;;;;;;;;после каждого использования;сотрудник внутреннего клининга;
200;Сантехническое оборудование;диспенсердозатор;Диспенсер / дозатор для спецжидкостей;;;100;;Складское;основная;дезинфекция;;;;;;;;после каждого использования;сотрудник внутреннего клининга;
201;Технологическое оборудование;прибор кисл теста;Прибор для определения кислотности теста;;;100;;Складское;основная;мойка;;;;;;;;после каждого использования;сотрудник внутреннего клининга;
201;Технологическое оборудование;прибор кисл теста;Прибор для определения кислотности теста;;;100;;Складское;основная;дезинфекция;;;;;;;;после каждого использования;сотрудник внутреннего клининга;
202;Холодильное оборудование;холодильная витрина;Холодильная витрина;;;100;;Складское;основная;мойка;;;;;;;;после каждого использования;сотрудник внутреннего клининга;
202;Холодильное оборудование;холодильная витрина;Холодильная витрина;;;100;;Складское;основная;дезинфекция;;;;;;;;после каждого использования;сотрудник внутреннего клининга;
32;Поверхности;пластиковые подкаты;пластиковые подкаты;пластиковые подкаты;;175;;Складское;основная;мойка;;;;;;;;1 раз в неделю;сотрудник внутреннего клининга;
32;Поверхности;пластиковые подкаты;пластиковые подкаты;пластиковые подкаты;;175;;Складское;основная;дезинфекция;;;;;;;;1 раз в неделю;сотрудник внутреннего клининга;
32;Поверхности;пластиковые подкаты;пластиковые подкаты;пластиковые подкаты;;175;;Складское;генеральная;мойка;;;;;;;;1 раз в месяц;сотрудник внутреннего клининга;
32;Поверхности;пластиковые подкаты;пластиковые подкаты;пластиковые подкаты;;175;;Складское;генеральная;дезинфекция;;;;;;;;1 раз в месяц;сотрудник внутреннего клининга;
9;Поверхности;вытяжные зонты а;вытяжные зонты алюминиевые;вытяжные зонты;А;25;;Складское;поддерживающая;мойка;;;;;;;;1 раз в неделю обеспыливание;сотрудник склада;
9;Поверхности;вытяжные зонты а;вытяжные зонты алюминиевые;вытяжные зонты;А;25;;Складское;поддерживающая;дезинфекция;;;;;;;;1 раз в неделю обеспыливание;сотрудник склада;
9;Поверхности;вытяжные зонты а;вытяжные зонты алюминиевые;вытяжные зонты;А;25;;Складское;генеральная;мойка;;;;;;;;1 месяц;сотрудник склада;
9;Поверхности;вытяжные зонты а;вытяжные зонты алюминиевые;вытяжные зонты;А;25;;Складское;генеральная;дезинфекция;;;;;;;;1 месяц;сотрудник склада;
10;Поверхности;вытяжные зонты н;вытяжные зонты из нержавеющей стали;вытяжные зонты;Н;25;;Складское;поддерживающая;мойка;;;;;;;;1 раз в неделю обеспыливание;сотрудник склада;
10;Поверхности;вытяжные зонты н;вытяжные зонты из нержавеющей стали;вытяжные зонты;Н;25;;Складское;поддерживающая;дезинфекция;;;;;;;;1 раз в неделю обеспыливание;сотрудник склада;
10;Поверхности;вытяжные зонты н;вытяжные зонты из нержавеющей стали;вытяжные зонты;Н;25;;Складское;генеральная;мойка;;;;;;;;1 месяц;сотрудник склада;
10;Поверхности;вытяжные зонты н;вытяжные зонты из нержавеющей стали;вытяжные зонты;Н;25;;Складское;генеральная;дезинфекция;;;;;;;;1 месяц;сотрудник склада;
200;Сантехническое оборудование;диспенсердозатор;Диспенсер / дозатор для спецжидкостей;;;100;;Складское;поддерживающая;мойка;;;;;;;;1 раз в неделю обеспыливание;сотрудник склада;
200;Сантехническое оборудование;диспенсердозатор;Диспенсер / дозатор для спецжидкостей;;;100;;Складское;поддерживающая;дезинфекция;;;;;;;;1 раз в неделю обеспыливание;сотрудник склада;
200;Сантехническое оборудование;диспенсердозатор;Диспенсер / дозатор для спецжидкостей;;;100;;Складское;генеральная;мойка;;;;;;;;1 месяц;сотрудник склада;
200;Сантехническое оборудование;диспенсердозатор;Диспенсер / дозатор для спецжидкостей;;;100;;Складское;генеральная;дезинфекция;;;;;;;;1 месяц;сотрудник склада;
201;Технологическое оборудование;прибор кисл теста;Прибор для определения кислотности теста;;;100;;Складское;поддерживающая;мойка;;;;;;;;1 раз в неделю обеспыливание;сотрудник склада;
201;Технологическое оборудование;прибор кисл теста;Прибор для определения кислотности теста;;;100;;Складское;поддерживающая;дезинфекция;;;;;;;;1 раз в неделю обеспыливание;сотрудник склада;
201;Технологическое оборудование;прибор кисл теста;Прибор для определения кислотности теста;;;100;;Складское;генеральная;мойка;;;;;;;;1 месяц;сотрудник склада;
201;Технологическое оборудование;прибор кисл теста;Прибор для определения кислотности теста;;;100;;Складское;генеральная;дезинфекция;;;;;;;;1 месяц;сотрудник склада;
202;Холодильное оборудование;холодильная витрина;Холодильная витрина;;;100;;Складское;поддерживающая;мойка;;;;;;;;1 раз в неделю обеспыливание;сотрудник склада;
202;Холодильное оборудование;холодильная витрина;Холодильная витрина;;;100;;Складское;поддерживающая;дезинфекция;;;;;;;;1 раз в неделю обеспыливание;сотрудник склада;
202;Холодильное оборудование;холодильная витрина;Холодильная витрина;;;100;;Складское;генеральная;мойка;;;;;;;;1 месяц;сотрудник склада;
202;Холодильное оборудование;холодильная витрина;Холодильная витрина;;;100;;Складское;генеральная;дезинфекция;;;;;;;;1 месяц;сотрудник склада;
42;Поверхности;стены (до 2 м);стены (до 2 м);стены (до 2 м);;40;;Складское;поддерживающая;мойка;;;;;;;;1 раз в неделю обеспыливание;сотрудник внутреннего клининга;
42;Поверхности;стены (до 2 м);стены (до 2 м);стены (до 2 м);;40;;Складское;поддерживающая;дезинфекция;;;;;;;;1 раз в неделю обеспыливание;сотрудник внутреннего клининга;
22;Поверхности;кабель-каналы;кабель-каналы;кабель-каналы;;60;;Складское;поддерживающая;мойка;;;;;;;;1 раз в неделю обеспыливание;сотрудник внутреннего клининга;
22;Поверхности;кабель-каналы;кабель-каналы;кабель-каналы;;60;;Складское;поддерживающая;дезинфекция;;;;;;;;1 раз в неделю обеспыливание;сотрудник внутреннего клининга;
6;Поверхности;водопроводные трубы;водопроводные трубы;водопроводные трубы;;60;;Складское;поддерживающая;мойка;;;;;;;;1 раз в неделю обеспыливание;сотрудник внутреннего клининга;
6;Поверхности;водопроводные трубы;водопроводные трубы;водопроводные трубы;;60;;Складское;поддерживающая;дезинфекция;;;;;;;;1 раз в неделю обеспыливание;сотрудник внутреннего клининга;
38;Поверхности;розетки;розетки;розетки;;65;;Складское;поддерживающая;мойка;;;;;;;;1 раз в неделю обеспыливание;сотрудник внутреннего клининга;
38;Поверхности;розетки;розетки;розетки;;65;;Складское;поддерживающая;дезинфекция;;;;;;;;1 раз в неделю обеспыливание;сотрудник внутреннего клининга;
12;Поверхности;двери;двери;двери;;90;;Складское;поддерживающая;мойка;;;;;;;;1 раз в неделю обеспыливание;сотрудник внутреннего клининга;
12;Поверхности;двери;двери;двери;;90;;Складское;поддерживающая;дезинфекция;;;;;;;;1 раз в неделю обеспыливание;сотрудник внутреннего клининга;
7;Поверхности;воротароллета;ворота/роллета;ворота/роллета;;90;;Складское;поддерживающая;мойка;;;;;;;;1 раз в неделю обеспыливание;сотрудник внутреннего клининга;
7;Поверхности;воротароллета;ворота/роллета;ворота/роллета;;90;;Складское;поддерживающая;дезинфекция;;;;;;;;1 раз в неделю обеспыливание;сотрудник внутреннего клининга;
11;Поверхности;гидравлические тележки;гидравлические тележки;гидравлические тележки;;180;;Складское;поддерживающая;мойка;;;;;;;;1 раз в смену обеспыливание;сотрудник склада;
11;Поверхности;гидравлические тележки;гидравлические тележки;гидравлические тележки;;180;;Складское;поддерживающая;дезинфекция;;;;;;;;1 раз в смену обеспыливание;сотрудник склада;
114;Инвентарь, посуда и т.д.;тележки;тележки;тележки;;150;;Складское;поддерживающая;мойка;;;;;;;;1 раз в смену обеспыливание;сотрудник склада;
114;Инвентарь, посуда и т.д.;тележки;тележки;тележки;;150;;Складское;поддерживающая;дезинфекция;;;;;;;;1 раз в смену обеспыливание;сотрудник склада;
47;Поверхности;штабелёры;штабелёр;штабелёр;;180;;Складское;поддерживающая;мойка;;;;;;;;1 раз в смену обеспыливание;сотрудник склада;
47;Поверхности;штабелёры;штабелёр;штабелёр;;180;;Складское;поддерживающая;дезинфекция;;;;;;;;1 раз в смену обеспыливание;сотрудник склада;
128;Моечный, уборочный инвентарь и оборудование;пылесосы;пылесос;пылесос;;170;;Складское;основная;мойка;;;;;;;;1 раз в неделю;сотрудник склада;
128;Моечный, уборочный инвентарь и оборудование;пылесосы;пылесос;пылесос;;170;;Складское;основная;дезинфекция;;;;;;;;1 раз в неделю;сотрудник склада;
128;Моечный, уборочный инвентарь и оборудование;пылесосы;пылесос;пылесос;;170;;Складское;поддерживающая;мойка;;;;;;;;1 раз в смену обеспыливание;сотрудник склада;
128;Моечный, уборочный инвентарь и оборудование;пылесосы;пылесос;пылесос;;170;;Складское;поддерживающая;дезинфекция;;;;;;;;1 раз в смену обеспыливание;сотрудник склада;
128;Моечный, уборочный инвентарь и оборудование;пылесосы;пылесос;пылесос;;170;;Складское;генеральная;мойка;;;;;;;;1 раз в месяц;сотрудник склада;
128;Моечный, уборочный инвентарь и оборудование;пылесосы;пылесос;пылесос;;170;;Складское;генеральная;дезинфекция;;;;;;;;1 раз в месяц;сотрудник склада;
2;Поверхности;бактерицидные лампы;бактерицидные лампы;бактерицидные лампы;;40;;Складское;основная;мойка;;;;;;;;;;
2;Поверхности;бактерицидные лампы;бактерицидные лампы;бактерицидные лампы;;40;;Складское;основная;дезинфекция;;;;;;;;;;
3;Поверхности;бойлера;бойлер;бойлер;;70;;Складское;основная;мойка;;;;;;;;;;
3;Поверхности;бойлера;бойлер;бойлер;;70;;Складское;основная;дезинфекция;;;;;;;;;;
4;Поверхности;вентиляторы;вентилятор;вентилятор;;80;;Складское;основная;мойка;;;;;;;;;;
4;Поверхности;вентиляторы;вентилятор;вентилятор;;80;;Складское;основная;дезинфекция;;;;;;;;;;
14;Поверхности;демосистема (контактная поверхность);демосистема (контактная поверхность);демосистема (контактная поверхность);;70;;Складское;основная;мойка;;;;;;;;;;
14;Поверхности;демосистема (контактная поверхность);демосистема (контактная поверхность);демосистема (контактная поверхность);;70;;Складское;основная;дезинфекция;;;;;;;;;;
15;Поверхности;держатели для досок;держатели для досок;держатели для досок;;70;;Складское;основная;мойка;;;;;;;;;;
15;Поверхности;держатели для досок;держатели для досок;держатели для досок;;70;;Складское;основная;дезинфекция;;;;;;;;;;
16;Поверхности;держатели для инвентаря;держатели для инвентаря;держатели для инвентаря;;70;;Складское;основная;мойка;;;;;;;;;;
16;Поверхности;держатели для инвентаря;держатели для инвентаря;держатели для инвентаря;;70;;Складское;основная;дезинфекция;;;;;;;;;;
17;Поверхности;держатели для ножей;держатели для ножей;держатели для ножей;;70;;Складское;основная;мойка;;;;;;;;;;
17;Поверхности;держатели для ножей;держатели для ножей;держатели для ножей;;70;;Складское;основная;дезинфекция;;;;;;;;;;
19;Поверхности;завесы пвх;завесы ПВХ;завесы ПВХ;;80;;Складское;основная;мойка;;;;;;;;;;
19;Поверхности;завесы пвх;завесы ПВХ;завесы ПВХ;;80;;Складское;основная;дезинфекция;;;;;;;;;;
20;Поверхности;завесы тепловые;завесы тепловые;завесы тепловые;;80;;Складское;основная;мойка;;;;;;;;;;
20;Поверхности;завесы тепловые;завесы тепловые;завесы тепловые;;80;;Складское;основная;дезинфекция;;;;;;;;;;
23;Поверхности;кондиционер;кондиционер;кондиционер;;50;;Складское;основная;мойка;;;;;;;;;;
23;Поверхности;кондиционер;кондиционер;кондиционер;;50;;Складское;основная;дезинфекция;;;;;;;;;;
24;Поверхности;контейнеры для отходов;контейнеры для отходов;контейнеры для отходов;;190;;Складское;основная;мойка;;;;;;;;;;
24;Поверхности;контейнеры для отходов;контейнеры для отходов;контейнеры для отходов;;190;;Складское;основная;дезинфекция;;;;;;;;;;
25;Поверхности;лестницы;лестницы;лестницы;;180;;Складское;основная;мойка;;;;;;;;;;
25;Поверхности;лестницы;лестницы;лестницы;;180;;Складское;основная;дезинфекция;;;;;;;;;;
26;Поверхности;металлоконструкции;металлоконструкции;металлоконструкции;;70;;Складское;основная;мойка;;;;;;;;;;
26;Поверхности;металлоконструкции;металлоконструкции;металлоконструкции;;70;;Складское;основная;дезинфекция;;;;;;;;;;
27;Поверхности;мусорные корзины;мусорные корзины;мусорные корзины;;185;;Складское;основная;мойка;;;;;;;;;;
27;Поверхности;мусорные корзины;мусорные корзины;мусорные корзины;;185;;Складское;основная;дезинфекция;;;;;;;;;;
29;Поверхности;окна внутрицеховые;окна внутрицеховые;окна внутрицеховые;;55;;Складское;основная;мойка;;;;;;;;;;
29;Поверхности;окна внутрицеховые;окна внутрицеховые;окна внутрицеховые;;55;;Складское;основная;дезинфекция;;;;;;;;;;
34;Поверхности;пожарный щит;пожарный щит;пожарный щит;;70;;Складское;основная;мойка;;;;;;;;;;
34;Поверхности;пожарный щит;пожарный щит;пожарный щит;;70;;Складское;основная;дезинфекция;;;;;;;;;;
37;Поверхности;резиновые коврики;резиновые коврики;резиновые коврики;;190;;Складское;основная;мойка;;;;;;;;;;
37;Поверхности;резиновые коврики;резиновые коврики;резиновые коврики;;190;;Складское;основная;дезинфекция;;;;;;;;;;
40;Поверхности;сплит-системы;сплит-системы;сплит-системы;;50;;Складское;основная;мойка;;;;;;;;;;
40;Поверхности;сплит-системы;сплит-системы;сплит-системы;;50;;Складское;основная;дезинфекция;;;;;;;;;;
43;Поверхности;стерилизатор;стерилизатор;стерилизатор;;70;;Складское;основная;мойка;;;;;;;;;;
43;Поверхности;стерилизатор;стерилизатор;стерилизатор;;70;;Складское;основная;дезинфекция;;;;;;;;;;
44;Поверхности;стоки;стоки;стоки;;195;;Складское;основная;мойка;;;;;;;;;;
44;Поверхности;стоки;стоки;стоки;;195;;Складское;основная;дезинфекция;;;;;;;;;;
45;Поверхности;трапы;трапы;трапы;;195;;Складское;основная;мойка;;;;;;;;;;
45;Поверхности;трапы;трапы;трапы;;195;;Складское;основная;дезинфекция;;;;;;;;;;
46;Поверхности;часы;часы;часы;;80;;Складское;основная;мойка;;;;;;;;;;
46;Поверхности;часы;часы;часы;;80;;Складское;основная;дезинфекция;;;;;;;;;;
48;Поверхности;электрощиты;электрощит;электрощит;;70;;Складское;основная;мойка;;;;;;;;;;
48;Поверхности;электрощиты;электрощит;электрощит;;70;;Складское;основная;дезинфекция;;;;;;;;;;
49;Поверхности;ёлки для колец;ёлки для колец;ёлки для колец;;170;;Складское;основная;мойка;;;;;;;;;;
49;Поверхности;ёлки для колец;ёлки для колец;ёлки для колец;;170;;Складское;основная;дезинфекция;;;;;;;;;;
50;Сантехническое оборудование;душевая кабина;душевая кабина;душевая кабина;;100;;Складское;основная;мойка;;;;;;;;;;
50;Сантехническое оборудование;душевая кабина;душевая кабина;душевая кабина;;100;;Складское;основная;дезинфекция;;;;;;;;;;
51;Сантехническое оборудование;душевые секции;душевые секции;душевые секции;;100;;Складское;основная;мойка;;;;;;;;;;
51;Сантехническое оборудование;душевые секции;душевые секции;душевые секции;;100;;Складское;основная;дезинфекция;;;;;;;;;;
52;Сантехническое оборудование;писсуар;писсуар;писсуар;;90;;Складское;основная;мойка;;;;;;;;;;
52;Сантехническое оборудование;писсуар;писсуар;писсуар;;90;;Складское;основная;дезинфекция;;;;;;;;;;
56;Сантехническое оборудование;унитаз;унитаз;унитаз;;90;;Складское;основная;мойка;;;;;;;;;;
56;Сантехническое оборудование;унитаз;унитаз;унитаз;;90;;Складское;основная;дезинфекция;;;;;;;;;;
57;Санитарный пост;бак для грязной одежды;бак для грязной одежды;бак для грязной одежды;;110;;Складское;основная;мойка;;;;;;;;;;
57;Санитарный пост;бак для грязной одежды;бак для грязной одежды;бак для грязной одежды;;110;;Складское;основная;дезинфекция;;;;;;;;;;
58;Санитарный пост;дезинфицирующие маты;дезинфицирующие маты;дезинфицирующие маты;;120;;Складское;основная;мойка;;;;;;;;;;
58;Санитарный пост;дезинфицирующие маты;дезинфицирующие маты;дезинфицирующие маты;;120;;Складское;основная;дезинфекция;;;;;;;;;;
59;Санитарный пост;диспенсер для тб;диспенсер для тулетной бумаги;диспенсер для тулетной бумаги;;110;;Складское;основная;мойка;;;;;;;;;;
59;Санитарный пост;диспенсер для тб;диспенсер для тулетной бумаги;диспенсер для тулетной бумаги;;110;;Складское;основная;дезинфекция;;;;;;;;;;
62;Санитарный пост;корзиныдиспенсеры для сиз;корзины/диспенсеры для СИЗ;корзины/диспенсеры для СИЗ;;110;;Складское;основная;мойка;;;;;;;;;;
62;Санитарный пост;корзиныдиспенсеры для сиз;корзины/диспенсеры для СИЗ;корзины/диспенсеры для СИЗ;;110;;Складское;основная;дезинфекция;;;;;;;;;;
63;Санитарный пост;модульный санпропускник;модульный санпропускник;модульный санпропускник;;120;;Складское;основная;мойка;;;;;;;;;;
63;Санитарный пост;модульный санпропускник;модульный санпропускник;модульный санпропускник;;120;;Складское;основная;дезинфекция;;;;;;;;;;
65;Санитарный пост;сушилка для рук;сушилка для рук;сушилка для рук;;110;;Складское;основная;мойка;;;;;;;;;;
65;Санитарный пост;сушилка для рук;сушилка для рук;сушилка для рук;;110;;Складское;основная;дезинфекция;;;;;;;;;;
66;Мебель;вешалки;вешалки;вешалки;;130;;Складское;основная;мойка;;;;;;;;;;
66;Мебель;вешалки;вешалки;вешалки;;130;;Складское;основная;дезинфекция;;;;;;;;;;
67;Мебель;зеркала;зеркала;зеркала;;130;;Складское;основная;мойка;;;;;;;;;;
67;Мебель;зеркала;зеркала;зеркала;;130;;Складское;основная;дезинфекция;;;;;;;;;;
68;Мебель;обувницы;обувницы;обувницы;;130;;Складское;основная;мойка;;;;;;;;;;
68;Мебель;обувницы;обувницы;обувницы;;130;;Складское;основная;дезинфекция;;;;;;;;;;
70;Мебель;скамейки;скамейки;скамейки;;130;;Складское;основная;мойка;;;;;;;;;;
70;Мебель;скамейки;скамейки;скамейки;;130;;Складское;основная;дезинфекция;;;;;;;;;;
74;Мебель;сушилка для обуви;сушилка для обуви;сушилка для обуви;;130;;Складское;основная;мойка;;;;;;;;;;
74;Мебель;сушилка для обуви;сушилка для обуви;сушилка для обуви;;130;;Складское;основная;дезинфекция;;;;;;;;;;
79;Офисная техника;телефоны;телефон;телефон;;140;;Складское;основная;мойка;;;;;;;;;;
79;Офисная техника;телефоны;телефон;телефон;;140;;Складское;основная;дезинфекция;;;;;;;;;;
80;Многоразовые резиновые СИЗ;нарукавники;нарукавники;нарукавники;;150;;Складское;основная;мойка;;;;;;;;;;
80;Многоразовые резиновые СИЗ;нарукавники;нарукавники;нарукавники;;150;;Складское;основная;дезинфекция;;;;;;;;;;
81;Многоразовые резиновые СИЗ;перчатки;перчатки;перчатки;;150;;Складское;основная;мойка;;;;;;;;;;
81;Многоразовые резиновые СИЗ;перчатки;перчатки;перчатки;;150;;Складское;основная;дезинфекция;;;;;;;;;;
82;Многоразовые резиновые СИЗ;сапоги;сапоги;сапоги;;150;;Складское;основная;мойка;;;;;;;;;;
82;Многоразовые резиновые СИЗ;сапоги;сапоги;сапоги;;150;;Складское;основная;дезинфекция;;;;;;;;;;
83;Многоразовые резиновые СИЗ;фартуки;фартуки;фартуки;;150;;Складское;основная;мойка;;;;;;;;;;
83;Многоразовые резиновые СИЗ;фартуки;фартуки;фартуки;;150;;Складское;основная;дезинфекция;;;;;;;;;;
84;Бытовая техника;кулера;кулер;кулер;;160;;Складское;основная;мойка;;;;;;;;;;
84;Бытовая техника;кулера;кулер;кулер;;160;;Складское;основная;дезинфекция;;;;;;;;;;
85;Бытовая техника;микроволновки;микроволновая печь;микроволновая печь;;160;;Складское;основная;мойка;;;;;;;;;;
85;Бытовая техника;микроволновки;микроволновая печь;микроволновая печь;;160;;Складское;основная;дезинфекция;;;;;;;;;;
86;Бытовая техника;стиральные машины;стиральная машина;стиральная машина;;160;;Складское;основная;мойка;;;;;;;;;;
86;Бытовая техника;стиральные машины;стиральная машина;стиральная машина;;160;;Складское;основная;дезинфекция;;;;;;;;;;
87;Бытовая техника;сушильные машины;сушильная машина;сушильная машина;;160;;Складское;основная;мойка;;;;;;;;;;
87;Бытовая техника;сушильные машины;сушильная машина;сушильная машина;;160;;Складское;основная;дезинфекция;;;;;;;;;;
88;Бытовая техника;термопоты;термопот;термопот;;160;;Складское;основная;мойка;;;;;;;;;;
88;Бытовая техника;термопоты;термопот;термопот;;160;;Складское;основная;дезинфекция;;;;;;;;;;
89;Бытовая техника;холодильники;холодильник бытовой;холодильник бытовой;;160;;Складское;основная;мойка;;;;;;;;;;
89;Бытовая техника;холодильники;холодильник бытовой;холодильник бытовой;;160;;Складское;основная;дезинфекция;;;;;;;;;;
90;Бытовая техника;чайники;чайник электрический;чайник электрический;;160;;Складское;основная;мойка;;;;;;;;;;
90;Бытовая техника;чайники;чайник электрический;чайник электрический;;160;;Складское;основная;дезинфекция;;;;;;;;;;
91;Инвентарь, посуда и т.д.;вешала;вешала;вешала;;150;;Складское;основная;мойка;;;;;;;;;;
91;Инвентарь, посуда и т.д.;вешала;вешала;вешала;;150;;Складское;основная;дезинфекция;;;;;;;;;;
93;Инвентарь, посуда и т.д.;гастроёмкости;гастроёмкости;гастроёмкости;;150;;Складское;основная;мойка;;;;;;;;;;
93;Инвентарь, посуда и т.д.;гастроёмкости;гастроёмкости;гастроёмкости;;150;;Складское;основная;дезинфекция;;;;;;;;;;
94;Инвентарь, посуда и т.д.;дежи;дежи;дежи;;150;;Складское;основная;мойка;;;;;;;;;;
94;Инвентарь, посуда и т.д.;дежи;дежи;дежи;;150;;Складское;основная;дезинфекция;;;;;;;;;;
95;Инвентарь, посуда и т.д.;доски;доски;доски;;150;;Складское;основная;мойка;;;;;;;;;;
95;Инвентарь, посуда и т.д.;доски;доски;доски;;150;;Складское;основная;дезинфекция;;;;;;;;;;
96;Инвентарь, посуда и т.д.;изотермические контейнеры (bigbox);изотермические контейнеры (bigbox);изотермические контейнеры (bigbox);;150;;Складское;основная;мойка;;;;;;;;;;
96;Инвентарь, посуда и т.д.;изотермические контейнеры (bigbox);изотермические контейнеры (bigbox);изотермические контейнеры (bigbox);;150;;Складское;основная;дезинфекция;;;;;;;;;;
97;Инвентарь, посуда и т.д.;инвентарь;инвентарь;инвентарь;;150;;Складское;основная;мойка;;;;;;;;;;
97;Инвентарь, посуда и т.д.;инвентарь;инвентарь;инвентарь;;150;;Складское;основная;дезинфекция;;;;;;;;;;
98;Инвентарь, посуда и т.д.;корзины для расстойки теста;корзины для расстойки теста;корзины для расстойки теста;;150;;Складское;основная;мойка;;;;;;;;;;
98;Инвентарь, посуда и т.д.;корзины для расстойки теста;корзины для расстойки теста;корзины для расстойки теста;;150;;Складское;основная;дезинфекция;;;;;;;;;;
99;Инвентарь, посуда и т.д.;крючки;крючки;крючки;;150;;Складское;основная;мойка;;;;;;;;;;
99;Инвентарь, посуда и т.д.;крючки;крючки;крючки;;150;;Складское;основная;дезинфекция;;;;;;;;;;
100;Инвентарь, посуда и т.д.;листы для выпечки а;листы для выпечки алюминиевые;листы для выпечки;А;150;;Складское;основная;мойка;;;;;;;;;;
100;Инвентарь, посуда и т.д.;листы для выпечки а;листы для выпечки алюминиевые;листы для выпечки;А;150;;Складское;основная;дезинфекция;;;;;;;;;;
101;Инвентарь, посуда и т.д.;листы для выпечки н;листы для выпечки из нержавеющей стали;листы для выпечки;Н;150;;Складское;основная;мойка;;;;;;;;;;
101;Инвентарь, посуда и т.д.;листы для выпечки н;листы для выпечки из нержавеющей стали;листы для выпечки;Н;150;;Складское;основная;дезинфекция;;;;;;;;;;
102;Инвентарь, посуда и т.д.;листы от шпилек;листы от шпилек;листы от шпилек;;150;;Складское;основная;мойка;;;;;;;;;;
102;Инвентарь, посуда и т.д.;листы от шпилек;листы от шпилек;листы от шпилек;;150;;Складское;основная;дезинфекция;;;;;;;;;;
103;Инвентарь, посуда и т.д.;мусаты;мусаты;мусаты;;150;;Складское;основная;мойка;;;;;;;;;;
103;Инвентарь, посуда и т.д.;мусаты;мусаты;мусаты;;150;;Складское;основная;дезинфекция;;;;;;;;;;
104;Инвентарь, посуда и т.д.;ножи;ножи разделочные;ножи разделочные;;150;;Складское;основная;мойка;;;;;;;;;;
104;Инвентарь, посуда и т.д.;ножи;ножи разделочные;ножи разделочные;;150;;Складское;основная;дезинфекция;;;;;;;;;;
105;Инвентарь, посуда и т.д.;оборотная тара;оборотная тара;оборотная тара;;150;;Складское;основная;мойка;;;;;;;;;;
105;Инвентарь, посуда и т.д.;оборотная тара;оборотная тара;оборотная тара;;150;;Складское;основная;дезинфекция;;;;;;;;;;
106;Инвентарь, посуда и т.д.;отсадочные мешки;отсадочные мешки;отсадочные мешки;;150;;Складское;основная;мойка;;;;;;;;;;
106;Инвентарь, посуда и т.д.;отсадочные мешки;отсадочные мешки;отсадочные мешки;;150;;Складское;основная;дезинфекция;;;;;;;;;;
107;Инвентарь, посуда и т.д.;передвижные ёмкости;передвижные ёмкости;передвижные ёмкости;;150;;Складское;основная;мойка;;;;;;;;;;
107;Инвентарь, посуда и т.д.;передвижные ёмкости;передвижные ёмкости;передвижные ёмкости;;150;;Складское;основная;дезинфекция;;;;;;;;;;
108;Инвентарь, посуда и т.д.;посуда;посуда;посуда;;150;;Складское;основная;мойка;;;;;;;;;;
108;Инвентарь, посуда и т.д.;посуда;посуда;посуда;;150;;Складское;основная;дезинфекция;;;;;;;;;;
109;Инвентарь, посуда и т.д.;расстоечные термочехлы;расстоечные термочехлы;расстоечные термочехлы;;150;;Складское;основная;мойка;;;;;;;;;;
109;Инвентарь, посуда и т.д.;расстоечные термочехлы;расстоечные термочехлы;расстоечные термочехлы;;150;;Складское;основная;дезинфекция;;;;;;;;;;
110;Инвентарь, посуда и т.д.;секачи;секачи;секачи;;150;;Складское;основная;мойка;;;;;;;;;;
110;Инвентарь, посуда и т.д.;секачи;секачи;секачи;;150;;Складское;основная;дезинфекция;;;;;;;;;;
111;Инвентарь, посуда и т.д.;силапеновые коврики;силапеновые коврики;силапеновые коврики;;150;;Складское;основная;мойка;;;;;;;;;;
111;Инвентарь, посуда и т.д.;силапеновые коврики;силапеновые коврики;силапеновые коврики;;150;;Складское;основная;дезинфекция;;;;;;;;;;
112;Инвентарь, посуда и т.д.;съёмные детали оборудования а;съёмные детали оборудования алюминиевые;съёмные детали оборудования;А;150;;Складское;основная;мойка;;;;;;;;;;
112;Инвентарь, посуда и т.д.;съёмные детали оборудования а;съёмные детали оборудования алюминиевые;съёмные детали оборудования;А;150;;Складское;основная;дезинфекция;;;;;;;;;;
113;Инвентарь, посуда и т.д.;съёмные детали оборудования н;съёмные детали оборудования из нержавеющей стали;съёмные детали оборудования;Н;150;;Складское;основная;мойка;;;;;;;;;;
113;Инвентарь, посуда и т.д.;съёмные детали оборудования н;съёмные детали оборудования из нержавеющей стали;съёмные детали оборудования;Н;150;;Складское;основная;дезинфекция;;;;;;;;;;
115;Инвентарь, посуда и т.д.;тележки подкатные;тележки подкатные;тележки подкатные;;150;;Складское;основная;мойка;;;;;;;;;;
115;Инвентарь, посуда и т.д.;тележки подкатные;тележки подкатные;тележки подкатные;;150;;Складское;основная;дезинфекция;;;;;;;;;;
116;Инвентарь, посуда и т.д.;формы для выпечки а;формы для выпечки алюминиевые;формы для выпечки;А;150;;Складское;основная;мойка;;;;;;;;;;
116;Инвентарь, посуда и т.д.;формы для выпечки а;формы для выпечки алюминиевые;формы для выпечки;А;150;;Складское;основная;дезинфекция;;;;;;;;;;
117;Инвентарь, посуда и т.д.;формы для выпечки н;формы для выпечки из нержавеющей стали;формы для выпечки;Н;150;;Складское;основная;мойка;;;;;;;;;;
117;Инвентарь, посуда и т.д.;формы для выпечки н;формы для выпечки из нержавеющей стали;формы для выпечки;Н;150;;Складское;основная;дезинфекция;;;;;;;;;;
118;Инвентарь, посуда и т.д.;формы для выпечки с;формы для выпечки силиконовые;формы для выпечки;С;150;;Складское;основная;мойка;;;;;;;;;;
118;Инвентарь, посуда и т.д.;формы для выпечки с;формы для выпечки силиконовые;формы для выпечки;С;150;;Складское;основная;дезинфекция;;;;;;;;;;
119;Инвентарь, посуда и т.д.;шампура;шампуры;шампуры;;150;;Складское;основная;мойка;;;;;;;;;;
119;Инвентарь, посуда и т.д.;шампура;шампуры;шампуры;;150;;Складское;основная;дезинфекция;;;;;;;;;;
120;Инвентарь, посуда и т.д.;шпильки;шпильки;шпильки;;150;;Складское;основная;мойка;;;;;;;;;;
120;Инвентарь, посуда и т.д.;шпильки;шпильки;шпильки;;150;;Складское;основная;дезинфекция;;;;;;;;;;
121;Инвентарь, посуда и т.д.;ёмкости для перетаривания;ёмкости для перетаривания;ёмкости для перетаривания;;150;;Складское;основная;мойка;;;;;;;;;;
121;Инвентарь, посуда и т.д.;ёмкости для перетаривания;ёмкости для перетаривания;ёмкости для перетаривания;;150;;Складское;основная;дезинфекция;;;;;;;;;;
122;Инвентарь, посуда и т.д.;ёмкости для сыпучих продуктов;ёмкости для сыпучих продуктов;ёмкости для сыпучих продуктов;;150;;Складское;основная;мойка;;;;;;;;;;
122;Инвентарь, посуда и т.д.;ёмкости для сыпучих продуктов;ёмкости для сыпучих продуктов;ёмкости для сыпучих продуктов;;150;;Складское;основная;дезинфекция;;;;;;;;;;
123;Моечный, уборочный инвентарь и оборудование;авд;АВД;АВД;;170;;Складское;основная;мойка;;;;;;;;;;
123;Моечный, уборочный инвентарь и оборудование;авд;АВД;АВД;;170;;Складское;основная;дезинфекция;;;;;;;;;;
125;Моечный, уборочный инвентарь и оборудование;ветошь;ветошь;ветошь;;170;;Складское;основная;мойка;;;;;;;;;;
125;Моечный, уборочный инвентарь и оборудование;ветошь;ветошь;ветошь;;170;;Складское;основная;дезинфекция;;;;;;;;;;
126;Моечный, уборочный инвентарь и оборудование;мопы;мопы;мопы;;170;;Складское;основная;мойка;;;;;;;;;;
126;Моечный, уборочный инвентарь и оборудование;мопы;мопы;мопы;;170;;Складское;основная;дезинфекция;;;;;;;;;;
129;Моечный, уборочный инвентарь и оборудование;сгоны;сгоны для воды;сгоны для воды;;170;;Складское;основная;мойка;;;;;;;;;;
129;Моечный, уборочный инвентарь и оборудование;сгоны;сгоны для воды;сгоны для воды;;170;;Складское;основная;дезинфекция;;;;;;;;;;
130;Моечный, уборочный инвентарь и оборудование;тележки уборочные;тележки уборочные;тележки уборочные;;170;;Складское;основная;мойка;;;;;;;;;;
130;Моечный, уборочный инвентарь и оборудование;тележки уборочные;тележки уборочные;тележки уборочные;;170;;Складское;основная;дезинфекция;;;;;;;;;;
131;Моечный, уборочный инвентарь и оборудование;щётки;щётки;щётки;;170;;Складское;основная;мойка;;;;;;;;;;
131;Моечный, уборочный инвентарь и оборудование;щётки;щётки;щётки;;170;;Складское;основная;дезинфекция;;;;;;;;;;
133;Посудомоечное оборудование;пмм туннельная;посудомоечная машина туннельная;посудомоечная машина;туннельная;160;;Складское;основная;мойка;;;;;;;;;;
133;Посудомоечное оборудование;пмм туннельная;посудомоечная машина туннельная;посудомоечная машина;туннельная;160;;Складское;основная;дезинфекция;;;;;;;;;;
134;Посудомоечное оборудование;таромоечная машина;таромоечная машина;таромоечная машина;;160;;Складское;основная;мойка;;;;;;;;;;
134;Посудомоечное оборудование;таромоечная машина;таромоечная машина;таромоечная машина;;160;;Складское;основная;дезинфекция;;;;;;;;;;
135;Холодильное оборудование;камеры мороз;камеры морозильные;камеры морозильные;;160;;Складское;основная;мойка;;;;;;;;;;
135;Холодильное оборудование;камеры мороз;камеры морозильные;камеры морозильные;;160;;Складское;основная;дезинфекция;;;;;;;;;;
136;Холодильное оборудование;камеры холод;камеры холодильные;камеры холодильные;;160;;Складское;основная;мойка;;;;;;;;;;
136;Холодильное оборудование;камеры холод;камеры холодильные;камеры холодильные;;160;;Складское;основная;дезинфекция;;;;;;;;;;
137;Холодильное оборудование;камеры шок замор;камеры шоковой заморозки;камеры шоковой заморозки;;160;;Складское;основная;мойка;;;;;;;;;;
137;Холодильное оборудование;камеры шок замор;камеры шоковой заморозки;камеры шоковой заморозки;;160;;Складское;основная;дезинфекция;;;;;;;;;;
138;Холодильное оборудование;ледогенератор;ледогенератор;ледогенератор;;160;;Складское;основная;мойка;;;;;;;;;;
138;Холодильное оборудование;ледогенератор;ледогенератор;ледогенератор;;160;;Складское;основная;дезинфекция;;;;;;;;;;
139;Холодильное оборудование;морозильный ларь;морозильный ларь;морозильный ларь;;160;;Складское;основная;мойка;;;;;;;;;;
139;Холодильное оборудование;морозильный ларь;морозильный ларь;морозильный ларь;;160;;Складское;основная;дезинфекция;;;;;;;;;;
140;Холодильное оборудование;холод столы;холодильные столы;холодильные столы;;160;;Складское;основная;мойка;;;;;;;;;;
140;Холодильное оборудование;холод столы;холодильные столы;холодильные столы;;160;;Складское;основная;дезинфекция;;;;;;;;;;
141;Холодильное оборудование;холод шкафы;холодильные шкафы;холодильные шкафы;;160;;Складское;основная;мойка;;;;;;;;;;
141;Холодильное оборудование;холод шкафы;холодильные шкафы;холодильные шкафы;;160;;Складское;основная;дезинфекция;;;;;;;;;;
142;Тепловое оборудование;варочные котлы;варочные котлы;варочные котлы;;150;;Складское;основная;мойка;;;;;;;;;;
142;Тепловое оборудование;варочные котлы;варочные котлы;варочные котлы;;150;;Складское;основная;дезинфекция;;;;;;;;;;
143;Тепловое оборудование;вафельницы;вафельницы;вафельницы;;150;;Складское;основная;мойка;;;;;;;;;;
143;Тепловое оборудование;вафельницы;вафельницы;вафельницы;;150;;Складское;основная;дезинфекция;;;;;;;;;;
144;Тепловое оборудование;грили;грили;грили;;150;;Складское;основная;мойка;;;;;;;;;;
144;Тепловое оборудование;грили;грили;грили;;150;;Складское;основная;дезинфекция;;;;;;;;;;
145;Тепловое оборудование;пароконвектоматы;пароконвектоматы;пароконвектоматы;;150;;Складское;основная;мойка;;;;;;;;;;
145;Тепловое оборудование;пароконвектоматы;пароконвектоматы;пароконвектоматы;;150;;Складское;основная;дезинфекция;;;;;;;;;;
146;Тепловое оборудование;печи подовые;печи подовые;печи подовые;;150;;Складское;основная;мойка;;;;;;;;;;
146;Тепловое оборудование;печи подовые;печи подовые;печи подовые;;150;;Складское;основная;дезинфекция;;;;;;;;;;
147;Тепловое оборудование;печи ротационные;печи ротационные;печи ротационные;;150;;Складское;основная;мойка;;;;;;;;;;
147;Тепловое оборудование;печи ротационные;печи ротационные;печи ротационные;;150;;Складское;основная;дезинфекция;;;;;;;;;;
148;Тепловое оборудование;плиты газ;плиты газовые;плиты газовые;;150;;Складское;основная;мойка;;;;;;;;;;
148;Тепловое оборудование;плиты газ;плиты газовые;плиты газовые;;150;;Складское;основная;дезинфекция;;;;;;;;;;
149;Тепловое оборудование;плиты индук;плиты индукционные;плиты индукционные;;150;;Складское;основная;мойка;;;;;;;;;;
149;Тепловое оборудование;плиты индук;плиты индукционные;плиты индукционные;;150;;Складское;основная;дезинфекция;;;;;;;;;;
150;Тепловое оборудование;плиты элек;плиты электрические;плиты электрические;;150;;Складское;основная;мойка;;;;;;;;;;
150;Тепловое оборудование;плиты элек;плиты электрические;плиты электрические;;150;;Складское;основная;дезинфекция;;;;;;;;;;
151;Тепловое оборудование;расстоечные шкафы;расстоечные шкафы;расстоечные шкафы;;150;;Складское;основная;мойка;;;;;;;;;;
151;Тепловое оборудование;расстоечные шкафы;расстоечные шкафы;расстоечные шкафы;;150;;Складское;основная;дезинфекция;;;;;;;;;;
152;Тепловое оборудование;сковороды;сковороды;сковороды;;150;;Складское;основная;мойка;;;;;;;;;;
152;Тепловое оборудование;сковороды;сковороды;сковороды;;150;;Складское;основная;дезинфекция;;;;;;;;;;
153;Тепловое оборудование;фритюры;фритюры;фритюры;;150;;Складское;основная;мойка;;;;;;;;;;
153;Тепловое оборудование;фритюры;фритюры;фритюры;;150;;Складское;основная;дезинфекция;;;;;;;;;;
154;Технологическое оборудование;бисквиторезки;бисквиторезки;бисквиторезки;;150;;Складское;основная;мойка;;;;;;;;;;
154;Технологическое оборудование;бисквиторезки;бисквиторезки;бисквиторезки;;150;;Складское;основная;дезинфекция;;;;;;;;;;
155;Технологическое оборудование;блендеры;блендеры;блендеры;;150;;Складское;основная;мойка;;;;;;;;;;
155;Технологическое оборудование;блендеры;блендеры;блендеры;;150;;Складское;основная;дезинфекция;;;;;;;;;;
156;Технологическое оборудование;вакуумные роторные шприцы;вакуумные роторные шприцы;вакуумные роторные шприцы;;150;;Складское;основная;мойка;;;;;;;;;;
156;Технологическое оборудование;вакуумные роторные шприцы;вакуумные роторные шприцы;вакуумные роторные шприцы;;150;;Складское;основная;дезинфекция;;;;;;;;;;
158;Технологическое оборудование;весы настольные;весы настольные;весы настольные;;150;;Складское;основная;мойка;;;;;;;;;;
158;Технологическое оборудование;весы настольные;весы настольные;весы настольные;;150;;Складское;основная;дезинфекция;;;;;;;;;;
159;Технологическое оборудование;водяные бани;водяные бани;водяные бани;;150;;Складское;основная;мойка;;;;;;;;;;
159;Технологическое оборудование;водяные бани;водяные бани;водяные бани;;150;;Складское;основная;дезинфекция;;;;;;;;;;
160;Технологическое оборудование;депозитор волюметрический;депозитор волюметрический;депозитор волюметрический;;150;;Складское;основная;мойка;;;;;;;;;;
160;Технологическое оборудование;депозитор волюметрический;депозитор волюметрический;депозитор волюметрический;;150;;Складское;основная;дезинфекция;;;;;;;;;;
161;Технологическое оборудование;дозатор для геля (пульверизатор);дозатор для геля (пульверизатор);дозатор для геля (пульверизатор);;150;;Складское;основная;мойка;;;;;;;;;;
161;Технологическое оборудование;дозатор для геля (пульверизатор);дозатор для геля (пульверизатор);дозатор для геля (пульверизатор);;150;;Складское;основная;дезинфекция;;;;;;;;;;
162;Технологическое оборудование;дозаторы для жидкостей;дозаторы для жидкостей;дозаторы для жидкостей;;150;;Складское;основная;мойка;;;;;;;;;;
162;Технологическое оборудование;дозаторы для жидкостей;дозаторы для жидкостей;дозаторы для жидкостей;;150;;Складское;основная;дезинфекция;;;;;;;;;;
163;Технологическое оборудование;дробилки;дробилки;дробилки;;150;;Складское;основная;мойка;;;;;;;;;;
163;Технологическое оборудование;дробилки;дробилки;дробилки;;150;;Складское;основная;дезинфекция;;;;;;;;;;
164;Технологическое оборудование;измельчители;измельчители;измельчители;;150;;Складское;основная;мойка;;;;;;;;;;
164;Технологическое оборудование;измельчители;измельчители;измельчители;;150;;Складское;основная;дезинфекция;;;;;;;;;;
165;Технологическое оборудование;картофелечистки;картофелечистки;картофелечистки;;150;;Складское;основная;мойка;;;;;;;;;;
165;Технологическое оборудование;картофелечистки;картофелечистки;картофелечистки;;150;;Складское;основная;дезинфекция;;;;;;;;;;
166;Технологическое оборудование;машина для резки конд изделий;машина для резки кондитерских изделий;машина для резки кондитерских изделий;;150;;Складское;основная;мойка;;;;;;;;;;
166;Технологическое оборудование;машина для резки конд изделий;машина для резки кондитерских изделий;машина для резки кондитерских изделий;;150;;Складское;основная;дезинфекция;;;;;;;;;;
167;Технологическое оборудование;металлодетектор;металлодетектор;металлодетектор;;150;;Складское;основная;мойка;;;;;;;;;;
167;Технологическое оборудование;металлодетектор;металлодетектор;металлодетектор;;150;;Складское;основная;дезинфекция;;;;;;;;;;
168;Технологическое оборудование;миксеры планетарные;миксеры планетарные;миксеры планетарные;;150;;Складское;основная;мойка;;;;;;;;;;
168;Технологическое оборудование;миксеры планетарные;миксеры планетарные;миксеры планетарные;;150;;Складское;основная;дезинфекция;;;;;;;;;;
169;Технологическое оборудование;минифилы (дозаторы крема);минифилы (дозаторы крема);минифилы (дозаторы крема);;150;;Складское;основная;мойка;;;;;;;;;;
169;Технологическое оборудование;минифилы (дозаторы крема);минифилы (дозаторы крема);минифилы (дозаторы крема);;150;;Складское;основная;дезинфекция;;;;;;;;;;
170;Технологическое оборудование;овощерезки;овощерезки;овощерезки;;150;;Складское;основная;мойка;;;;;;;;;;
170;Технологическое оборудование;овощерезки;овощерезки;овощерезки;;150;;Складское;основная;дезинфекция;;;;;;;;;;
171;Технологическое оборудование;овощечистки;овощечистки;овощечистки;;150;;Складское;основная;мойка;;;;;;;;;;
171;Технологическое оборудование;овощечистки;овощечистки;овощечистки;;150;;Складское;основная;дезинфекция;;;;;;;;;;
172;Технологическое оборудование;отсадочные машины;отсадочные машины;отсадочные машины;;150;;Складское;основная;мойка;;;;;;;;;;
172;Технологическое оборудование;отсадочные машины;отсадочные машины;отсадочные машины;;150;;Складское;основная;дезинфекция;;;;;;;;;;
173;Технологическое оборудование;пневматические распылители;пневматические распылители;пневматические распылители;;150;;Складское;основная;мойка;;;;;;;;;;
173;Технологическое оборудование;пневматические распылители;пневматические распылители;пневматические распылители;;150;;Складское;основная;дезинфекция;;;;;;;;;;
174;Технологическое оборудование;прессы для теста;прессы для теста;прессы для теста;;150;;Складское;основная;мойка;;;;;;;;;;
174;Технологическое оборудование;прессы для теста;прессы для теста;прессы для теста;;150;;Складское;основная;дезинфекция;;;;;;;;;;
175;Технологическое оборудование;производственные столы д;производственные столы деревянные;производственные столы;Д;150;;Складское;основная;мойка;;;;;;;;;;
175;Технологическое оборудование;производственные столы д;производственные столы деревянные;производственные столы;Д;150;;Складское;основная;дезинфекция;;;;;;;;;;
176;Технологическое оборудование;производственные столы н;производственные столы из нержавеющий стали;производственные столы;Н;150;;Складское;основная;мойка;;;;;;;;;;
176;Технологическое оборудование;производственные столы н;производственные столы из нержавеющий стали;производственные столы;Н;150;;Складское;основная;дезинфекция;;;;;;;;;;
177;Технологическое оборудование;просеиватели мука;просеиватели для муки;просеиватели для муки;;150;;Складское;основная;мойка;;;;;;;;;;
177;Технологическое оборудование;просеиватели мука;просеиватели для муки;просеиватели для муки;;150;;Складское;основная;дезинфекция;;;;;;;;;;
178;Технологическое оборудование;просеиватели сахар;просеиватели для сахара;просеиватели для сахара;;150;;Складское;основная;мойка;;;;;;;;;;
178;Технологическое оборудование;просеиватели сахар;просеиватели для сахара;просеиватели для сахара;;150;;Складское;основная;дезинфекция;;;;;;;;;;
179;Технологическое оборудование;протирочные машины;протирочные машины;протирочные машины;;150;;Складское;основная;мойка;;;;;;;;;;
179;Технологическое оборудование;протирочные машины;протирочные машины;протирочные машины;;150;;Складское;основная;дезинфекция;;;;;;;;;;
180;Технологическое оборудование;распылители для желе и сиропов;распылители для желе и сиропов;распылители для желе и сиропов;;150;;Складское;основная;мойка;;;;;;;;;;
180;Технологическое оборудование;распылители для желе и сиропов;распылители для желе и сиропов;распылители для желе и сиропов;;150;;Складское;основная;дезинфекция;;;;;;;;;;
181;Технологическое оборудование;рентгеновские системы контроля;рентгеновские системы контроля;рентгеновские системы контроля;;150;;Складское;основная;мойка;;;;;;;;;;
181;Технологическое оборудование;рентгеновские системы контроля;рентгеновские системы контроля;рентгеновские системы контроля;;150;;Складское;основная;дезинфекция;;;;;;;;;;
182;Технологическое оборудование;слайсера;слайсеры;слайсеры;;150;;Складское;основная;мойка;;;;;;;;;;
182;Технологическое оборудование;слайсера;слайсеры;слайсеры;;150;;Складское;основная;дезинфекция;;;;;;;;;;
183;Технологическое оборудование;солодоварки;солодоварки;солодоварки;;150;;Складское;основная;мойка;;;;;;;;;;
183;Технологическое оборудование;солодоварки;солодоварки;солодоварки;;150;;Складское;основная;дезинфекция;;;;;;;;;;
184;Технологическое оборудование;тарталетницы;тарталетницы;тарталетницы;;150;;Складское;основная;мойка;;;;;;;;;;
184;Технологическое оборудование;тарталетницы;тарталетницы;тарталетницы;;150;;Складское;основная;дезинфекция;;;;;;;;;;
185;Технологическое оборудование;термощупы;термощупы;термощупы;;150;;Складское;основная;мойка;;;;;;;;;;
185;Технологическое оборудование;термощупы;термощупы;термощупы;;150;;Складское;основная;дезинфекция;;;;;;;;;;
186;Технологическое оборудование;тестоделители;тестоделители;тестоделители;;150;;Складское;основная;мойка;;;;;;;;;;
186;Технологическое оборудование;тестоделители;тестоделители;тестоделители;;150;;Складское;основная;дезинфекция;;;;;;;;;;
187;Технологическое оборудование;тестомесы;тестомесы;тестомесы;;150;;Складское;основная;мойка;;;;;;;;;;
187;Технологическое оборудование;тестомесы;тестомесы;тестомесы;;150;;Складское;основная;дезинфекция;;;;;;;;;;
188;Технологическое оборудование;тестоокруглители;тестоокруглители;тестоокруглители;;150;;Складское;основная;мойка;;;;;;;;;;
188;Технологическое оборудование;тестоокруглители;тестоокруглители;тестоокруглители;;150;;Складское;основная;дезинфекция;;;;;;;;;;
189;Технологическое оборудование;тестораскатки;тестораскатки;тестораскатки;;150;;Складское;основная;мойка;;;;;;;;;;
189;Технологическое оборудование;тестораскатки;тестораскатки;тестораскатки;;150;;Складское;основная;дезинфекция;;;;;;;;;;
190;Технологическое оборудование;ультразвуковые нарезки;ультразвуковые нарезки;ультразвуковые нарезки;;150;;Складское;основная;мойка;;;;;;;;;;
190;Технологическое оборудование;ультразвуковые нарезки;ультразвуковые нарезки;ультразвуковые нарезки;;150;;Складское;основная;дезинфекция;;;;;;;;;;
191;Технологическое оборудование;ферментаторы;ферментаторы;ферментаторы;;150;;Складское;основная;мойка;;;;;;;;;;
191;Технологическое оборудование;ферментаторы;ферментаторы;ферментаторы;;150;;Складское;основная;дезинфекция;;;;;;;;;;
192;Технологическое оборудование;шприц-дозатор начинки;шприц-дозатор начинки;шприц-дозатор начинки;;150;;Складское;основная;мойка;;;;;;;;;;
192;Технологическое оборудование;шприц-дозатор начинки;шприц-дозатор начинки;шприц-дозатор начинки;;150;;Складское;основная;дезинфекция;;;;;;;;;;
193;Упаковочное оборудование;flow pack;flow pack;flow pack;;160;;Складское;основная;мойка;;;;;;;;;;
193;Упаковочное оборудование;flow pack;flow pack;flow pack;;160;;Складское;основная;дезинфекция;;;;;;;;;;
194;Упаковочное оборудование;автоматическиеклипсаторы;автоматические клипсаторы;автоматические клипсаторы;;160;;Складское;основная;мойка;;;;;;;;;;
194;Упаковочное оборудование;автоматическиеклипсаторы;автоматические клипсаторы;автоматические клипсаторы;;160;;Складское;основная;дезинфекция;;;;;;;;;;
195;Упаковочное оборудование;вакуумные упаковщики;вакуумные упаковщики;вакуумные упаковщики;;160;;Складское;основная;мойка;;;;;;;;;;
195;Упаковочное оборудование;вакуумные упаковщики;вакуумные упаковщики;вакуумные упаковщики;;160;;Складское;основная;дезинфекция;;;;;;;;;;
196;Упаковочное оборудование;запайщики;запайщики;запайщики;;160;;Складское;основная;мойка;;;;;;;;;;
196;Упаковочное оборудование;запайщики;запайщики;запайщики;;160;;Складское;основная;дезинфекция;;;;;;;;;;
197;Упаковочное оборудование;принтера для этикеток;принтер для этикеток;принтер для этикеток;;160;;Складское;основная;мойка;;;;;;;;;;
197;Упаковочное оборудование;принтера для этикеток;принтер для этикеток;принтер для этикеток;;160;;Складское;основная;дезинфекция;;;;;;;;;;
198;Упаковочное оборудование;термоусадочные туннели;термоусадочные туннели;термоусадочные туннели;;160;;Складское;основная;мойка;;;;;;;;;;
198;Упаковочное оборудование;термоусадочные туннели;термоусадочные туннели;термоусадочные туннели;;160;;Складское;основная;дезинфекция;;;;;;;;;;
199;Упаковочное оборудование;этикетировщики;этикетировщики;этикетировщики;;160;;Складское;основная;мойка;;;;;;;;;;
199;Упаковочное оборудование;этикетировщики;этикетировщики;этикетировщики;;160;;Складское;основная;дезинфекция;;;;;;;;;;
36;Поверхности;потолок () п;потолок подвесной;потолок (высота _____м);П;10;;Техническое;поддерживающая;мойка;;;;;;;;1 раз в 3 месяца обеспыливание;сотрудник внутреннего клининга;
36;Поверхности;потолок () п;потолок подвесной;потолок (высота _____м);П;10;;Техническое;поддерживающая;дезинфекция;;;;;;;;1 раз в 3 месяца обеспыливание;сотрудник внутреннего клининга;
36;Поверхности;потолок () п;потолок подвесной;потолок (высота _____м);П;10;;Техническое;генеральная;мойка;;;;;;;;1 раз в 12 месяцев;сотрудник внутреннего клининга;
200;Сантехническое оборудование;диспенсердозатор;Диспенсер / дозатор для спецжидкостей;;;100;;Техническое;поддерживающая;мойка;;;;;;;;1 раз в 3 месяца обеспыливание;сотрудник внутреннего клининга;
200;Сантехническое оборудование;диспенсердозатор;Диспенсер / дозатор для спецжидкостей;;;100;;Техническое;поддерживающая;дезинфекция;;;;;;;;1 раз в 3 месяца обеспыливание;сотрудник внутреннего клининга;
200;Сантехническое оборудование;диспенсердозатор;Диспенсер / дозатор для спецжидкостей;;;100;;Техническое;генеральная;мойка;;;;;;;;1 раз в 12 месяцев;сотрудник внутреннего клининга;
201;Технологическое оборудование;прибор кисл теста;Прибор для определения кислотности теста;;;100;;Техническое;поддерживающая;мойка;;;;;;;;1 раз в 3 месяца обеспыливание;сотрудник внутреннего клининга;
201;Технологическое оборудование;прибор кисл теста;Прибор для определения кислотности теста;;;100;;Техническое;поддерживающая;дезинфекция;;;;;;;;1 раз в 3 месяца обеспыливание;сотрудник внутреннего клининга;
201;Технологическое оборудование;прибор кисл теста;Прибор для определения кислотности теста;;;100;;Техническое;генеральная;мойка;;;;;;;;1 раз в 12 месяцев;сотрудник внутреннего клининга;
202;Холодильное оборудование;холодильная витрина;Холодильная витрина;;;100;;Техническое;поддерживающая;мойка;;;;;;;;1 раз в 3 месяца обеспыливание;сотрудник внутреннего клининга;
202;Холодильное оборудование;холодильная витрина;Холодильная витрина;;;100;;Техническое;поддерживающая;дезинфекция;;;;;;;;1 раз в 3 месяца обеспыливание;сотрудник внутреннего клининга;
202;Холодильное оборудование;холодильная витрина;Холодильная витрина;;;100;;Техническое;генеральная;мойка;;;;;;;;1 раз в 12 месяцев;сотрудник внутреннего клининга;
18;Поверхности;диффузоры;диффузоры;диффузоры;;35;;Техническое;поддерживающая;мойка;;;;;;;;1 раз в 3 месяца обеспыливание;сотрудник внутреннего клининга;
18;Поверхности;диффузоры;диффузоры;диффузоры;;35;;Техническое;поддерживающая;дезинфекция;;;;;;;;1 раз в 3 месяца обеспыливание;сотрудник внутреннего клининга;
18;Поверхности;диффузоры;диффузоры;диффузоры;;35;;Техническое;генеральная;мойка;;;;;;;;1 раз в 12 месяцев;сотрудник внутреннего клининга;
35;Поверхности;потолок () ок;потолок окрашенный;потолок (высота _____м);ОК;10;;Техническое;поддерживающая;мойка;;;;;;;;1 раз в 3 месяца обеспыливание;сотрудник внутреннего клининга;
35;Поверхности;потолок () ок;потолок окрашенный;потолок (высота _____м);ОК;10;;Техническое;поддерживающая;дезинфекция;;;;;;;;1 раз в 3 месяца обеспыливание;сотрудник внутреннего клининга;
35;Поверхности;потолок () ок;потолок окрашенный;потолок (высота _____м);ОК;10;;Техническое;генеральная;мойка;;;;;;;;1 раз в 6 месяцев;сотрудник внутреннего клининга;
200;Сантехническое оборудование;диспенсердозатор;Диспенсер / дозатор для спецжидкостей;;;100;;Техническое;генеральная;мойка;;;;;;;;1 раз в 6 месяцев;сотрудник внутреннего клининга;
201;Технологическое оборудование;прибор кисл теста;Прибор для определения кислотности теста;;;100;;Техническое;генеральная;мойка;;;;;;;;1 раз в 6 месяцев;сотрудник внутреннего клининга;
202;Холодильное оборудование;холодильная витрина;Холодильная витрина;;;100;;Техническое;генеральная;мойка;;;;;;;;1 раз в 6 месяцев;сотрудник внутреннего клининга;
5;Поверхности;вентиляционные трубы;вентиляционные трубы;вентиляционные трубы;;30;;Техническое;поддерживающая;мойка;;;;;;;;1 раз в 3 месяца обеспыливание;сотрудник внутреннего клининга;
5;Поверхности;вентиляционные трубы;вентиляционные трубы;вентиляционные трубы;;30;;Техническое;поддерживающая;дезинфекция;;;;;;;;1 раз в 3 месяца обеспыливание;сотрудник внутреннего клининга;
5;Поверхности;вентиляционные трубы;вентиляционные трубы;вентиляционные трубы;;30;;Техническое;генеральная;мойка;;;;;;;;1 раз в 6/12 месяцев;сотрудник внутреннего клининга;
200;Сантехническое оборудование;диспенсердозатор;Диспенсер / дозатор для спецжидкостей;;;100;;Техническое;генеральная;мойка;;;;;;;;1 раз в 6/12 месяцев;сотрудник внутреннего клининга;
201;Технологическое оборудование;прибор кисл теста;Прибор для определения кислотности теста;;;100;;Техническое;генеральная;мойка;;;;;;;;1 раз в 6/12 месяцев;сотрудник внутреннего клининга;
202;Холодильное оборудование;холодильная витрина;Холодильная витрина;;;100;;Техническое;генеральная;мойка;;;;;;;;1 раз в 6/12 месяцев;сотрудник внутреннего клининга;
18;Поверхности;диффузоры;диффузоры;диффузоры;;35;;Техническое;генеральная;мойка;;;;;;;;1 раз в 6/12 месяцев;сотрудник внутреннего клининга;
39;Поверхности;светильники;светильники;светильники;;20;;Техническое;поддерживающая;мойка;;;;;;;;1 раз в 3 месяца обеспыливание;сотрудник внутреннего клининга;
39;Поверхности;светильники;светильники;светильники;;20;;Техническое;поддерживающая;дезинфекция;;;;;;;;1 раз в 3 месяца обеспыливание;сотрудник внутреннего клининга;
39;Поверхности;светильники;светильники;светильники;;20;;Техническое;генеральная;мойка;;;;;;;;1 раз в 6/12 месяцев;сотрудник внутреннего клининга;
22;Поверхности;кабель-каналы;кабель-каналы;кабель-каналы;;60;;Техническое;поддерживающая;мойка;;;;;;;;1 раз в 3 месяца обеспыливание;сотрудник внутреннего клининга;
22;Поверхности;кабель-каналы;кабель-каналы;кабель-каналы;;60;;Техническое;поддерживающая;дезинфекция;;;;;;;;1 раз в 3 месяца обеспыливание;сотрудник внутреннего клининга;
22;Поверхности;кабель-каналы;кабель-каналы;кабель-каналы;;60;;Техническое;генеральная;мойка;;;;;;;;1 раз в 6 месяцев;сотрудник внутреннего клининга;
6;Поверхности;водопроводные трубы;водопроводные трубы;водопроводные трубы;;60;;Техническое;поддерживающая;мойка;;;;;;;;1 раз в 3 месяца обеспыливание;сотрудник внутреннего клининга;
6;Поверхности;водопроводные трубы;водопроводные трубы;водопроводные трубы;;60;;Техническое;поддерживающая;дезинфекция;;;;;;;;1 раз в 3 месяца обеспыливание;сотрудник внутреннего клининга;
6;Поверхности;водопроводные трубы;водопроводные трубы;водопроводные трубы;;60;;Техническое;генеральная;мойка;;;;;;;;1 раз в 6 месяцев;сотрудник внутреннего клининга;
38;Поверхности;розетки;розетки;розетки;;65;;Техническое;поддерживающая;мойка;;;;;;;;1 раз в 3 месяца обеспыливание;сотрудник внутреннего клининга;
38;Поверхности;розетки;розетки;розетки;;65;;Техническое;поддерживающая;дезинфекция;;;;;;;;1 раз в 3 месяца обеспыливание;сотрудник внутреннего клининга;
38;Поверхности;розетки;розетки;розетки;;65;;Техническое;генеральная;мойка;;;;;;;;1 раз в 6 месяцев;сотрудник внутреннего клининга;
8;Поверхности;выключатели;выключатели;выключатели;;65;;Техническое;поддерживающая;мойка;;;;;;;;1 раз в 3 месяца обеспыливание;сотрудник внутреннего клининга;
8;Поверхности;выключатели;выключатели;выключатели;;65;;Техническое;поддерживающая;дезинфекция;;;;;;;;1 раз в 3 месяца обеспыливание;сотрудник внутреннего клининга;
8;Поверхности;выключатели;выключатели;выключатели;;65;;Техническое;генеральная;мойка;;;;;;;;1 раз в 6 месяцев;сотрудник внутреннего клининга;
12;Поверхности;двери;двери;двери;;90;;Техническое;поддерживающая;мойка;;;;;;;;1 раз в 3 месяца обеспыливание;сотрудник внутреннего клининга;
12;Поверхности;двери;двери;двери;;90;;Техническое;поддерживающая;дезинфекция;;;;;;;;1 раз в 3 месяца обеспыливание;сотрудник внутреннего клининга;
12;Поверхности;двери;двери;двери;;90;;Техническое;генеральная;мойка;;;;;;;;1 раз в 6 месяцев;сотрудник внутреннего клининга;
13;Поверхности;дверные ручки;дверные ручки;дверные ручки;;65;;Техническое;поддерживающая;мойка;;;;;;;;1 раз в 3 месяца обеспыливание;сотрудник внутреннего клининга;
13;Поверхности;дверные ручки;дверные ручки;дверные ручки;;65;;Техническое;поддерживающая;дезинфекция;;;;;;;;1 раз в 3 месяца обеспыливание;сотрудник внутреннего клининга;
13;Поверхности;дверные ручки;дверные ручки;дверные ручки;;65;;Техническое;генеральная;мойка;;;;;;;;1 раз в 6 месяцев;сотрудник внутреннего клининга;
30;Поверхности;отопительные приборы;отопительные приборы;отопительные приборы;;70;;Техническое;поддерживающая;мойка;;;;;;;;1 раз в 3 месяца обеспыливание;сотрудник внутреннего клининга;
30;Поверхности;отопительные приборы;отопительные приборы;отопительные приборы;;70;;Техническое;поддерживающая;дезинфекция;;;;;;;;1 раз в 3 месяца обеспыливание;сотрудник внутреннего клининга;
30;Поверхности;отопительные приборы;отопительные приборы;отопительные приборы;;70;;Техническое;генеральная;мойка;;;;;;;;1 раз в 6 месяцев;сотрудник внутреннего клининга;
75;Мебель;шкафы;шкафы;шкафы;;130;;Техническое;поддерживающая;мойка;;;;;;;;1 раз в 3 месяца обеспыливание;сотрудник внутреннего клининга;
75;Мебель;шкафы;шкафы;шкафы;;130;;Техническое;поддерживающая;дезинфекция;;;;;;;;1 раз в 3 месяца обеспыливание;сотрудник внутреннего клининга;
75;Мебель;шкафы;шкафы;шкафы;;130;;Техническое;генеральная;мойка;;;;;;;;1 раз в 6 месяцев;сотрудник внутреннего клининга;
71;Мебель;стеллажи;стеллажи;стеллажи;;130;;Техническое;поддерживающая;мойка;;;;;;;;1 раз в 3 месяца обеспыливание;сотрудник внутреннего клининга;
71;Мебель;стеллажи;стеллажи;стеллажи;;130;;Техническое;поддерживающая;дезинфекция;;;;;;;;1 раз в 3 месяца обеспыливание;сотрудник внутреннего клининга;
71;Мебель;стеллажи;стеллажи;стеллажи;;130;;Техническое;генеральная;мойка;;;;;;;;1 раз в 6 месяцев;сотрудник внутреннего клининга;
75;Мебель;шкафы;шкафы;шкафы;;130;;Техническое;генеральная;мойка;;;;;;;;1 раз в 3 месяца обеспыливание;сотрудник инженерной службы;
75;Мебель;шкафы;шкафы;шкафы;;130;;Техническое;генеральная;дезинфекция;;;;;;;;1 раз в 3 месяца обеспыливание;сотрудник инженерной службы;
200;Сантехническое оборудование;диспенсердозатор;Диспенсер / дозатор для спецжидкостей;;;100;;Техническое;генеральная;мойка;;;;;;;;1 раз в 3 месяца обеспыливание;сотрудник инженерной службы;
200;Сантехническое оборудование;диспенсердозатор;Диспенсер / дозатор для спецжидкостей;;;100;;Техническое;генеральная;дезинфекция;;;;;;;;1 раз в 3 месяца обеспыливание;сотрудник инженерной службы;
201;Технологическое оборудование;прибор кисл теста;Прибор для определения кислотности теста;;;100;;Техническое;генеральная;мойка;;;;;;;;1 раз в 3 месяца обеспыливание;сотрудник инженерной службы;
201;Технологическое оборудование;прибор кисл теста;Прибор для определения кислотности теста;;;100;;Техническое;генеральная;дезинфекция;;;;;;;;1 раз в 3 месяца обеспыливание;сотрудник инженерной службы;
202;Холодильное оборудование;холодильная витрина;Холодильная витрина;;;100;;Техническое;генеральная;мойка;;;;;;;;1 раз в 3 месяца обеспыливание;сотрудник инженерной службы;
202;Холодильное оборудование;холодильная витрина;Холодильная витрина;;;100;;Техническое;генеральная;дезинфекция;;;;;;;;1 раз в 3 месяца обеспыливание;сотрудник инженерной службы;
1;Поверхности;пол;пол;пол;;200;;Техническое;генеральная;мойка;;;;;;;;1 раз в 3 месяца;сотрудник внутреннего клининга;
60;Санитарный пост;диспенсердержатель для полотенец;диспенсер/держатель для полотенец;диспенсер для полотенец;;110;;Техническое;генеральная;мойка;;;;;;;;1 раз в 3 месяца;сотрудник внутреннего клининга;
69;Мебель;полки;полки;полки;;130;;Техническое;генеральная;мойка;;;;;;;;1 раз в 3 месяца;сотрудник внутреннего клининга;
127;Моечный, уборочный инвентарь и оборудование;поломоечная машина;поломоечная машина;поломоечная машина;;170;;Техническое;генеральная;мойка;;;;;;;;1 раз в 3 месяца;сотрудник внутреннего клининга;
132;Посудомоечное оборудование;пмм купольная;посудомоечная машина купольная;посудомоечная машина;купольная;160;;Техническое;генеральная;мойка;;;;;;;;1 раз в 3 месяца;сотрудник внутреннего клининга;
157;Технологическое оборудование;весы напольные;весы напольные;весы напольные;;150;;Техническое;генеральная;мойка;;;;;;;;1 раз в 3 месяца;сотрудник внутреннего клининга;
200;Сантехническое оборудование;диспенсердозатор;Диспенсер / дозатор для спецжидкостей;;;100;;Техническое;генеральная;мойка;;;;;;;;1 раз в 3 месяца;сотрудник внутреннего клининга;
201;Технологическое оборудование;прибор кисл теста;Прибор для определения кислотности теста;;;100;;Техническое;генеральная;мойка;;;;;;;;1 раз в 3 месяца;сотрудник внутреннего клининга;
202;Холодильное оборудование;холодильная витрина;Холодильная витрина;;;100;;Техническое;генеральная;мойка;;;;;;;;1 раз в 3 месяца;сотрудник внутреннего клининга;
2;Поверхности;бактерицидные лампы;бактерицидные лампы;бактерицидные лампы;;40;;Техническое;основная;мойка;;;;;;;;;;
2;Поверхности;бактерицидные лампы;бактерицидные лампы;бактерицидные лампы;;40;;Техническое;основная;дезинфекция;;;;;;;;;;
3;Поверхности;бойлера;бойлер;бойлер;;70;;Техническое;основная;мойка;;;;;;;;;;
3;Поверхности;бойлера;бойлер;бойлер;;70;;Техническое;основная;дезинфекция;;;;;;;;;;
4;Поверхности;вентиляторы;вентилятор;вентилятор;;80;;Техническое;основная;мойка;;;;;;;;;;
4;Поверхности;вентиляторы;вентилятор;вентилятор;;80;;Техническое;основная;дезинфекция;;;;;;;;;;
7;Поверхности;воротароллета;ворота/роллета;ворота/роллета;;90;;Техническое;основная;мойка;;;;;;;;;;
7;Поверхности;воротароллета;ворота/роллета;ворота/роллета;;90;;Техническое;основная;дезинфекция;;;;;;;;;;
9;Поверхности;вытяжные зонты а;вытяжные зонты алюминиевые;вытяжные зонты;А;25;;Техническое;основная;мойка;;;;;;;;;;
9;Поверхности;вытяжные зонты а;вытяжные зонты алюминиевые;вытяжные зонты;А;25;;Техническое;основная;дезинфекция;;;;;;;;;;
10;Поверхности;вытяжные зонты н;вытяжные зонты из нержавеющей стали;вытяжные зонты;Н;25;;Техническое;основная;мойка;;;;;;;;;;
10;Поверхности;вытяжные зонты н;вытяжные зонты из нержавеющей стали;вытяжные зонты;Н;25;;Техническое;основная;дезинфекция;;;;;;;;;;
11;Поверхности;гидравлические тележки;гидравлические тележки;гидравлические тележки;;180;;Техническое;основная;мойка;;;;;;;;;;
11;Поверхности;гидравлические тележки;гидравлические тележки;гидравлические тележки;;180;;Техническое;основная;дезинфекция;;;;;;;;;;
14;Поверхности;демосистема (контактная поверхность);демосистема (контактная поверхность);демосистема (контактная поверхность);;70;;Техническое;основная;мойка;;;;;;;;;;
14;Поверхности;демосистема (контактная поверхность);демосистема (контактная поверхность);демосистема (контактная поверхность);;70;;Техническое;основная;дезинфекция;;;;;;;;;;
15;Поверхности;держатели для досок;держатели для досок;держатели для досок;;70;;Техническое;основная;мойка;;;;;;;;;;
15;Поверхности;держатели для досок;держатели для досок;держатели для досок;;70;;Техническое;основная;дезинфекция;;;;;;;;;;
16;Поверхности;держатели для инвентаря;держатели для инвентаря;держатели для инвентаря;;70;;Техническое;основная;мойка;;;;;;;;;;
16;Поверхности;держатели для инвентаря;держатели для инвентаря;держатели для инвентаря;;70;;Техническое;основная;дезинфекция;;;;;;;;;;
17;Поверхности;держатели для ножей;держатели для ножей;держатели для ножей;;70;;Техническое;основная;мойка;;;;;;;;;;
17;Поверхности;держатели для ножей;держатели для ножей;держатели для ножей;;70;;Техническое;основная;дезинфекция;;;;;;;;;;
19;Поверхности;завесы пвх;завесы ПВХ;завесы ПВХ;;80;;Техническое;основная;мойка;;;;;;;;;;
19;Поверхности;завесы пвх;завесы ПВХ;завесы ПВХ;;80;;Техническое;основная;дезинфекция;;;;;;;;;;
20;Поверхности;завесы тепловые;завесы тепловые;завесы тепловые;;80;;Техническое;основная;мойка;;;;;;;;;;
20;Поверхности;завесы тепловые;завесы тепловые;завесы тепловые;;80;;Техническое;основная;дезинфекция;;;;;;;;;;
21;Поверхности;инсектицидные лампы;инсектицидные лампы;инсектицидные лампы;;45;;Техническое;основная;мойка;;;;;;;;;;
21;Поверхности;инсектицидные лампы;инсектицидные лампы;инсектицидные лампы;;45;;Техническое;основная;дезинфекция;;;;;;;;;;
23;Поверхности;кондиционер;кондиционер;кондиционер;;50;;Техническое;основная;мойка;;;;;;;;;;
23;Поверхности;кондиционер;кондиционер;кондиционер;;50;;Техническое;основная;дезинфекция;;;;;;;;;;
24;Поверхности;контейнеры для отходов;контейнеры для отходов;контейнеры для отходов;;190;;Техническое;основная;мойка;;;;;;;;;;
24;Поверхности;контейнеры для отходов;контейнеры для отходов;контейнеры для отходов;;190;;Техническое;основная;дезинфекция;;;;;;;;;;
25;Поверхности;лестницы;лестницы;лестницы;;180;;Техническое;основная;мойка;;;;;;;;;;
25;Поверхности;лестницы;лестницы;лестницы;;180;;Техническое;основная;дезинфекция;;;;;;;;;;
26;Поверхности;металлоконструкции;металлоконструкции;металлоконструкции;;70;;Техническое;основная;мойка;;;;;;;;;;
26;Поверхности;металлоконструкции;металлоконструкции;металлоконструкции;;70;;Техническое;основная;дезинфекция;;;;;;;;;;
27;Поверхности;мусорные корзины;мусорные корзины;мусорные корзины;;185;;Техническое;основная;мойка;;;;;;;;;;
27;Поверхности;мусорные корзины;мусорные корзины;мусорные корзины;;185;;Техническое;основная;дезинфекция;;;;;;;;;;
28;Поверхности;окна внешние;окна внешние;окна внешние;;55;;Техническое;основная;мойка;;;;;;;;;;
28;Поверхности;окна внешние;окна внешние;окна внешние;;55;;Техническое;основная;дезинфекция;;;;;;;;;;
29;Поверхности;окна внутрицеховые;окна внутрицеховые;окна внутрицеховые;;55;;Техническое;основная;мойка;;;;;;;;;;
29;Поверхности;окна внутрицеховые;окна внутрицеховые;окна внутрицеховые;;55;;Техническое;основная;дезинфекция;;;;;;;;;;
31;Поверхности;пластиковые паллеты;пластиковые паллеты;пластиковые паллеты;;175;;Техническое;основная;мойка;;;;;;;;;;
31;Поверхности;пластиковые паллеты;пластиковые паллеты;пластиковые паллеты;;175;;Техническое;основная;дезинфекция;;;;;;;;;;
32;Поверхности;пластиковые подкаты;пластиковые подкаты;пластиковые подкаты;;175;;Техническое;основная;мойка;;;;;;;;;;
32;Поверхности;пластиковые подкаты;пластиковые подкаты;пластиковые подкаты;;175;;Техническое;основная;дезинфекция;;;;;;;;;;
33;Поверхности;погрузчики;погрузчики;погрузчики;;180;;Техническое;основная;мойка;;;;;;;;;;
33;Поверхности;погрузчики;погрузчики;погрузчики;;180;;Техническое;основная;дезинфекция;;;;;;;;;;
34;Поверхности;пожарный щит;пожарный щит;пожарный щит;;70;;Техническое;основная;мойка;;;;;;;;;;
34;Поверхности;пожарный щит;пожарный щит;пожарный щит;;70;;Техническое;основная;дезинфекция;;;;;;;;;;
37;Поверхности;резиновые коврики;резиновые коврики;резиновые коврики;;190;;Техническое;основная;мойка;;;;;;;;;;
37;Поверхности;резиновые коврики;резиновые коврики;резиновые коврики;;190;;Техническое;основная;дезинфекция;;;;;;;;;;
40;Поверхности;сплит-системы;сплит-системы;сплит-системы;;50;;Техническое;основная;мойка;;;;;;;;;;
40;Поверхности;сплит-системы;сплит-системы;сплит-системы;;50;;Техническое;основная;дезинфекция;;;;;;;;;;
41;Поверхности;стены (выше 2 м);стены (выше 2 м);стены (выше 2 м);;30;;Техническое;основная;мойка;;;;;;;;;;
41;Поверхности;стены (выше 2 м);стены (выше 2 м);стены (выше 2 м);;30;;Техническое;основная;дезинфекция;;;;;;;;;;
42;Поверхности;стены (до 2 м);стены (до 2 м);стены (до 2 м);;40;;Техническое;основная;мойка;;;;;;;;;;
42;Поверхности;стены (до 2 м);стены (до 2 м);стены (до 2 м);;40;;Техническое;основная;дезинфекция;;;;;;;;;;
43;Поверхности;стерилизатор;стерилизатор;стерилизатор;;70;;Техническое;основная;мойка;;;;;;;;;;
43;Поверхности;стерилизатор;стерилизатор;стерилизатор;;70;;Техническое;основная;дезинфекция;;;;;;;;;;
44;Поверхности;стоки;стоки;стоки;;195;;Техническое;основная;мойка;;;;;;;;;;
44;Поверхности;стоки;стоки;стоки;;195;;Техническое;основная;дезинфекция;;;;;;;;;;
45;Поверхности;трапы;трапы;трапы;;195;;Техническое;основная;мойка;;;;;;;;;;
45;Поверхности;трапы;трапы;трапы;;195;;Техническое;основная;дезинфекция;;;;;;;;;;
46;Поверхности;часы;часы;часы;;80;;Техническое;основная;мойка;;;;;;;;;;
46;Поверхности;часы;часы;часы;;80;;Техническое;основная;дезинфекция;;;;;;;;;;
47;Поверхности;штабелёры;штабелёр;штабелёр;;180;;Техническое;основная;мойка;;;;;;;;;;
47;Поверхности;штабелёры;штабелёр;штабелёр;;180;;Техническое;основная;дезинфекция;;;;;;;;;;
48;Поверхности;электрощиты;электрощит;электрощит;;70;;Техническое;основная;мойка;;;;;;;;;;
48;Поверхности;электрощиты;электрощит;электрощит;;70;;Техническое;основная;дезинфекция;;;;;;;;;;
49;Поверхности;ёлки для колец;ёлки для колец;ёлки для колец;;170;;Техническое;основная;мойка;;;;;;;;;;
49;Поверхности;ёлки для колец;ёлки для колец;ёлки для колец;;170;;Техническое;основная;дезинфекция;;;;;;;;;;
50;Сантехническое оборудование;душевая кабина;душевая кабина;душевая кабина;;100;;Техническое;основная;мойка;;;;;;;;;;
50;Сантехническое оборудование;душевая кабина;душевая кабина;душевая кабина;;100;;Техническое;основная;дезинфекция;;;;;;;;;;
51;Сантехническое оборудование;душевые секции;душевые секции;душевые секции;;100;;Техническое;основная;мойка;;;;;;;;;;
51;Сантехническое оборудование;душевые секции;душевые секции;душевые секции;;100;;Техническое;основная;дезинфекция;;;;;;;;;;
52;Сантехническое оборудование;писсуар;писсуар;писсуар;;90;;Техническое;основная;мойка;;;;;;;;;;
52;Сантехническое оборудование;писсуар;писсуар;писсуар;;90;;Техническое;основная;дезинфекция;;;;;;;;;;
53;Сантехническое оборудование;раковина;раковина;раковина;;90;;Техническое;основная;мойка;;;;;;;;;;
53;Сантехническое оборудование;раковина;раковина;раковина;;90;;Техническое;основная;дезинфекция;;;;;;;;;;
54;Сантехническое оборудование;смеситель;смеситель;смеситель;;90;;Техническое;основная;мойка;;;;;;;;;;
54;Сантехническое оборудование;смеситель;смеситель;смеситель;;90;;Техническое;основная;дезинфекция;;;;;;;;;;
55;Сантехническое оборудование;технологическая мойка;технологическая мойка;технологическая мойка;;100;;Техническое;основная;мойка;;;;;;;;;;
55;Сантехническое оборудование;технологическая мойка;технологическая мойка;технологическая мойка;;100;;Техническое;основная;дезинфекция;;;;;;;;;;
56;Сантехническое оборудование;унитаз;унитаз;унитаз;;90;;Техническое;основная;мойка;;;;;;;;;;
56;Сантехническое оборудование;унитаз;унитаз;унитаз;;90;;Техническое;основная;дезинфекция;;;;;;;;;;
57;Санитарный пост;бак для грязной одежды;бак для грязной одежды;бак для грязной одежды;;110;;Техническое;основная;мойка;;;;;;;;;;
57;Санитарный пост;бак для грязной одежды;бак для грязной одежды;бак для грязной одежды;;110;;Техническое;основная;дезинфекция;;;;;;;;;;
58;Санитарный пост;дезинфицирующие маты;дезинфицирующие маты;дезинфицирующие маты;;120;;Техническое;основная;мойка;;;;;;;;;;
58;Санитарный пост;дезинфицирующие маты;дезинфицирующие маты;дезинфицирующие маты;;120;;Техническое;основная;дезинфекция;;;;;;;;;;
59;Санитарный пост;диспенсер для тб;диспенсер для тулетной бумаги;диспенсер для тулетной бумаги;;110;;Техническое;основная;мойка;;;;;;;;;;
59;Санитарный пост;диспенсер для тб;диспенсер для тулетной бумаги;диспенсер для тулетной бумаги;;110;;Техническое;основная;дезинфекция;;;;;;;;;;
61;Санитарный пост;дозаторы для мылаантисептика;дозаторы для мыла и антисептика;дозаторы для мыла и антисептика;;110;;Техническое;основная;мойка;;;;;;;;;;
61;Санитарный пост;дозаторы для мылаантисептика;дозаторы для мыла и антисептика;дозаторы для мыла и антисептика;;110;;Техническое;основная;дезинфекция;;;;;;;;;;
62;Санитарный пост;корзиныдиспенсеры для сиз;корзины/диспенсеры для СИЗ;корзины/диспенсеры для СИЗ;;110;;Техническое;основная;мойка;;;;;;;;;;
62;Санитарный пост;корзиныдиспенсеры для сиз;корзины/диспенсеры для СИЗ;корзины/диспенсеры для СИЗ;;110;;Техническое;основная;дезинфекция;;;;;;;;;;
63;Санитарный пост;модульный санпропускник;модульный санпропускник;модульный санпропускник;;120;;Техническое;основная;мойка;;;;;;;;;;
63;Санитарный пост;модульный санпропускник;модульный санпропускник;модульный санпропускник;;120;;Техническое;основная;дезинфекция;;;;;;;;;;
64;Санитарный пост;санитарный пост;санитарный пост;санитарный пост;;110;;Техническое;основная;мойка;;;;;;;;;;
64;Санитарный пост;санитарный пост;санитарный пост;санитарный пост;;110;;Техническое;основная;дезинфекция;;;;;;;;;;
65;Санитарный пост;сушилка для рук;сушилка для рук;сушилка для рук;;110;;Техническое;основная;мойка;;;;;;;;;;
65;Санитарный пост;сушилка для рук;сушилка для рук;сушилка для рук;;110;;Техническое;основная;дезинфекция;;;;;;;;;;
66;Мебель;вешалки;вешалки;вешалки;;130;;Техническое;основная;мойка;;;;;;;;;;
66;Мебель;вешалки;вешалки;вешалки;;130;;Техническое;основная;дезинфекция;;;;;;;;;;
67;Мебель;зеркала;зеркала;зеркала;;130;;Техническое;основная;мойка;;;;;;;;;;
67;Мебель;зеркала;зеркала;зеркала;;130;;Техническое;основная;дезинфекция;;;;;;;;;;
68;Мебель;обувницы;обувницы;обувницы;;130;;Техническое;основная;мойка;;;;;;;;;;
68;Мебель;обувницы;обувницы;обувницы;;130;;Техническое;основная;дезинфекция;;;;;;;;;;
70;Мебель;скамейки;скамейки;скамейки;;130;;Техническое;основная;мойка;;;;;;;;;;
70;Мебель;скамейки;скамейки;скамейки;;130;;Техническое;основная;дезинфекция;;;;;;;;;;
72;Мебель;столы;столы;столы;;130;;Техническое;основная;мойка;;;;;;;;;;
72;Мебель;столы;столы;столы;;130;;Техническое;основная;дезинфекция;;;;;;;;;;
73;Мебель;стулья;стулья;стулья;;130;;Техническое;основная;мойка;;;;;;;;;;
73;Мебель;стулья;стулья;стулья;;130;;Техническое;основная;дезинфекция;;;;;;;;;;
74;Мебель;сушилка для обуви;сушилка для обуви;сушилка для обуви;;130;;Техническое;основная;мойка;;;;;;;;;;
74;Мебель;сушилка для обуви;сушилка для обуви;сушилка для обуви;;130;;Техническое;основная;дезинфекция;;;;;;;;;;
76;Офисная техника;компьютеры;компьютер;компьютер;;140;;Техническое;основная;мойка;;;;;;;;;;
76;Офисная техника;компьютеры;компьютер;компьютер;;140;;Техническое;основная;дезинфекция;;;;;;;;;;
77;Офисная техника;мониторы;монитор;монитор;;140;;Техническое;основная;мойка;;;;;;;;;;
77;Офисная техника;мониторы;монитор;монитор;;140;;Техническое;основная;дезинфекция;;;;;;;;;;
78;Офисная техника;принтера;принтер;принтер;;140;;Техническое;основная;мойка;;;;;;;;;;
78;Офисная техника;принтера;принтер;принтер;;140;;Техническое;основная;дезинфекция;;;;;;;;;;
79;Офисная техника;телефоны;телефон;телефон;;140;;Техническое;основная;мойка;;;;;;;;;;
79;Офисная техника;телефоны;телефон;телефон;;140;;Техническое;основная;дезинфекция;;;;;;;;;;
80;Многоразовые резиновые СИЗ;нарукавники;нарукавники;нарукавники;;150;;Техническое;основная;мойка;;;;;;;;;;
80;Многоразовые резиновые СИЗ;нарукавники;нарукавники;нарукавники;;150;;Техническое;основная;дезинфекция;;;;;;;;;;
81;Многоразовые резиновые СИЗ;перчатки;перчатки;перчатки;;150;;Техническое;основная;мойка;;;;;;;;;;
81;Многоразовые резиновые СИЗ;перчатки;перчатки;перчатки;;150;;Техническое;основная;дезинфекция;;;;;;;;;;
82;Многоразовые резиновые СИЗ;сапоги;сапоги;сапоги;;150;;Техническое;основная;мойка;;;;;;;;;;
82;Многоразовые резиновые СИЗ;сапоги;сапоги;сапоги;;150;;Техническое;основная;дезинфекция;;;;;;;;;;
83;Многоразовые резиновые СИЗ;фартуки;фартуки;фартуки;;150;;Техническое;основная;мойка;;;;;;;;;;
83;Многоразовые резиновые СИЗ;фартуки;фартуки;фартуки;;150;;Техническое;основная;дезинфекция;;;;;;;;;;
84;Бытовая техника;кулера;кулер;кулер;;160;;Техническое;основная;мойка;;;;;;;;;;
84;Бытовая техника;кулера;кулер;кулер;;160;;Техническое;основная;дезинфекция;;;;;;;;;;
85;Бытовая техника;микроволновки;микроволновая печь;микроволновая печь;;160;;Техническое;основная;мойка;;;;;;;;;;
85;Бытовая техника;микроволновки;микроволновая печь;микроволновая печь;;160;;Техническое;основная;дезинфекция;;;;;;;;;;
86;Бытовая техника;стиральные машины;стиральная машина;стиральная машина;;160;;Техническое;основная;мойка;;;;;;;;;;
86;Бытовая техника;стиральные машины;стиральная машина;стиральная машина;;160;;Техническое;основная;дезинфекция;;;;;;;;;;
87;Бытовая техника;сушильные машины;сушильная машина;сушильная машина;;160;;Техническое;основная;мойка;;;;;;;;;;
87;Бытовая техника;сушильные машины;сушильная машина;сушильная машина;;160;;Техническое;основная;дезинфекция;;;;;;;;;;
88;Бытовая техника;термопоты;термопот;термопот;;160;;Техническое;основная;мойка;;;;;;;;;;
88;Бытовая техника;термопоты;термопот;термопот;;160;;Техническое;основная;дезинфекция;;;;;;;;;;
89;Бытовая техника;холодильники;холодильник бытовой;холодильник бытовой;;160;;Техническое;основная;мойка;;;;;;;;;;
89;Бытовая техника;холодильники;холодильник бытовой;холодильник бытовой;;160;;Техническое;основная;дезинфекция;;;;;;;;;;
90;Бытовая техника;чайники;чайник электрический;чайник электрический;;160;;Техническое;основная;мойка;;;;;;;;;;
90;Бытовая техника;чайники;чайник электрический;чайник электрический;;160;;Техническое;основная;дезинфекция;;;;;;;;;;
91;Инвентарь, посуда и т.д.;вешала;вешала;вешала;;150;;Техническое;основная;мойка;;;;;;;;;;
91;Инвентарь, посуда и т.д.;вешала;вешала;вешала;;150;;Техническое;основная;дезинфекция;;;;;;;;;;
92;Инвентарь, посуда и т.д.;внутрицеховая тара (вёдра ящики);внутрицеховая тара (вёдра, ящики);внутрицеховая тара (вёдра, ящики);;150;;Техническое;основная;мойка;;;;;;;;;;
92;Инвентарь, посуда и т.д.;внутрицеховая тара (вёдра ящики);внутрицеховая тара (вёдра, ящики);внутрицеховая тара (вёдра, ящики);;150;;Техническое;основная;дезинфекция;;;;;;;;;;
93;Инвентарь, посуда и т.д.;гастроёмкости;гастроёмкости;гастроёмкости;;150;;Техническое;основная;мойка;;;;;;;;;;
93;Инвентарь, посуда и т.д.;гастроёмкости;гастроёмкости;гастроёмкости;;150;;Техническое;основная;дезинфекция;;;;;;;;;;
94;Инвентарь, посуда и т.д.;дежи;дежи;дежи;;150;;Техническое;основная;мойка;;;;;;;;;;
94;Инвентарь, посуда и т.д.;дежи;дежи;дежи;;150;;Техническое;основная;дезинфекция;;;;;;;;;;
95;Инвентарь, посуда и т.д.;доски;доски;доски;;150;;Техническое;основная;мойка;;;;;;;;;;
95;Инвентарь, посуда и т.д.;доски;доски;доски;;150;;Техническое;основная;дезинфекция;;;;;;;;;;
96;Инвентарь, посуда и т.д.;изотермические контейнеры (bigbox);изотермические контейнеры (bigbox);изотермические контейнеры (bigbox);;150;;Техническое;основная;мойка;;;;;;;;;;
96;Инвентарь, посуда и т.д.;изотермические контейнеры (bigbox);изотермические контейнеры (bigbox);изотермические контейнеры (bigbox);;150;;Техническое;основная;дезинфекция;;;;;;;;;;
97;Инвентарь, посуда и т.д.;инвентарь;инвентарь;инвентарь;;150;;Техническое;основная;мойка;;;;;;;;;;
97;Инвентарь, посуда и т.д.;инвентарь;инвентарь;инвентарь;;150;;Техническое;основная;дезинфекция;;;;;;;;;;
98;Инвентарь, посуда и т.д.;корзины для расстойки теста;корзины для расстойки теста;корзины для расстойки теста;;150;;Техническое;основная;мойка;;;;;;;;;;
98;Инвентарь, посуда и т.д.;корзины для расстойки теста;корзины для расстойки теста;корзины для расстойки теста;;150;;Техническое;основная;дезинфекция;;;;;;;;;;
99;Инвентарь, посуда и т.д.;крючки;крючки;крючки;;150;;Техническое;основная;мойка;;;;;;;;;;
99;Инвентарь, посуда и т.д.;крючки;крючки;крючки;;150;;Техническое;основная;дезинфекция;;;;;;;;;;
100;Инвентарь, посуда и т.д.;листы для выпечки а;листы для выпечки алюминиевые;листы для выпечки;А;150;;Техническое;основная;мойка;;;;;;;;;;
100;Инвентарь, посуда и т.д.;листы для выпечки а;листы для выпечки алюминиевые;листы для выпечки;А;150;;Техническое;основная;дезинфекция;;;;;;;;;;
101;Инвентарь, посуда и т.д.;листы для выпечки н;листы для выпечки из нержавеющей стали;листы для выпечки;Н;150;;Техническое;основная;мойка;;;;;;;;;;
101;Инвентарь, посуда и т.д.;листы для выпечки н;листы для выпечки из нержавеющей стали;листы для выпечки;Н;150;;Техническое;основная;дезинфекция;;;;;;;;;;
102;Инвентарь, посуда и т.д.;листы от шпилек;листы от шпилек;листы от шпилек;;150;;Техническое;основная;мойка;;;;;;;;;;
102;Инвентарь, посуда и т.д.;листы от шпилек;листы от шпилек;листы от шпилек;;150;;Техническое;основная;дезинфекция;;;;;;;;;;
103;Инвентарь, посуда и т.д.;мусаты;мусаты;мусаты;;150;;Техническое;основная;мойка;;;;;;;;;;
103;Инвентарь, посуда и т.д.;мусаты;мусаты;мусаты;;150;;Техническое;основная;дезинфекция;;;;;;;;;;
104;Инвентарь, посуда и т.д.;ножи;ножи разделочные;ножи разделочные;;150;;Техническое;основная;мойка;;;;;;;;;;
104;Инвентарь, посуда и т.д.;ножи;ножи разделочные;ножи разделочные;;150;;Техническое;основная;дезинфекция;;;;;;;;;;
105;Инвентарь, посуда и т.д.;оборотная тара;оборотная тара;оборотная тара;;150;;Техническое;основная;мойка;;;;;;;;;;
105;Инвентарь, посуда и т.д.;оборотная тара;оборотная тара;оборотная тара;;150;;Техническое;основная;дезинфекция;;;;;;;;;;
106;Инвентарь, посуда и т.д.;отсадочные мешки;отсадочные мешки;отсадочные мешки;;150;;Техническое;основная;мойка;;;;;;;;;;
106;Инвентарь, посуда и т.д.;отсадочные мешки;отсадочные мешки;отсадочные мешки;;150;;Техническое;основная;дезинфекция;;;;;;;;;;
107;Инвентарь, посуда и т.д.;передвижные ёмкости;передвижные ёмкости;передвижные ёмкости;;150;;Техническое;основная;мойка;;;;;;;;;;
107;Инвентарь, посуда и т.д.;передвижные ёмкости;передвижные ёмкости;передвижные ёмкости;;150;;Техническое;основная;дезинфекция;;;;;;;;;;
108;Инвентарь, посуда и т.д.;посуда;посуда;посуда;;150;;Техническое;основная;мойка;;;;;;;;;;
108;Инвентарь, посуда и т.д.;посуда;посуда;посуда;;150;;Техническое;основная;дезинфекция;;;;;;;;;;
109;Инвентарь, посуда и т.д.;расстоечные термочехлы;расстоечные термочехлы;расстоечные термочехлы;;150;;Техническое;основная;мойка;;;;;;;;;;
109;Инвентарь, посуда и т.д.;расстоечные термочехлы;расстоечные термочехлы;расстоечные термочехлы;;150;;Техническое;основная;дезинфекция;;;;;;;;;;
110;Инвентарь, посуда и т.д.;секачи;секачи;секачи;;150;;Техническое;основная;мойка;;;;;;;;;;
110;Инвентарь, посуда и т.д.;секачи;секачи;секачи;;150;;Техническое;основная;дезинфекция;;;;;;;;;;
111;Инвентарь, посуда и т.д.;силапеновые коврики;силапеновые коврики;силапеновые коврики;;150;;Техническое;основная;мойка;;;;;;;;;;
111;Инвентарь, посуда и т.д.;силапеновые коврики;силапеновые коврики;силапеновые коврики;;150;;Техническое;основная;дезинфекция;;;;;;;;;;
112;Инвентарь, посуда и т.д.;съёмные детали оборудования а;съёмные детали оборудования алюминиевые;съёмные детали оборудования;А;150;;Техническое;основная;мойка;;;;;;;;;;
112;Инвентарь, посуда и т.д.;съёмные детали оборудования а;съёмные детали оборудования алюминиевые;съёмные детали оборудования;А;150;;Техническое;основная;дезинфекция;;;;;;;;;;
113;Инвентарь, посуда и т.д.;съёмные детали оборудования н;съёмные детали оборудования из нержавеющей стали;съёмные детали оборудования;Н;150;;Техническое;основная;мойка;;;;;;;;;;
113;Инвентарь, посуда и т.д.;съёмные детали оборудования н;съёмные детали оборудования из нержавеющей стали;съёмные детали оборудования;Н;150;;Техническое;основная;дезинфекция;;;;;;;;;;
114;Инвентарь, посуда и т.д.;тележки;тележки;тележки;;150;;Техническое;основная;мойка;;;;;;;;;;
114;Инвентарь, посуда и т.д.;тележки;тележки;тележки;;150;;Техническое;основная;дезинфекция;;;;;;;;;;
115;Инвентарь, посуда и т.д.;тележки подкатные;тележки подкатные;тележки подкатные;;150;;Техническое;основная;мойка;;;;;;;;;;
115;Инвентарь, посуда и т.д.;тележки подкатные;тележки подкатные;тележки подкатные;;150;;Техническое;основная;дезинфекция;;;;;;;;;;
116;Инвентарь, посуда и т.д.;формы для выпечки а;формы для выпечки алюминиевые;формы для выпечки;А;150;;Техническое;основная;мойка;;;;;;;;;;
116;Инвентарь, посуда и т.д.;формы для выпечки а;формы для выпечки алюминиевые;формы для выпечки;А;150;;Техническое;основная;дезинфекция;;;;;;;;;;
117;Инвентарь, посуда и т.д.;формы для выпечки н;формы для выпечки из нержавеющей стали;формы для выпечки;Н;150;;Техническое;основная;мойка;;;;;;;;;;
117;Инвентарь, посуда и т.д.;формы для выпечки н;формы для выпечки из нержавеющей стали;формы для выпечки;Н;150;;Техническое;основная;дезинфекция;;;;;;;;;;
118;Инвентарь, посуда и т.д.;формы для выпечки с;формы для выпечки силиконовые;формы для выпечки;С;150;;Техническое;основная;мойка;;;;;;;;;;
118;Инвентарь, посуда и т.д.;формы для выпечки с;формы для выпечки силиконовые;формы для выпечки;С;150;;Техническое;основная;дезинфекция;;;;;;;;;;
119;Инвентарь, посуда и т.д.;шампура;шампуры;шампуры;;150;;Техническое;основная;мойка;;;;;;;;;;
119;Инвентарь, посуда и т.д.;шампура;шампуры;шампуры;;150;;Техническое;основная;дезинфекция;;;;;;;;;;
120;Инвентарь, посуда и т.д.;шпильки;шпильки;шпильки;;150;;Техническое;основная;мойка;;;;;;;;;;
120;Инвентарь, посуда и т.д.;шпильки;шпильки;шпильки;;150;;Техническое;основная;дезинфекция;;;;;;;;;;
121;Инвентарь, посуда и т.д.;ёмкости для перетаривания;ёмкости для перетаривания;ёмкости для перетаривания;;150;;Техническое;основная;мойка;;;;;;;;;;
121;Инвентарь, посуда и т.д.;ёмкости для перетаривания;ёмкости для перетаривания;ёмкости для перетаривания;;150;;Техническое;основная;дезинфекция;;;;;;;;;;
122;Инвентарь, посуда и т.д.;ёмкости для сыпучих продуктов;ёмкости для сыпучих продуктов;ёмкости для сыпучих продуктов;;150;;Техническое;основная;мойка;;;;;;;;;;
122;Инвентарь, посуда и т.д.;ёмкости для сыпучих продуктов;ёмкости для сыпучих продуктов;ёмкости для сыпучих продуктов;;150;;Техническое;основная;дезинфекция;;;;;;;;;;
123;Моечный, уборочный инвентарь и оборудование;авд;АВД;АВД;;170;;Техническое;основная;мойка;;;;;;;;;;
123;Моечный, уборочный инвентарь и оборудование;авд;АВД;АВД;;170;;Техническое;основная;дезинфекция;;;;;;;;;;
124;Моечный, уборочный инвентарь и оборудование;ведра;ведра;ведра;;170;;Техническое;основная;мойка;;;;;;;;;;
124;Моечный, уборочный инвентарь и оборудование;ведра;ведра;ведра;;170;;Техническое;основная;дезинфекция;;;;;;;;;;
125;Моечный, уборочный инвентарь и оборудование;ветошь;ветошь;ветошь;;170;;Техническое;основная;мойка;;;;;;;;;;
125;Моечный, уборочный инвентарь и оборудование;ветошь;ветошь;ветошь;;170;;Техническое;основная;дезинфекция;;;;;;;;;;
126;Моечный, уборочный инвентарь и оборудование;мопы;мопы;мопы;;170;;Техническое;основная;мойка;;;;;;;;;;
126;Моечный, уборочный инвентарь и оборудование;мопы;мопы;мопы;;170;;Техническое;основная;дезинфекция;;;;;;;;;;
128;Моечный, уборочный инвентарь и оборудование;пылесосы;пылесос;пылесос;;170;;Техническое;основная;мойка;;;;;;;;;;
128;Моечный, уборочный инвентарь и оборудование;пылесосы;пылесос;пылесос;;170;;Техническое;основная;дезинфекция;;;;;;;;;;
129;Моечный, уборочный инвентарь и оборудование;сгоны;сгоны для воды;сгоны для воды;;170;;Техническое;основная;мойка;;;;;;;;;;
129;Моечный, уборочный инвентарь и оборудование;сгоны;сгоны для воды;сгоны для воды;;170;;Техническое;основная;дезинфекция;;;;;;;;;;
130;Моечный, уборочный инвентарь и оборудование;тележки уборочные;тележки уборочные;тележки уборочные;;170;;Техническое;основная;мойка;;;;;;;;;;
130;Моечный, уборочный инвентарь и оборудование;тележки уборочные;тележки уборочные;тележки уборочные;;170;;Техническое;основная;дезинфекция;;;;;;;;;;
131;Моечный, уборочный инвентарь и оборудование;щётки;щётки;щётки;;170;;Техническое;основная;мойка;;;;;;;;;;
131;Моечный, уборочный инвентарь и оборудование;щётки;щётки;щётки;;170;;Техническое;основная;дезинфекция;;;;;;;;;;
133;Посудомоечное оборудование;пмм туннельная;посудомоечная машина туннельная;посудомоечная машина;туннельная;160;;Техническое;основная;мойка;;;;;;;;;;
133;Посудомоечное оборудование;пмм туннельная;посудомоечная машина туннельная;посудомоечная машина;туннельная;160;;Техническое;основная;дезинфекция;;;;;;;;;;
134;Посудомоечное оборудование;таромоечная машина;таромоечная машина;таромоечная машина;;160;;Техническое;основная;мойка;;;;;;;;;;
134;Посудомоечное оборудование;таромоечная машина;таромоечная машина;таромоечная машина;;160;;Техническое;основная;дезинфекция;;;;;;;;;;
135;Холодильное оборудование;камеры мороз;камеры морозильные;камеры морозильные;;160;;Техническое;основная;мойка;;;;;;;;;;
135;Холодильное оборудование;камеры мороз;камеры морозильные;камеры морозильные;;160;;Техническое;основная;дезинфекция;;;;;;;;;;
136;Холодильное оборудование;камеры холод;камеры холодильные;камеры холодильные;;160;;Техническое;основная;мойка;;;;;;;;;;
136;Холодильное оборудование;камеры холод;камеры холодильные;камеры холодильные;;160;;Техническое;основная;дезинфекция;;;;;;;;;;
137;Холодильное оборудование;камеры шок замор;камеры шоковой заморозки;камеры шоковой заморозки;;160;;Техническое;основная;мойка;;;;;;;;;;
137;Холодильное оборудование;камеры шок замор;камеры шоковой заморозки;камеры шоковой заморозки;;160;;Техническое;основная;дезинфекция;;;;;;;;;;
138;Холодильное оборудование;ледогенератор;ледогенератор;ледогенератор;;160;;Техническое;основная;мойка;;;;;;;;;;
138;Холодильное оборудование;ледогенератор;ледогенератор;ледогенератор;;160;;Техническое;основная;дезинфекция;;;;;;;;;;
139;Холодильное оборудование;морозильный ларь;морозильный ларь;морозильный ларь;;160;;Техническое;основная;мойка;;;;;;;;;;
139;Холодильное оборудование;морозильный ларь;морозильный ларь;морозильный ларь;;160;;Техническое;основная;дезинфекция;;;;;;;;;;
140;Холодильное оборудование;холод столы;холодильные столы;холодильные столы;;160;;Техническое;основная;мойка;;;;;;;;;;
140;Холодильное оборудование;холод столы;холодильные столы;холодильные столы;;160;;Техническое;основная;дезинфекция;;;;;;;;;;
141;Холодильное оборудование;холод шкафы;холодильные шкафы;холодильные шкафы;;160;;Техническое;основная;мойка;;;;;;;;;;
141;Холодильное оборудование;холод шкафы;холодильные шкафы;холодильные шкафы;;160;;Техническое;основная;дезинфекция;;;;;;;;;;
142;Тепловое оборудование;варочные котлы;варочные котлы;варочные котлы;;150;;Техническое;основная;мойка;;;;;;;;;;
142;Тепловое оборудование;варочные котлы;варочные котлы;варочные котлы;;150;;Техническое;основная;дезинфекция;;;;;;;;;;
143;Тепловое оборудование;вафельницы;вафельницы;вафельницы;;150;;Техническое;основная;мойка;;;;;;;;;;
143;Тепловое оборудование;вафельницы;вафельницы;вафельницы;;150;;Техническое;основная;дезинфекция;;;;;;;;;;
144;Тепловое оборудование;грили;грили;грили;;150;;Техническое;основная;мойка;;;;;;;;;;
144;Тепловое оборудование;грили;грили;грили;;150;;Техническое;основная;дезинфекция;;;;;;;;;;
145;Тепловое оборудование;пароконвектоматы;пароконвектоматы;пароконвектоматы;;150;;Техническое;основная;мойка;;;;;;;;;;
145;Тепловое оборудование;пароконвектоматы;пароконвектоматы;пароконвектоматы;;150;;Техническое;основная;дезинфекция;;;;;;;;;;
146;Тепловое оборудование;печи подовые;печи подовые;печи подовые;;150;;Техническое;основная;мойка;;;;;;;;;;
146;Тепловое оборудование;печи подовые;печи подовые;печи подовые;;150;;Техническое;основная;дезинфекция;;;;;;;;;;
147;Тепловое оборудование;печи ротационные;печи ротационные;печи ротационные;;150;;Техническое;основная;мойка;;;;;;;;;;
147;Тепловое оборудование;печи ротационные;печи ротационные;печи ротационные;;150;;Техническое;основная;дезинфекция;;;;;;;;;;
148;Тепловое оборудование;плиты газ;плиты газовые;плиты газовые;;150;;Техническое;основная;мойка;;;;;;;;;;
148;Тепловое оборудование;плиты газ;плиты газовые;плиты газовые;;150;;Техническое;основная;дезинфекция;;;;;;;;;;
149;Тепловое оборудование;плиты индук;плиты индукционные;плиты индукционные;;150;;Техническое;основная;мойка;;;;;;;;;;
149;Тепловое оборудование;плиты индук;плиты индукционные;плиты индукционные;;150;;Техническое;основная;дезинфекция;;;;;;;;;;
150;Тепловое оборудование;плиты элек;плиты электрические;плиты электрические;;150;;Техническое;основная;мойка;;;;;;;;;;
150;Тепловое оборудование;плиты элек;плиты электрические;плиты электрические;;150;;Техническое;основная;дезинфекция;;;;;;;;;;
151;Тепловое оборудование;расстоечные шкафы;расстоечные шкафы;расстоечные шкафы;;150;;Техническое;основная;мойка;;;;;;;;;;
151;Тепловое оборудование;расстоечные шкафы;расстоечные шкафы;расстоечные шкафы;;150;;Техническое;основная;дезинфекция;;;;;;;;;;
152;Тепловое оборудование;сковороды;сковороды;сковороды;;150;;Техническое;основная;мойка;;;;;;;;;;
152;Тепловое оборудование;сковороды;сковороды;сковороды;;150;;Техническое;основная;дезинфекция;;;;;;;;;;
153;Тепловое оборудование;фритюры;фритюры;фритюры;;150;;Техническое;основная;мойка;;;;;;;;;;
153;Тепловое оборудование;фритюры;фритюры;фритюры;;150;;Техническое;основная;дезинфекция;;;;;;;;;;
154;Технологическое оборудование;бисквиторезки;бисквиторезки;бисквиторезки;;150;;Техническое;основная;мойка;;;;;;;;;;
154;Технологическое оборудование;бисквиторезки;бисквиторезки;бисквиторезки;;150;;Техническое;основная;дезинфекция;;;;;;;;;;
155;Технологическое оборудование;блендеры;блендеры;блендеры;;150;;Техническое;основная;мойка;;;;;;;;;;
155;Технологическое оборудование;блендеры;блендеры;блендеры;;150;;Техническое;основная;дезинфекция;;;;;;;;;;
156;Технологическое оборудование;вакуумные роторные шприцы;вакуумные роторные шприцы;вакуумные роторные шприцы;;150;;Техническое;основная;мойка;;;;;;;;;;
156;Технологическое оборудование;вакуумные роторные шприцы;вакуумные роторные шприцы;вакуумные роторные шприцы;;150;;Техническое;основная;дезинфекция;;;;;;;;;;
158;Технологическое оборудование;весы настольные;весы настольные;весы настольные;;150;;Техническое;основная;мойка;;;;;;;;;;
158;Технологическое оборудование;весы настольные;весы настольные;весы настольные;;150;;Техническое;основная;дезинфекция;;;;;;;;;;
159;Технологическое оборудование;водяные бани;водяные бани;водяные бани;;150;;Техническое;основная;мойка;;;;;;;;;;
159;Технологическое оборудование;водяные бани;водяные бани;водяные бани;;150;;Техническое;основная;дезинфекция;;;;;;;;;;
160;Технологическое оборудование;депозитор волюметрический;депозитор волюметрический;депозитор волюметрический;;150;;Техническое;основная;мойка;;;;;;;;;;
160;Технологическое оборудование;депозитор волюметрический;депозитор волюметрический;депозитор волюметрический;;150;;Техническое;основная;дезинфекция;;;;;;;;;;
161;Технологическое оборудование;дозатор для геля (пульверизатор);дозатор для геля (пульверизатор);дозатор для геля (пульверизатор);;150;;Техническое;основная;мойка;;;;;;;;;;
161;Технологическое оборудование;дозатор для геля (пульверизатор);дозатор для геля (пульверизатор);дозатор для геля (пульверизатор);;150;;Техническое;основная;дезинфекция;;;;;;;;;;
162;Технологическое оборудование;дозаторы для жидкостей;дозаторы для жидкостей;дозаторы для жидкостей;;150;;Техническое;основная;мойка;;;;;;;;;;
162;Технологическое оборудование;дозаторы для жидкостей;дозаторы для жидкостей;дозаторы для жидкостей;;150;;Техническое;основная;дезинфекция;;;;;;;;;;
163;Технологическое оборудование;дробилки;дробилки;дробилки;;150;;Техническое;основная;мойка;;;;;;;;;;
163;Технологическое оборудование;дробилки;дробилки;дробилки;;150;;Техническое;основная;дезинфекция;;;;;;;;;;
164;Технологическое оборудование;измельчители;измельчители;измельчители;;150;;Техническое;основная;мойка;;;;;;;;;;
164;Технологическое оборудование;измельчители;измельчители;измельчители;;150;;Техническое;основная;дезинфекция;;;;;;;;;;
165;Технологическое оборудование;картофелечистки;картофелечистки;картофелечистки;;150;;Техническое;основная;мойка;;;;;;;;;;
165;Технологическое оборудование;картофелечистки;картофелечистки;картофелечистки;;150;;Техническое;основная;дезинфекция;;;;;;;;;;
166;Технологическое оборудование;машина для резки конд изделий;машина для резки кондитерских изделий;машина для резки кондитерских изделий;;150;;Техническое;основная;мойка;;;;;;;;;;
166;Технологическое оборудование;машина для резки конд изделий;машина для резки кондитерских изделий;машина для резки кондитерских изделий;;150;;Техническое;основная;дезинфекция;;;;;;;;;;
167;Технологическое оборудование;металлодетектор;металлодетектор;металлодетектор;;150;;Техническое;основная;мойка;;;;;;;;;;
167;Технологическое оборудование;металлодетектор;металлодетектор;металлодетектор;;150;;Техническое;основная;дезинфекция;;;;;;;;;;
168;Технологическое оборудование;миксеры планетарные;миксеры планетарные;миксеры планетарные;;150;;Техническое;основная;мойка;;;;;;;;;;
168;Технологическое оборудование;миксеры планетарные;миксеры планетарные;миксеры планетарные;;150;;Техническое;основная;дезинфекция;;;;;;;;;;
169;Технологическое оборудование;минифилы (дозаторы крема);минифилы (дозаторы крема);минифилы (дозаторы крема);;150;;Техническое;основная;мойка;;;;;;;;;;
169;Технологическое оборудование;минифилы (дозаторы крема);минифилы (дозаторы крема);минифилы (дозаторы крема);;150;;Техническое;основная;дезинфекция;;;;;;;;;;
170;Технологическое оборудование;овощерезки;овощерезки;овощерезки;;150;;Техническое;основная;мойка;;;;;;;;;;
170;Технологическое оборудование;овощерезки;овощерезки;овощерезки;;150;;Техническое;основная;дезинфекция;;;;;;;;;;
171;Технологическое оборудование;овощечистки;овощечистки;овощечистки;;150;;Техническое;основная;мойка;;;;;;;;;;
171;Технологическое оборудование;овощечистки;овощечистки;овощечистки;;150;;Техническое;основная;дезинфекция;;;;;;;;;;
172;Технологическое оборудование;отсадочные машины;отсадочные машины;отсадочные машины;;150;;Техническое;основная;мойка;;;;;;;;;;
172;Технологическое оборудование;отсадочные машины;отсадочные машины;отсадочные машины;;150;;Техническое;основная;дезинфекция;;;;;;;;;;
173;Технологическое оборудование;пневматические распылители;пневматические распылители;пневматические распылители;;150;;Техническое;основная;мойка;;;;;;;;;;
173;Технологическое оборудование;пневматические распылители;пневматические распылители;пневматические распылители;;150;;Техническое;основная;дезинфекция;;;;;;;;;;
174;Технологическое оборудование;прессы для теста;прессы для теста;прессы для теста;;150;;Техническое;основная;мойка;;;;;;;;;;
174;Технологическое оборудование;прессы для теста;прессы для теста;прессы для теста;;150;;Техническое;основная;дезинфекция;;;;;;;;;;
175;Технологическое оборудование;производственные столы д;производственные столы деревянные;производственные столы;Д;150;;Техническое;основная;мойка;;;;;;;;;;
175;Технологическое оборудование;производственные столы д;производственные столы деревянные;производственные столы;Д;150;;Техническое;основная;дезинфекция;;;;;;;;;;
176;Технологическое оборудование;производственные столы н;производственные столы из нержавеющий стали;производственные столы;Н;150;;Техническое;основная;мойка;;;;;;;;;;
176;Технологическое оборудование;производственные столы н;производственные столы из нержавеющий стали;производственные столы;Н;150;;Техническое;основная;дезинфекция;;;;;;;;;;
177;Технологическое оборудование;просеиватели мука;просеиватели для муки;просеиватели для муки;;150;;Техническое;основная;мойка;;;;;;;;;;
177;Технологическое оборудование;просеиватели мука;просеиватели для муки;просеиватели для муки;;150;;Техническое;основная;дезинфекция;;;;;;;;;;
178;Технологическое оборудование;просеиватели сахар;просеиватели для сахара;просеиватели для сахара;;150;;Техническое;основная;мойка;;;;;;;;;;
178;Технологическое оборудование;просеиватели сахар;просеиватели для сахара;просеиватели для сахара;;150;;Техническое;основная;дезинфекция;;;;;;;;;;
179;Технологическое оборудование;протирочные машины;протирочные машины;протирочные машины;;150;;Техническое;основная;мойка;;;;;;;;;;
179;Технологическое оборудование;протирочные машины;протирочные машины;протирочные машины;;150;;Техническое;основная;дезинфекция;;;;;;;;;;
180;Технологическое оборудование;распылители для желе и сиропов;распылители для желе и сиропов;распылители для желе и сиропов;;150;;Техническое;основная;мойка;;;;;;;;;;
180;Технологическое оборудование;распылители для желе и сиропов;распылители для желе и сиропов;распылители для желе и сиропов;;150;;Техническое;основная;дезинфекция;;;;;;;;;;
181;Технологическое оборудование;рентгеновские системы контроля;рентгеновские системы контроля;рентгеновские системы контроля;;150;;Техническое;основная;мойка;;;;;;;;;;
181;Технологическое оборудование;рентгеновские системы контроля;рентгеновские системы контроля;рентгеновские системы контроля;;150;;Техническое;основная;дезинфекция;;;;;;;;;;
182;Технологическое оборудование;слайсера;слайсеры;слайсеры;;150;;Техническое;основная;мойка;;;;;;;;;;
182;Технологическое оборудование;слайсера;слайсеры;слайсеры;;150;;Техническое;основная;дезинфекция;;;;;;;;;;
183;Технологическое оборудование;солодоварки;солодоварки;солодоварки;;150;;Техническое;основная;мойка;;;;;;;;;;
183;Технологическое оборудование;солодоварки;солодоварки;солодоварки;;150;;Техническое;основная;дезинфекция;;;;;;;;;;
184;Технологическое оборудование;тарталетницы;тарталетницы;тарталетницы;;150;;Техническое;основная;мойка;;;;;;;;;;
184;Технологическое оборудование;тарталетницы;тарталетницы;тарталетницы;;150;;Техническое;основная;дезинфекция;;;;;;;;;;
185;Технологическое оборудование;термощупы;термощупы;термощупы;;150;;Техническое;основная;мойка;;;;;;;;;;
185;Технологическое оборудование;термощупы;термощупы;термощупы;;150;;Техническое;основная;дезинфекция;;;;;;;;;;
186;Технологическое оборудование;тестоделители;тестоделители;тестоделители;;150;;Техническое;основная;мойка;;;;;;;;;;
186;Технологическое оборудование;тестоделители;тестоделители;тестоделители;;150;;Техническое;основная;дезинфекция;;;;;;;;;;
187;Технологическое оборудование;тестомесы;тестомесы;тестомесы;;150;;Техническое;основная;мойка;;;;;;;;;;
187;Технологическое оборудование;тестомесы;тестомесы;тестомесы;;150;;Техническое;основная;дезинфекция;;;;;;;;;;
188;Технологическое оборудование;тестоокруглители;тестоокруглители;тестоокруглители;;150;;Техническое;основная;мойка;;;;;;;;;;
188;Технологическое оборудование;тестоокруглители;тестоокруглители;тестоокруглители;;150;;Техническое;основная;дезинфекция;;;;;;;;;;
189;Технологическое оборудование;тестораскатки;тестораскатки;тестораскатки;;150;;Техническое;основная;мойка;;;;;;;;;;
189;Технологическое оборудование;тестораскатки;тестораскатки;тестораскатки;;150;;Техническое;основная;дезинфекция;;;;;;;;;;
190;Технологическое оборудование;ультразвуковые нарезки;ультразвуковые нарезки;ультразвуковые нарезки;;150;;Техническое;основная;мойка;;;;;;;;;;
190;Технологическое оборудование;ультразвуковые нарезки;ультразвуковые нарезки;ультразвуковые нарезки;;150;;Техническое;основная;дезинфекция;;;;;;;;;;
191;Технологическое оборудование;ферментаторы;ферментаторы;ферментаторы;;150;;Техническое;основная;мойка;;;;;;;;;;
191;Технологическое оборудование;ферментаторы;ферментаторы;ферментаторы;;150;;Техническое;основная;дезинфекция;;;;;;;;;;
192;Технологическое оборудование;шприц-дозатор начинки;шприц-дозатор начинки;шприц-дозатор начинки;;150;;Техническое;основная;мойка;;;;;;;;;;
192;Технологическое оборудование;шприц-дозатор начинки;шприц-дозатор начинки;шприц-дозатор начинки;;150;;Техническое;основная;дезинфекция;;;;;;;;;;
193;Упаковочное оборудование;flow pack;flow pack;flow pack;;160;;Техническое;основная;мойка;;;;;;;;;;
193;Упаковочное оборудование;flow pack;flow pack;flow pack;;160;;Техническое;основная;дезинфекция;;;;;;;;;;
194;Упаковочное оборудование;автоматическиеклипсаторы;автоматические клипсаторы;автоматические клипсаторы;;160;;Техническое;основная;мойка;;;;;;;;;;
194;Упаковочное оборудование;автоматическиеклипсаторы;автоматические клипсаторы;автоматические клипсаторы;;160;;Техническое;основная;дезинфекция;;;;;;;;;;
195;Упаковочное оборудование;вакуумные упаковщики;вакуумные упаковщики;вакуумные упаковщики;;160;;Техническое;основная;мойка;;;;;;;;;;
195;Упаковочное оборудование;вакуумные упаковщики;вакуумные упаковщики;вакуумные упаковщики;;160;;Техническое;основная;дезинфекция;;;;;;;;;;
196;Упаковочное оборудование;запайщики;запайщики;запайщики;;160;;Техническое;основная;мойка;;;;;;;;;;
196;Упаковочное оборудование;запайщики;запайщики;запайщики;;160;;Техническое;основная;дезинфекция;;;;;;;;;;
197;Упаковочное оборудование;принтера для этикеток;принтер для этикеток;принтер для этикеток;;160;;Техническое;основная;мойка;;;;;;;;;;
197;Упаковочное оборудование;принтера для этикеток;принтер для этикеток;принтер для этикеток;;160;;Техническое;основная;дезинфекция;;;;;;;;;;
198;Упаковочное оборудование;термоусадочные туннели;термоусадочные туннели;термоусадочные туннели;;160;;Техническое;основная;мойка;;;;;;;;;;
198;Упаковочное оборудование;термоусадочные туннели;термоусадочные туннели;термоусадочные туннели;;160;;Техническое;основная;дезинфекция;;;;;;;;;;
199;Упаковочное оборудование;этикетировщики;этикетировщики;этикетировщики;;160;;Техническое;основная;мойка;;;;;;;;;;
199;Упаковочное оборудование;этикетировщики;этикетировщики;этикетировщики;;160;;Техническое;основная;дезинфекция;;;;;;;;;;
