object_id;category_name;normalized_name;display_name;base_name;modifier;sort_priority;instruction_id;room_category_name;cleaning_method;instruction_number;product_name;cleaning_technique;concentration;temperature;exposure_time;inventory;frequency;executor;control_method
2;Поверхности;бактерицидные лампы;бактерицидные лампы;бактерицидные лампы;;40;11;Производственное;мойка;;ХИМИТЕК УНИВЕРСАЛ-ПД-Н;ручной (протирание);3,0 % – 4,0 %, дозирующая система ProMax;не ниже 40°C;;промаркированный;1 раз в месяц;сотрудник инженерной службы;визуальный контроль/технолог
2;Поверхности;бактерицидные лампы;бактерицидные лампы;бактерицидные лампы;;40;12;Производственное;дезинфекция;;ХИМИТЕК ПОЛИДЕЗ®-СУПЕР;ручной (протирание);0,02 % – 0,05 % (по НУК), дозирующая система ProMax;18-20 °C;20 мин;промаркированный;1 раз в месяц;сотрудник инженерной службы;визуальный контроль/технолог
3;Поверхности;бойлера;бойлер;бойлер;;70;13;Производственное;мойка;;ХИМИТЕК ЧУДОДЕЙ®-КОМБИ-ПЕНАКТИВ;ручной (протирание);2,0 % – 3,0 % дозирующая система ProMax;18-20 °C;;промаркированный;1 раз в месяц;сотрудник внутреннего клининга;визуальный контроль/сотрудник отдела качества
3;Поверхности;бойлера;бойлер;бойлер;;70;14;Производственное;дезинфекция;;ХИМИТЕК ПОЛИДЕЗ®-СУПЕР;ручной (протирание);0,02 % – 0,05 % (по НУК), дозирующая система ProMax;18-20 °C;20 мин;промаркированный;1 раз в месяц;сотрудник внутреннего клининга;визуальный контроль/сотрудник отдела качества
4;Поверхности;вентиляторы;вентилятор;вентилятор;;80;15;Производственное;мойка;;ХИМИТЕК ЧУДОДЕЙ®-КОМБИ-ПЕНАКТИВ;ручной (протирание, обработка щёткой);2,0 % – 3,0 % дозирующая система ProMax;18-20 °C;;промаркированный;1 раз в месяц;сотрудник внутреннего клининга;визуальный контроль/сотрудник отдела качества
4;Поверхности;вентиляторы;вентилятор;вентилятор;;80;16;Производственное;дезинфекция;;ХИМИТЕК ПОЛИДЕЗ®-СУПЕР;ручной (протирание);0,02 % – 0,05 % (по НУК), дозирующая система ProMax;18-20 °C;20 мин;промаркированный;1 раз в месяц;сотрудник внутреннего клининга;визуальный контроль/сотрудник отдела качества
5;Поверхности;вентиляционные трубы;вентиляционные трубы;вентиляционные трубы;;30;17;Производственное;мойка;;ХИМИТЕК ЧУДОДЕЙ®-КОМБИ-ПЕНАКТИВ;ручной (протирание, обработка щёткой);2,0 % – 3,0 % дозирующая система ProMax;18-20 °C;;промаркированный;1 раз в 3 месяца;сотрудник внутреннего клининга;визуальный контроль/сотрудник отдела качества
5;Поверхности;вентиляционные трубы;вентиляционные трубы;вентиляционные трубы;;30;18;Производственное;дезинфекция;;ХИМИТЕК ПОЛИДЕЗ®-СУПЕР;ручной (протирание);0,02 % – 0,05 % (по НУК), дозирующая система ProMax;18-20 °C;20 мин;промаркированный;1 раз в 6 месяцев;сотрудник внутреннего клининга;визуальный контроль/сотрудник отдела качества
6;Поверхности;водопроводные трубы;водопроводные трубы;водопроводные трубы;;60;19;Производственное;мойка;;ХИМИТЕК ЧУДОДЕЙ®-КОМБИ-ПЕНАКТИВ;ручной (протирание, обработка щёткой);2,0 % – 3,0 % дозирующая система ProMax;18-20 °C;;промаркированный;1 раз в месяц;сотрудник внутреннего клининга;визуальный контроль/сотрудник отдела качества
6;Поверхности;водопроводные трубы;водопроводные трубы;водопроводные трубы;;60;20;Производственное;дезинфекция;;ХИМИТЕК ПОЛИДЕЗ®-СУПЕР;ручной (протирание);0,02 % – 0,05 % (по НУК), дозирующая система ProMax;18-20 °C;20 мин;промаркированный;1 раз в месяц;сотрудник внутреннего клининга;визуальный контроль/сотрудник отдела качества
7;Поверхности;воротароллета;ворота/роллета;ворота/роллета;;90;21;Производственное;мойка;;ХИМИТЕК ЧУДОДЕЙ®-КОМБИ-ПЕНАКТИВ;ручной (протирание, обработка щёткой);2,0 % – 3,0 % дозирующая система ProMax;18-20 °C;;промаркированный;1 раз в месяц;сотрудник внутреннего клининга;визуальный контроль/сотрудник отдела качества
7;Поверхности;воротароллета;ворота/роллета;ворота/роллета;;90;22;Производственное;дезинфекция;;ХИМИТЕК ПОЛИДЕЗ®-СУПЕР;ручной (протирание);0,02 % – 0,05 % (по НУК), дозирующая система ProMax;18-20 °C;20 мин;промаркированный;1 раз в месяц;сотрудник внутреннего клининга;визуальный контроль/сотрудник отдела качества
8;Поверхности;выключатели;выключатели;выключатели;;65;23;Производственное;мойка;;ХИМИТЕК УНИВЕРСАЛ-ПД-Н;ручной (протирание, обработка щёткой);3,0 % – 4,0 %, дозирующая система ProMax;не ниже 40°C;;промаркированный;1 раз в месяц;сотрудник внутреннего клининга;визуальный контроль/сотрудник отдела качества
8;Поверхности;выключатели;выключатели;выключатели;;65;24;Производственное;дезинфекция;;ХИМИТЕК ПОЛИДЕЗ®-СУПЕР;ручной (протирание);0,02 % – 0,05 % (по НУК), дозирующая система ProMax;18-20 °C;20 мин;промаркированный;1 раз в месяц;сотрудник внутреннего клининга;визуальный контроль/сотрудник отдела качества
9;Поверхности;вытяжные зонты а;вытяжные зонты алюминиевые;вытяжные зонты;А;25;25;Производственное;мойка;;ХИМИТЕК УНИВЕРСАЛ-ПД-Н;ручной (протирание);3,0 % – 4,0 %, дозирующая система ProMax;не ниже 40°C;;промаркированный;1 раз в месяц;сотрудник внутреннего клининга;визуальный контроль/сотрудник отдела качества
9;Поверхности;вытяжные зонты а;вытяжные зонты алюминиевые;вытяжные зонты;А;25;26;Производственное;дезинфекция;;ХИМИТЕК ПОЛИДЕЗ®-СУПЕР;ручной (протирание);0,02 % – 0,05 % (по НУК), дозирующая система ProMax;18-20 °C;20 мин;промаркированный;1 раз в месяц;сотрудник внутреннего клининга;визуальный контроль/сотрудник отдела качества
10;Поверхности;вытяжные зонты н;вытяжные зонты из нержавеющей стали;вытяжные зонты;Н;25;27;Производственное;мойка;;ХИМИТЕК УНИВЕРСАЛ-ПД-Н;ручной (протирание);3,0 % – 4,0 %, дозирующая система ProMax;не ниже 40°C;;промаркированный;1 раз в месяц;сотрудник внутреннего клининга;визуальный контроль/сотрудник отдела качества
10;Поверхности;вытяжные зонты н;вытяжные зонты из нержавеющей стали;вытяжные зонты;Н;25;28;Производственное;дезинфекция;;ХИМИТЕК ПОЛИДЕЗ®-СУПЕР;ручной (протирание);0,02 % – 0,05 % (по НУК), дозирующая система ProMax;18-20 °C;20 мин;промаркированный;1 раз в месяц;сотрудник внутреннего клининга;визуальный контроль/сотрудник отдела качества
11;Поверхности;гидравлические тележки;гидравлические тележки;гидравлические тележки;;180;29;Производственное;мойка;;ХИМИТЕК ЧУДОДЕЙ®-КОМБИ-ПЕНАКТИВ;ручной (нанесение пены, обработка щёткой);2,0 % АВД;18-20 °C;;промаркированный;1 раз в неделю;сотрудник внутреннего клининга;визуальный контроль/сотрудник отдела качества
11;Поверхности;гидравлические тележки;гидравлические тележки;гидравлические тележки;;180;30;Производственное;дезинфекция;;ХИМИТЕК ПОЛИДЕЗ®-СУПЕР;ручной (протирание);0,02 % – 0,05 % (по НУК), дозирующая система ProMax;18-20 °C;20 мин;промаркированный;1 раз в неделю;сотрудник внутреннего клининга;визуальный контроль/сотрудник отдела качества
12;Поверхности;двери;двери;двери;;90;31;Производственное;мойка;;ХИМИТЕК ЧУДОДЕЙ®-КОМБИ-ПЕНАКТИВ;ручной (протирание, обработка щёткой);2,0 % – 3,0 % дозирующая система ProMax;18-20 °C;;промаркированный;1 раз в месяц;сотрудник внутреннего клининга;визуальный контроль/сотрудник отдела качества
12;Поверхности;двери;двери;двери;;90;32;Производственное;дезинфекция;;ХИМИТЕК ПОЛИДЕЗ®-СУПЕР;ручной (протирание);0,02 % – 0,05 % (по НУК), дозирующая система ProMax;18-20 °C;20 мин;промаркированный;1 раз в месяц;сотрудник внутреннего клининга;визуальный контроль/сотрудник отдела качества
13;Поверхности;дверные ручки;дверные ручки;дверные ручки;;65;33;Производственное;мойка;;ХИМИТЕК ЧУДОДЕЙ®-КОМБИ-ПЕНАКТИВ;ручной (протирание, обработка щёткой);2,0 % – 3,0 % дозирующая система ProMax;18-20 °C;;промаркированный;1 раз в месяц;сотрудник внутреннего клининга;визуальный контроль/сотрудник отдела качества
13;Поверхности;дверные ручки;дверные ручки;дверные ручки;;65;34;Производственное;дезинфекция;;ХИМИТЕК ПОЛИДЕЗ®-СУПЕР;ручной (протирание);0,02 % – 0,05 % (по НУК), дозирующая система ProMax;18-20 °C;20 мин;промаркированный;1 раз в месяц;сотрудник внутреннего клининга;визуальный контроль/сотрудник отдела качества
14;Поверхности;демосистема (контактная поверхность);демосистема (контактная поверхность);демосистема (контактная поверхность);;70;35;Производственное;мойка;;ХИМИТЕК ЧУДОДЕЙ®-КОМБИ-ПЕНАКТИВ;ручной (протирание, обработка щёткой);2,0 % – 3,0 % дозирующая система ProMax;18-20 °C;;промаркированный;1 раз в месяц;сотрудник внутреннего клининга;визуальный контроль/сотрудник отдела качества
14;Поверхности;демосистема (контактная поверхность);демосистема (контактная поверхность);демосистема (контактная поверхность);;70;36;Производственное;дезинфекция;;ХИМИТЕК ПОЛИДЕЗ®-СУПЕР;ручной (протирание);0,02 % – 0,05 % (по НУК), дозирующая система ProMax;18-20 °C;20 мин;промаркированный;1 раз в месяц;сотрудник внутреннего клининга;визуальный контроль/сотрудник отдела качества
15;Поверхности;держатели для досок;держатели для досок;держатели для досок;;70;37;Производственное;мойка;;ХИМИТЕК ЧУДОДЕЙ®-КОМБИ-ПЕНАКТИВ;ручной (протирание, обработка щёткой);2,0 % – 3,0 % дозирующая система ProMax;18-20 °C;;промаркированный;1 раз в смену;сотрудник внутреннего клининга;визуальный контроль/сотрудник отдела качества
15;Поверхности;держатели для досок;держатели для досок;держатели для досок;;70;38;Производственное;дезинфекция;;ХИМИТЕК ПОЛИДЕЗ®-СУПЕР;ручной (протирание);0,02 % – 0,05 % (по НУК), дозирующая система ProMax;18-20 °C;20 мин;промаркированный;1 раз в смену;сотрудник внутреннего клининга;визуальный контроль/сотрудник отдела качества
16;Поверхности;держатели для инвентаря;держатели для инвентаря;держатели для инвентаря;;70;39;Производственное;мойка;;ХИМИТЕК ЧУДОДЕЙ®-КОМБИ-ПЕНАКТИВ;ручной (протирание, обработка щёткой);2,0 % – 3,0 % дозирующая система ProMax;18-20 °C;;промаркированный;1 раз в смену;сотрудник внутреннего клининга;визуальный контроль/сотрудник отдела качества
16;Поверхности;держатели для инвентаря;держатели для инвентаря;держатели для инвентаря;;70;40;Производственное;дезинфекция;;ХИМИТЕК ПОЛИДЕЗ®-СУПЕР;ручной (протирание);0,02 % – 0,05 % (по НУК), дозирующая система ProMax;18-20 °C;20 мин;промаркированный;1 раз в смену;сотрудник внутреннего клининга;визуальный контроль/сотрудник отдела качества
17;Поверхности;держатели для ножей;держатели для ножей;держатели для ножей;;70;41;Производственное;мойка;;ХИМИТЕК ЧУДОДЕЙ®-КОМБИ-ПЕНАКТИВ;ручной (протирание, обработка щёткой);2,0 % – 3,0 % дозирующая система ProMax;18-20 °C;;промаркированный;1 раз в смену;сотрудник внутреннего клининга;визуальный контроль/сотрудник отдела качества
17;Поверхности;держатели для ножей;держатели для ножей;держатели для ножей;;70;42;Производственное;дезинфекция;;ХИМИТЕК ПОЛИДЕЗ®-СУПЕР;ручной (протирание);0,02 % – 0,05 % (по НУК), дозирующая система ProMax;18-20 °C;20 мин;промаркированный;1 раз в смену;сотрудник внутреннего клининга;визуальный контроль/сотрудник отдела качества
18;Поверхности;диффузоры;диффузоры;диффузоры;;35;43;Производственное;мойка;;ХИМИТЕК ЧУДОДЕЙ®-КОМБИ-ПЕНАКТИВ;ручной (протирание, обработка щёткой);2,0 % – 3,0 % дозирующая система ProMax;18-20 °C;;промаркированный;1 раз в 3 месяца;сотрудник внутреннего клининга;визуальный контроль/сотрудник отдела качества
18;Поверхности;диффузоры;диффузоры;диффузоры;;35;44;Производственное;дезинфекция;;ХИМИТЕК ПОЛИДЕЗ®-СУПЕР;ручной (протирание);0,02 % – 0,05 % (по НУК), дозирующая система ProMax;18-20 °C;20 мин;промаркированный;1 раз в 6 месяцев;сотрудник внутреннего клининга;визуальный контроль/сотрудник отдела качества
19;Поверхности;завесы пвх;завесы ПВХ;завесы ПВХ;;80;45;Производственное;мойка;;ХИМИТЕК ЧУДОДЕЙ®-КОМБИ-ПЕНАКТИВ;ручной (замачивание, обработка щёткой);2,0 % – 3,0 % дозирующая система ProMax;18-20 °C;;промаркированный;1 раз в неделю;сотрудник внутреннего клининга;визуальный контроль/сотрудник отдела качества
19;Поверхности;завесы пвх;завесы ПВХ;завесы ПВХ;;80;46;Производственное;дезинфекция;;ХИМИТЕК ПОЛИДЕЗ®-СУПЕР;ручной (протирание);0,02 % – 0,05 % (по НУК), дозирующая система ProMax;18-20 °C;20 мин;промаркированный;1 раз в неделю;сотрудник внутреннего клининга;визуальный контроль/сотрудник отдела качества
20;Поверхности;завесы тепловые;завесы тепловые;завесы тепловые;;80;47;Производственное;мойка;;ХИМИТЕК ЧУДОДЕЙ®-КОМБИ-ПЕНАКТИВ;ручной (протирание);2,0 % – 3,0 % дозирующая система ProMax;18-20 °C;;промаркированный;1 раз в месяц;сотрудник внутреннего клининга;визуальный контроль/сотрудник отдела качества
20;Поверхности;завесы тепловые;завесы тепловые;завесы тепловые;;80;48;Производственное;дезинфекция;;ХИМИТЕК ПОЛИДЕЗ®-СУПЕР;ручной (протирание);0,02 % – 0,05 % (по НУК), дозирующая система ProMax;18-20 °C;20 мин;промаркированный;1 раз в месяц;сотрудник внутреннего клининга;визуальный контроль/сотрудник отдела качества
21;Поверхности;инсектицидные лампы;инсектицидные лампы;инсектицидные лампы;;45;49;Производственное;мойка;;ХИМИТЕК УНИВЕРСАЛ-ПД-Н;ручной (протирание);3,0 % – 4,0 %, дозирующая система ProMax;не ниже 40°C;;промаркированный;1 раз в месяц;сотрудник инженерной службы;визуальный контроль/технолог
21;Поверхности;инсектицидные лампы;инсектицидные лампы;инсектицидные лампы;;45;50;Производственное;дезинфекция;;ХИМИТЕК ПОЛИДЕЗ®-СУПЕР;ручной (протирание);0,02 % – 0,05 % (по НУК), дозирующая система ProMax;18-20 °C;20 мин;промаркированный;1 раз в месяц;сотрудник инженерной службы;визуальный контроль/технолог
22;Поверхности;кабель-каналы;кабель-каналы;кабель-каналы;;60;51;Производственное;мойка;;ХИМИТЕК ЧУДОДЕЙ®-КОМБИ-ПЕНАКТИВ;ручной (протирание, обработка щёткой);2,0 % – 3,0 % дозирующая система ProMax;18-20 °C;;промаркированный;1 раз в месяц;сотрудник внутреннего клининга;визуальный контроль/сотрудник отдела качества
22;Поверхности;кабель-каналы;кабель-каналы;кабель-каналы;;60;52;Производственное;дезинфекция;;ХИМИТЕК ПОЛИДЕЗ®-СУПЕР;ручной (протирание);0,02 % – 0,05 % (по НУК), дозирующая система ProMax;18-20 °C;20 мин;промаркированный;1 раз в месяц;сотрудник внутреннего клининга;визуальный контроль/сотрудник отдела качества
23;Поверхности;кондиционер;кондиционер;кондиционер;;50;53;Производственное;мойка;;ХИМИТЕК ЧУДОДЕЙ®-КОМБИ-ПЕНАКТИВ;ручной (протирание, обработка щёткой);2,0 % – 3,0 % дозирующая система ProMax;18-20 °C;;промаркированный;1 раз в 6 месяцев;сотрудник внутреннего клининга;визуальный контроль/сотрудник отдела качества
23;Поверхности;кондиционер;кондиционер;кондиционер;;50;54;Производственное;дезинфекция;;ХИМИТЕК ПОЛИДЕЗ®-СУПЕР;ручной (протирание);0,02 % – 0,05 % (по НУК), дозирующая система ProMax;18-20 °C;20 мин;промаркированный;1 раз в 6 месяцев;сотрудник внутреннего клининга;визуальный контроль/сотрудник отдела качества
24;Поверхности;контейнеры для отходов;контейнеры для отходов;контейнеры для отходов;;190;55;Производственное;мойка;;ХИМИТЕК ЧУДОДЕЙ®-КОМБИ-ПЕНАКТИВ;ручной (обработка щёткой);2,0 % – 3,0 % дозирующая система ProMax;18-20 °C;;промаркированный;после каждого удаления отходов;сотрудник внутреннего клининга;визуальный контроль/сотрудник отдела качества
24;Поверхности;контейнеры для отходов;контейнеры для отходов;контейнеры для отходов;;190;56;Производственное;дезинфекция;;ХИМИТЕК ПОЛИДЕЗ®-СУПЕР;ручной (протирание);0,02 % – 0,05 % (по НУК), дозирующая система ProMax;18-20 °C;20 мин;промаркированный;после каждого удаления отходов;сотрудник внутреннего клининга;визуальный контроль/сотрудник отдела качества
25;Поверхности;лестницы;лестницы;лестницы;;180;57;Производственное;мойка;;ХИМИТЕК ЧУДОДЕЙ®-КОМБИ-ПЕНАКТИВ;ручной (протирание, обработка щёткой);2,0 % – 3,0 % дозирующая система ProMax;18-20 °C;;промаркированный;1 раз в месяц;сотрудник внутреннего клининга;визуальный контроль/сотрудник отдела качества
25;Поверхности;лестницы;лестницы;лестницы;;180;58;Производственное;дезинфекция;;ХИМИТЕК ПОЛИДЕЗ®-СУПЕР;ручной (протирание);0,02 % – 0,05 % (по НУК), дозирующая система ProMax;18-20 °C;20 мин;промаркированный;1 раз в месяц;сотрудник внутреннего клининга;визуальный контроль/сотрудник отдела качества
26;Поверхности;металлоконструкции;металлоконструкции;металлоконструкции;;70;59;Производственное;мойка;;ХИМИТЕК ЧУДОДЕЙ®-КОМБИ-ПЕНАКТИВ;ручной (нанесение пены, обработка щёткой);2,0 % АВД;18-20 °C;;промаркированный;1 раз в неделю;сотрудник внутреннего клининга;визуальный контроль/сотрудник отдела качества
26;Поверхности;металлоконструкции;металлоконструкции;металлоконструкции;;70;60;Производственное;дезинфекция;;ХИМИТЕК ПОЛИДЕЗ®-СУПЕР;ручной (протирание);0,02 % – 0,05 % (по НУК), дозирующая система ProMax;18-20 °C;20 мин;промаркированный;1 раз в неделю;сотрудник внутреннего клининга;визуальный контроль/сотрудник отдела качества
27;Поверхности;мусорные корзины;мусорные корзины;мусорные корзины;;185;61;Производственное;мойка;;ХИМИТЕК ЧУДОДЕЙ®-КОМБИ-ПЕНАКТИВ;ручной (протирание, обработка щёткой);2,0 % – 3,0 % дозирующая система ProMax;18-20 °C;;промаркированный;1 раз в неделю;сотрудник внутреннего клининга;визуальный контроль/сотрудник отдела качества
27;Поверхности;мусорные корзины;мусорные корзины;мусорные корзины;;185;62;Производственное;дезинфекция;;ХИМИТЕК ПОЛИДЕЗ®-СУПЕР;ручной (протирание);0,02 % – 0,05 % (по НУК), дозирующая система ProMax;18-20 °C;20 мин;промаркированный;1 раз в неделю;сотрудник внутреннего клининга;визуальный контроль/сотрудник отдела качества
28;Поверхности;окна внешние;окна внешние;окна внешние;;55;63;Производственное;мойка;;ХИМИТЕК ЧАРОЙТ®-СПРЕЙ;ручной (протирание);готовая форма;;;промаркированный;1 раз в месяц (летний период);сотрудник внутреннего клининга;визуальный контроль/сотрудник отдела качества
28;Поверхности;окна внешние;окна внешние;окна внешние;;55;64;Производственное;дезинфекция;;ХИМИТЕК ПОЛИДЕЗ®-СУПЕР;ручной (протирание);0,02 % – 0,05 % (по НУК), дозирующая система ProMax;18-20 °C;20 мин;промаркированный;1 раз в месяц (летний период);сотрудник внутреннего клининга;визуальный контроль/сотрудник отдела качества
29;Поверхности;окна внутрицеховые;окна внутрицеховые;окна внутрицеховые;;55;65;Производственное;мойка;;ХИМИТЕК ЧАРОЙТ®-СПРЕЙ;ручной (протирание);готовая форма;;;промаркированный;1 раз в месяц (летний период);сотрудник внутреннего клининга;визуальный контроль/сотрудник отдела качества
29;Поверхности;окна внутрицеховые;окна внутрицеховые;окна внутрицеховые;;55;66;Производственное;дезинфекция;;ХИМИТЕК ПОЛИДЕЗ®-СУПЕР;ручной (протирание);0,02 % – 0,05 % (по НУК), дозирующая система ProMax;18-20 °C;20 мин;промаркированный;1 раз в месяц (летний период);сотрудник внутреннего клининга;визуальный контроль/сотрудник отдела качества
30;Поверхности;отопительные приборы;отопительные приборы;отопительные приборы;;70;67;Производственное;мойка;;ХИМИТЕК УНИВЕРСАЛ-ПД-Н;ручной (протирание, обработка щёткой);3,0 % – 4,0 %, дозирующая система ProMax;не ниже 40°C;;промаркированный;1 раз в 6 месяцев;сотрудник внутреннего клининга;визуальный контроль/сотрудник отдела качества
30;Поверхности;отопительные приборы;отопительные приборы;отопительные приборы;;70;68;Производственное;дезинфекция;;ХИМИТЕК ПОЛИДЕЗ®-СУПЕР;ручной (протирание);0,02 % – 0,05 % (по НУК), дозирующая система ProMax;18-20 °C;20 мин;промаркированный;1 раз в 6 месяцев;сотрудник внутреннего клининга;визуальный контроль/сотрудник отдела качества
31;Поверхности;пластиковые паллеты;пластиковые паллеты;пластиковые паллеты;;175;69;Производственное;мойка;;ХИМИТЕК ЧУДОДЕЙ®-КОМБИ-ПЕНАКТИВ;ручной (нанесение пены, обработка щёткой);2,0 % АВД;18-20 °C;;промаркированный;по мере освобождения;сотрудник внутреннего клининга;визуальный контроль/сотрудник отдела качества
31;Поверхности;пластиковые паллеты;пластиковые паллеты;пластиковые паллеты;;175;70;Производственное;дезинфекция;;ХИМИТЕК ПОЛИДЕЗ®-СУПЕР;ручной (протирание);0,02 % – 0,05 % (по НУК), дозирующая система ProMax;18-20 °C;20 мин;промаркированный;по мере освобождения;сотрудник внутреннего клининга;визуальный контроль/сотрудник отдела качества
32;Поверхности;пластиковые подкаты;пластиковые подкаты;пластиковые подкаты;;175;71;Производственное;мойка;;ХИМИТЕК ЧУДОДЕЙ®-КОМБИ-ПЕНАКТИВ;ручной (нанесение пены, обработка щёткой);2,0 % АВД;18-20 °C;;промаркированный;1 раз в неделю;сотрудник внутреннего клининга;визуальный контроль/сотрудник отдела качества
32;Поверхности;пластиковые подкаты;пластиковые подкаты;пластиковые подкаты;;175;72;Производственное;дезинфекция;;ХИМИТЕК ПОЛИДЕЗ®-СУПЕР;ручной (протирание);0,02 % – 0,05 % (по НУК), дозирующая система ProMax;18-20 °C;20 мин;промаркированный;1 раз в неделю;сотрудник внутреннего клининга;визуальный контроль/сотрудник отдела качества
33;Поверхности;погрузчики;погрузчики;погрузчики;;180;73;Производственное;мойка;;ХИМИТЕК ЧУДОДЕЙ®-КОМБИ-ПЕНАКТИВ;ручной (нанесение пены, обработка щёткой);2,0 % АВД;18-20 °C;;промаркированный;1 раз в неделю;сотрудник внутреннего клининга;визуальный контроль/сотрудник отдела качества
33;Поверхности;погрузчики;погрузчики;погрузчики;;180;74;Производственное;дезинфекция;;ХИМИТЕК ПОЛИДЕЗ®-СУПЕР;ручной (протирание);0,02 % – 0,05 % (по НУК), дозирующая система ProMax;18-20 °C;20 мин;промаркированный;1 раз в неделю;сотрудник внутреннего клининга;визуальный контроль/сотрудник отдела качества
34;Поверхности;пожарный щит;пожарный щит;пожарный щит;;70;75;Производственное;мойка;;ХИМИТЕК ЧУДОДЕЙ®-КОМБИ-ПЕНАКТИВ;ручной (нанесение пены, обработка щёткой);2,0 % АВД;18-20 °C;;промаркированный;1 раз в неделю;сотрудник внутреннего клининга;визуальный контроль/сотрудник отдела качества
34;Поверхности;пожарный щит;пожарный щит;пожарный щит;;70;76;Производственное;дезинфекция;;ХИМИТЕК ПОЛИДЕЗ®-СУПЕР;ручной (протирание);0,02 % – 0,05 % (по НУК), дозирующая система ProMax;18-20 °C;20 мин;промаркированный;1 раз в неделю;сотрудник внутреннего клининга;визуальный контроль/сотрудник отдела качества
1;Поверхности;пол;пол;пол;;200;1;Производственное;мойка;;ХИМИТЕК ПОЛИКОР®;ручной (обработка щёткой);10% (ручное разведение);не ниже 40 °C;;промаркированный;2 раза в смену;сотрудник внутреннего клининга;визуальный контроль/сотрудник отдела качества
1;Поверхности;пол;пол;пол;;200;2;Производственное;дезинфекция;;ХИМИТЕК ПОЛИДЕЗ®-СУПЕР;ручной (протирание);0,02 % – 0,05 % (по НУК), дозирующая система ProMax;18-20 °C;20 мин;промаркированный;2 раза в смену;сотрудник внутреннего клининга;визуальный контроль/сотрудник отдела качества
1;Поверхности;пол;пол;пол;;200;3;Производственное;мойка;;ХИМИТЕК ПОЛИКОР®;ручной (обработка щёткой);10% (ручное разведение);не ниже 40 °C;;промаркированный;1 раз в смену;сотрудник склада;визуальный контроль/сотрудник отдела качества
1;Поверхности;пол;пол;пол;;200;4;Производственное;дезинфекция;;ХИМИТЕК ПОЛИДЕЗ®-СУПЕР;ручной (протирание);0,02 % – 0,05 % (по НУК), дозирующая система ProMax;18-20 °C;20 мин;промаркированный;1 раз в смену;сотрудник склада;визуальный контроль/сотрудник отдела качества
1;Поверхности;пол;пол;пол;;200;5;Производственное;мойка;;ХИМИТЕК ПОЛИКОР®;ручной (обработка щёткой);10% (ручное разведение);не ниже 40 °C;;промаркированный;1 раз в неделю;сотрудник инженерной службы;визуальный контроль/сотрудник отдела качества
1;Поверхности;пол;пол;пол;;200;6;Производственное;дезинфекция;;ХИМИТЕК ПОЛИДЕЗ®-СУПЕР;ручной (протирание);0,02 % – 0,05 % (по НУК), дозирующая система ProMax;18-20 °C;20 мин;промаркированный;1 раз в неделю;сотрудник инженерной службы;визуальный контроль/сотрудник отдела качества
1;Поверхности;пол;пол;пол;;200;7;Производственное;мойка;;ХИМИТЕК ПОЛИКОР®;ручной (обработка щёткой);10% (ручное разведение);не ниже 40 °C;;промаркированный;1 раз в неделю;сотрудник инженерной службы;визуальный контроль/сотрудник отдела качества
1;Поверхности;пол;пол;пол;;200;8;Производственное;дезинфекция;;ХИМИТЕК ПОЛИДЕЗ®-СУПЕР;ручной (протирание);0,02 % – 0,05 % (по НУК), дозирующая система ProMax;18-20 °C;20 мин;промаркированный;1 раз в неделю;сотрудник инженерной службы;визуальный контроль/сотрудник отдела качества
1;Поверхности;пол;пол;пол;;200;9;Производственное;мойка;;ХИМИТЕК ПОЛИКОР®;ручной (обработка щёткой);10% (ручное разведение);не ниже 40 °C;;промаркированный;2 раза в смену;сотрудник внутреннего клининга;визуальный контроль/сотрудник отдела качества
1;Поверхности;пол;пол;пол;;200;10;Производственное;дезинфекция;;ХИМИТЕК ПОЛИДЕЗ®-СУПЕР;ручной (протирание);0,02 % – 0,05 % (по НУК), дозирующая система ProMax;18-20 °C;20 мин;промаркированный;2 раза в смену;сотрудник внутреннего клининга;визуальный контроль/сотрудник отдела качества
35;Поверхности;потолок () ок;потолок окрашенный;потолок (высота _____м);ОК;10;77;Производственное;мойка;;ХИМИТЕК УНИВЕРСАЛ-ПД-Н;ручной (протирание, обработка щёткой);3,0 % – 4,0 %, дозирующая система ProMax;не ниже 40°C;;промаркированный;1 раз в 12 месяцев;сотрудник внутреннего клининга;визуальный контроль/сотрудник отдела качества
35;Поверхности;потолок () ок;потолок окрашенный;потолок (высота _____м);ОК;10;78;Производственное;дезинфекция;;ХИМИТЕК ПОЛИДЕЗ®-СУПЕР;ручной (протирание);0,02 % – 0,05 % (по НУК), дозирующая система ProMax;18-20 °C;20 мин;промаркированный;1 раз в 12 месяцев;сотрудник внутреннего клининга;визуальный контроль/сотрудник отдела качества
36;Поверхности;потолок () п;потолок подвесной;потолок (высота _____м);П;10;79;Производственное;мойка;;ХИМИТЕК УНИВЕРСАЛ-ПД-Н;ручной (протирание, обработка щёткой);3,0 % – 4,0 %, дозирующая система ProMax;не ниже 40°C;;промаркированный;1 раз в 12 месяцев;сотрудник внутреннего клининга;визуальный контроль/сотрудник отдела качества
36;Поверхности;потолок () п;потолок подвесной;потолок (высота _____м);П;10;80;Производственное;дезинфекция;;ХИМИТЕК ПОЛИДЕЗ®-СУПЕР;ручной (протирание);0,02 % – 0,05 % (по НУК), дозирующая система ProMax;18-20 °C;20 мин;промаркированный;1 раз в 12 месяцев;сотрудник внутреннего клининга;визуальный контроль/сотрудник отдела качества
37;Поверхности;резиновые коврики;резиновые коврики;резиновые коврики;;190;81;Производственное;мойка;;ХИМИТЕК ЧУДОДЕЙ®-КОМБИ-ПЕНАКТИВ;ручной (протирание, обработка щёткой);2,0 % – 3,0 % дозирующая система ProMax;18-20 °C;;промаркированный;1 раз в месяц;сотрудник внутреннего клининга;визуальный контроль/сотрудник отдела качества
37;Поверхности;резиновые коврики;резиновые коврики;резиновые коврики;;190;82;Производственное;дезинфекция;;ХИМИТЕК ПОЛИДЕЗ®-СУПЕР;ручной (протирание);0,02 % – 0,05 % (по НУК), дозирующая система ProMax;18-20 °C;20 мин;промаркированный;1 раз в месяц;сотрудник внутреннего клининга;визуальный контроль/сотрудник отдела качества
38;Поверхности;розетки;розетки;розетки;;65;83;Производственное;мойка;;ХИМИТЕК ЧУДОДЕЙ®-КОМБИ-ПЕНАКТИВ;ручной (протирание, обработка щёткой);2,0 % – 3,0 % дозирующая система ProMax;18-20 °C;;промаркированный;1 раз в месяц;сотрудник внутреннего клининга;визуальный контроль/сотрудник отдела качества
38;Поверхности;розетки;розетки;розетки;;65;84;Производственное;дезинфекция;;ХИМИТЕК ПОЛИДЕЗ®-СУПЕР;ручной (протирание);0,02 % – 0,05 % (по НУК), дозирующая система ProMax;18-20 °C;20 мин;промаркированный;1 раз в месяц;сотрудник внутреннего клининга;визуальный контроль/сотрудник отдела качества
39;Поверхности;светильники;светильники;светильники;;20;85;Производственное;мойка;;ХИМИТЕК ЧУДОДЕЙ®-КОМБИ-ПЕНАКТИВ;ручной (протирание, обработка щёткой);2,0 % – 3,0 % дозирующая система ProMax;18-20 °C;;промаркированный;1 раз в 3 месяца;сотрудник внутреннего клининга;визуальный контроль/сотрудник отдела качества
39;Поверхности;светильники;светильники;светильники;;20;86;Производственное;дезинфекция;;ХИМИТЕК ПОЛИДЕЗ®-СУПЕР;ручной (протирание);0,02 % – 0,05 % (по НУК), дозирующая система ProMax;18-20 °C;20 мин;промаркированный;1 раз в 6 месяцев;сотрудник внутреннего клининга;визуальный контроль/сотрудник отдела качества
40;Поверхности;сплит-системы;сплит-системы;сплит-системы;;50;87;Производственное;мойка;;ХИМИТЕК ЧУДОДЕЙ®-КОМБИ-ПЕНАКТИВ;ручной (протирание, обработка щёткой);2,0 % – 3,0 % дозирующая система ProMax;18-20 °C;;промаркированный;1 раз в 6 месяцев;сотрудник внутреннего клининга;визуальный контроль/сотрудник отдела качества
40;Поверхности;сплит-системы;сплит-системы;сплит-системы;;50;88;Производственное;дезинфекция;;ХИМИТЕК ПОЛИДЕЗ®-СУПЕР;ручной (протирание);0,02 % – 0,05 % (по НУК), дозирующая система ProMax;18-20 °C;20 мин;промаркированный;1 раз в 6 месяцев;сотрудник внутреннего клининга;визуальный контроль/сотрудник отдела качества
41;Поверхности;стены (выше 2 м);стены (выше 2 м);стены (выше 2 м);;30;89;Производственное;мойка;;ХИМИТЕК ЧУДОДЕЙ®-КОМБИ-ПЕНАКТИВ;ручной (протирание, обработка щёткой);2,0 % – 3,0 % дозирующая система ProMax;18-20 °C;;промаркированный;1 раз в 3 месяца;сотрудник внутреннего клининга;визуальный контроль/сотрудник отдела качества
41;Поверхности;стены (выше 2 м);стены (выше 2 м);стены (выше 2 м);;30;90;Производственное;дезинфекция;;ХИМИТЕК ПОЛИДЕЗ®-СУПЕР;ручной (протирание);0,02 % – 0,05 % (по НУК), дозирующая система ProMax;18-20 °C;20 мин;промаркированный;1 раз в 6 месяцев;сотрудник внутреннего клининга;визуальный контроль/сотрудник отдела качества
42;Поверхности;стены (до 2 м);стены (до 2 м);стены (до 2 м);;40;91;Производственное;мойка;;ХИМИТЕК УНИВЕРСАЛ-ПД-Н;ручной (протирание, обработка щёткой);3,0 % – 4,0 %, дозирующая система ProMax;не ниже 40°C;;промаркированный;1 раз в неделю;сотрудник внутреннего клининга;визуальный контроль/сотрудник отдела качества
42;Поверхности;стены (до 2 м);стены (до 2 м);стены (до 2 м);;40;92;Производственное;дезинфекция;;ХИМИТЕК ПОЛИДЕЗ®-СУПЕР;ручной (протирание);0,02 % – 0,05 % (по НУК), дозирующая система ProMax;18-20 °C;20 мин;промаркированный;1 раз в неделю;сотрудник внутреннего клининга;визуальный контроль/сотрудник отдела качества
43;Поверхности;стерилизатор;стерилизатор;стерилизатор;;70;93;Производственное;мойка;;ХИМИТЕК ЧУДОДЕЙ®-КОМБИ-ПЕНАКТИВ;ручной (протирание);2,0 % – 3,0 % дозирующая система ProMax;18-20 °C;;промаркированный;1 раз в месяц;сотрудник внутреннего клининга;визуальный контроль/сотрудник отдела качества
43;Поверхности;стерилизатор;стерилизатор;стерилизатор;;70;94;Производственное;дезинфекция;;ХИМИТЕК ПОЛИДЕЗ®-СУПЕР;ручной (протирание);0,02 % – 0,05 % (по НУК), дозирующая система ProMax;18-20 °C;20 мин;промаркированный;1 раз в месяц;сотрудник внутреннего клининга;визуальный контроль/сотрудник отдела качества
44;Поверхности;стоки;стоки;стоки;;195;95;Производственное;мойка;;ХИМИТЕК ЧУДОДЕЙ®-КОМБИ-ПЕНАКТИВ;ручной, обработка щёткой;2,0 % – 3,0 % дозирующая система ProMax;18-20 °C;;промаркированный;1 раз в смену;сотрудник внутреннего клининга;визуальный контроль/сотрудник отдела качества
44;Поверхности;стоки;стоки;стоки;;195;96;Производственное;дезинфекция;;ХИМИТЕК ПОЛИДЕЗ®-СУПЕР;ручной (протирание);0,02 % – 0,05 % (по НУК), дозирующая система ProMax;18-20 °C;20 мин;промаркированный;1 раз в смену;сотрудник внутреннего клининга;визуальный контроль/сотрудник отдела качества
45;Поверхности;трапы;трапы;трапы;;195;97;Производственное;мойка;;ХИМИТЕК ЧУДОДЕЙ®-КОМБИ-ПЕНАКТИВ;ручной, обработка щёткой;2,0 % – 3,0 % дозирующая система ProMax;18-20 °C;;промаркированный;1 раз в смену;сотрудник внутреннего клининга;визуальный контроль/сотрудник отдела качества
45;Поверхности;трапы;трапы;трапы;;195;98;Производственное;дезинфекция;;ХИМИТЕК ПОЛИДЕЗ®-СУПЕР;ручной (протирание);0,02 % – 0,05 % (по НУК), дозирующая система ProMax;18-20 °C;20 мин;промаркированный;1 раз в смену;сотрудник внутреннего клининга;визуальный контроль/сотрудник отдела качества
46;Поверхности;часы;часы;часы;;80;99;Производственное;мойка;;ХИМИТЕК ЧУДОДЕЙ®-КОМБИ-ПЕНАКТИВ;ручной (протирание, обработка щёткой);2,0 % – 3,0 % дозирующая система ProMax;18-20 °C;;промаркированный;1 раз в 6 месяцев;сотрудник внутреннего клининга;визуальный контроль/сотрудник отдела качества
46;Поверхности;часы;часы;часы;;80;100;Производственное;дезинфекция;;ХИМИТЕК ПОЛИДЕЗ®-СУПЕР;ручной (протирание);0,02 % – 0,05 % (по НУК), дозирующая система ProMax;18-20 °C;20 мин;промаркированный;1 раз в 6 месяцев;сотрудник внутреннего клининга;визуальный контроль/сотрудник отдела качества
47;Поверхности;штабелёры;штабелёр;штабелёр;;180;101;Производственное;мойка;;ХИМИТЕК ЧУДОДЕЙ®-КОМБИ-ПЕНАКТИВ;ручной (протирание, обработка щёткой);2,0 % – 3,0 % дозирующая система ProMax;18-20 °C;;промаркированный;1 раз в смену;сотрудник внутреннего клининга;визуальный контроль/сотрудник отдела качества
47;Поверхности;штабелёры;штабелёр;штабелёр;;180;102;Производственное;дезинфекция;;ХИМИТЕК ПОЛИДЕЗ®-СУПЕР;ручной (протирание);0,02 % – 0,05 % (по НУК), дозирующая система ProMax;18-20 °C;20 мин;промаркированный;1 раз в смену;сотрудник внутреннего клининга;визуальный контроль/сотрудник отдела качества
48;Поверхности;электрощиты;электрощит;электрощит;;70;103;Производственное;мойка;;ХИМИТЕК ЧУДОДЕЙ®-КОМБИ-ПЕНАКТИВ;ручной (нанесение пены, обработка щёткой);2,0 % АВД;18-20 °C;;промаркированный;1 раз в неделю;сотрудник внутреннего клининга;визуальный контроль/сотрудник отдела качества
48;Поверхности;электрощиты;электрощит;электрощит;;70;104;Производственное;дезинфекция;;ХИМИТЕК ПОЛИДЕЗ®-СУПЕР;ручной (протирание);0,02 % – 0,05 % (по НУК), дозирующая система ProMax;18-20 °C;20 мин;промаркированный;1 раз в неделю;сотрудник внутреннего клининга;визуальный контроль/сотрудник отдела качества
49;Поверхности;ёлки для колец;ёлки для колец;ёлки для колец;;170;105;Производственное;мойка;;ХИМИТЕК ЧУДОДЕЙ®-КОМБИ-ПЕНАКТИВ;ручной (протирание, обработка щёткой);2,0 % – 3,0 % дозирующая система ProMax;18-20 °C;;промаркированный;1 раз в смену;сотрудник внутреннего клининга;визуальный контроль/сотрудник отдела качества
49;Поверхности;ёлки для колец;ёлки для колец;ёлки для колец;;170;106;Производственное;дезинфекция;;ХИМИТЕК ПОЛИДЕЗ®-СУПЕР;ручной (протирание);0,02 % – 0,05 % (по НУК), дозирующая система ProMax;18-20 °C;20 мин;промаркированный;1 раз в смену;сотрудник внутреннего клининга;визуальный контроль/сотрудник отдела качества
200;Сантехническое оборудование;диспенсердозатор;Диспенсер / дозатор для спецжидкостей;;;100;;Производственное;;;;;;;;;;;
50;Сантехническое оборудование;душевая кабина;душевая кабина;душевая кабина;;100;107;Производственное;мойка;;ХИМИТЕК УНИВЕРСАЛ-ПД-Н;ручной (протирание, обработка щёткой);3,0 % – 4,0 %, дозирующая система ProMax;не ниже 40°C;;промаркированный;1 раз в неделю;сотрудник внутреннего клининга;визуальный контроль/сотрудник отдела качества
50;Сантехническое оборудование;душевая кабина;душевая кабина;душевая кабина;;100;108;Производственное;дезинфекция;;ХИМИТЕК ПОЛИДЕЗ®-СУПЕР;ручной (протирание);0,02 % – 0,05 % (по НУК), дозирующая система ProMax;18-20 °C;20 мин;промаркированный;1 раз в неделю;сотрудник внутреннего клининга;визуальный контроль/сотрудник отдела качества
51;Сантехническое оборудование;душевые секции;душевые секции;душевые секции;;100;109;Производственное;мойка;;ХИМИТЕК ПОЛИКОР®;ручной, обработка щёткой;100% (используется без разведения);;;промаркированный;по мере необходимости;сотрудник внутреннего клининга;визуальный контроль/сотрудник отдела качества
51;Сантехническое оборудование;душевые секции;душевые секции;душевые секции;;100;110;Производственное;дезинфекция;;ХИМИТЕК ПОЛИДЕЗ®-СУПЕР;ручной (протирание);0,02 % – 0,05 % (по НУК), дозирующая система ProMax;18-20 °C;20 мин;промаркированный;2 раза в смену;сотрудник внутреннего клининга;визуальный контроль/сотрудник отдела качества
52;Сантехническое оборудование;писсуар;писсуар;писсуар;;90;111;Производственное;мойка;;ХИМИТЕК ПОЛИКОР®;ручной, обработка щёткой;100% (используется без разведения);;;промаркированный;по мере необходимости;сотрудник внутреннего клининга;визуальный контроль/сотрудник отдела качества
52;Сантехническое оборудование;писсуар;писсуар;писсуар;;90;112;Производственное;дезинфекция;;ХИМИТЕК ПОЛИДЕЗ®-СУПЕР;ручной (протирание);0,02 % – 0,05 % (по НУК), дозирующая система ProMax;18-20 °C;20 мин;промаркированный;2 раза в смену;сотрудник внутреннего клининга;визуальный контроль/сотрудник отдела качества
53;Сантехническое оборудование;раковина;раковина;раковина;;90;113;Производственное;мойка;;ХИМИТЕК ПОЛИКОР®;ручной, обработка щёткой;100% (используется без разведения);;;промаркированный;по мере необходимости;сотрудник внутреннего клининга;визуальный контроль/сотрудник отдела качества
53;Сантехническое оборудование;раковина;раковина;раковина;;90;114;Производственное;дезинфекция;;ХИМИТЕК ПОЛИДЕЗ®-СУПЕР;ручной (протирание);0,02 % – 0,05 % (по НУК), дозирующая система ProMax;18-20 °C;20 мин;промаркированный;2 раза в смену;сотрудник внутреннего клининга;визуальный контроль/сотрудник отдела качества
54;Сантехническое оборудование;смеситель;смеситель;смеситель;;90;115;Производственное;мойка;;ХИМИТЕК ЧУДОДЕЙ®-КОМБИ-ПЕНАКТИВ;ручной (протирание, обработка щёткой);2,0 % – 3,0 % дозирующая система ProMax;18-20 °C;;промаркированный;1 раз в смену;сотрудник внутреннего клининга;визуальный контроль/сотрудник отдела качества
54;Сантехническое оборудование;смеситель;смеситель;смеситель;;90;116;Производственное;дезинфекция;;ХИМИТЕК ПОЛИДЕЗ®-СУПЕР;ручной (протирание);0,02 % – 0,05 % (по НУК), дозирующая система ProMax;18-20 °C;20 мин;промаркированный;1 раз в смену;сотрудник внутреннего клининга;визуальный контроль/сотрудник отдела качества
55;Сантехническое оборудование;технологическая мойка;технологическая мойка;технологическая мойка;;100;117;Производственное;мойка;;ХИМИТЕК ЧУДОДЕЙ®-КОМБИ-ПЕНАКТИВ;ручной (протирание, обработка щёткой);2,0 % – 3,0 % дозирующая система ProMax;18-20 °C;;промаркированный;1 раз в смену;сотрудник внутреннего клининга;визуальный контроль/сотрудник отдела качества
55;Сантехническое оборудование;технологическая мойка;технологическая мойка;технологическая мойка;;100;118;Производственное;дезинфекция;;ХИМИТЕК ПОЛИДЕЗ®-СУПЕР;ручной (протирание);0,02 % – 0,05 % (по НУК), дозирующая система ProMax;18-20 °C;20 мин;промаркированный;1 раз в смену;сотрудник внутреннего клининга;визуальный контроль/сотрудник отдела качества
56;Сантехническое оборудование;унитаз;унитаз;унитаз;;90;119;Производственное;мойка;;ХИМИТЕК ПОЛИКОР®;ручной, обработка щёткой;100% (используется без разведения);;;промаркированный;по мере необходимости;сотрудник внутреннего клининга;визуальный контроль/сотрудник отдела качества
56;Сантехническое оборудование;унитаз;унитаз;унитаз;;90;120;Производственное;дезинфекция;;ХИМИТЕК ПОЛИДЕЗ®-СУПЕР;ручной (протирание);0,02 % – 0,05 % (по НУК), дозирующая система ProMax;18-20 °C;20 мин;промаркированный;2 раза в смену;сотрудник внутреннего клининга;визуальный контроль/сотрудник отдела качества
57;Санитарный пост;бак для грязной одежды;бак для грязной одежды;бак для грязной одежды;;110;121;Производственное;мойка;;ХИМИТЕК ЧУДОДЕЙ®-КОМБИ-ПЕНАКТИВ;ручной (протирание, обработка щёткой);2,0 % – 3,0 % дозирующая система ProMax;18-20 °C;;промаркированный;1 раз в смену;сотрудник внутреннего клининга;визуальный контроль/сотрудник отдела качества
57;Санитарный пост;бак для грязной одежды;бак для грязной одежды;бак для грязной одежды;;110;122;Производственное;дезинфекция;;ХИМИТЕК ПОЛИДЕЗ®-СУПЕР;ручной (протирание);0,02 % – 0,05 % (по НУК), дозирующая система ProMax;18-20 °C;20 мин;промаркированный;1 раз в смену;сотрудник внутреннего клининга;визуальный контроль/сотрудник отдела качества
58;Санитарный пост;дезинфицирующие маты;дезинфицирующие маты;дезинфицирующие маты;;120;123;Производственное;мойка;;ХИМИТЕК ЧУДОДЕЙ®-КОМБИ-ПЕНАКТИВ;ручной (протирание, обработка щёткой);2,0 % – 3,0 % дозирующая система ProMax;18-20 °C;;промаркированный;1 раз в смену;сотрудник внутреннего клининга;визуальный контроль/сотрудник отдела качества
58;Санитарный пост;дезинфицирующие маты;дезинфицирующие маты;дезинфицирующие маты;;120;124;Производственное;дезинфекция;;ХИМИТЕК ПОЛИДЕЗ®-СУПЕР;ручной (протирание);0,02 % – 0,05 % (по НУК), дозирующая система ProMax;18-20 °C;20 мин;промаркированный;1 раз в смену;сотрудник внутреннего клининга;визуальный контроль/сотрудник отдела качества
59;Санитарный пост;диспенсер для тб;диспенсер для тулетной бумаги;диспенсер для тулетной бумаги;;110;125;Производственное;мойка;;ХИМИТЕК УНИВЕРСАЛ-ПД-Н;ручной (протирание, обработка щёткой);3,0 % – 4,0 %, дозирующая система ProMax;не ниже 40°C;;промаркированный;1 раз в неделю;сотрудник внутреннего клининга;визуальный контроль/сотрудник отдела качества
59;Санитарный пост;диспенсер для тб;диспенсер для тулетной бумаги;диспенсер для тулетной бумаги;;110;126;Производственное;дезинфекция;;ХИМИТЕК ПОЛИДЕЗ®-СУПЕР;ручной (протирание);0,02 % – 0,05 % (по НУК), дозирующая система ProMax;18-20 °C;20 мин;промаркированный;1 раз в неделю;сотрудник внутреннего клининга;визуальный контроль/сотрудник отдела качества
60;Санитарный пост;диспенсердержатель для полотенец;диспенсер/держатель для полотенец;диспенсер для полотенец;;110;127;Производственное;мойка;;ХИМИТЕК ЧУДОДЕЙ®-КОМБИ-ПЕНАКТИВ;ручной (протирание, обработка щёткой);2,0 % – 3,0 % дозирующая система ProMax;18-20 °C;;промаркированный;1 раз в неделю;сотрудник внутреннего клининга;визуальный контроль/сотрудник отдела качества
60;Санитарный пост;диспенсердержатель для полотенец;диспенсер/держатель для полотенец;диспенсер для полотенец;;110;128;Производственное;дезинфекция;;ХИМИТЕК ПОЛИДЕЗ®-СУПЕР;ручной (протирание);0,02 % – 0,05 % (по НУК), дозирующая система ProMax;18-20 °C;20 мин;промаркированный;1 раз в неделю;сотрудник внутреннего клининга;визуальный контроль/сотрудник отдела качества
61;Санитарный пост;дозаторы для мылаантисептика;дозаторы для мыла и антисептика;дозаторы для мыла и антисептика;;110;129;Производственное;мойка;;ХИМИТЕК ЧУДОДЕЙ®-КОМБИ-ПЕНАКТИВ;ручной (протирание);2,0 % – 3,0 % дозирующая система ProMax;18-20 °C;;промаркированный;при замене продукта;сотрудник внутреннего клининга;визуальный контроль/сотрудник отдела качества
61;Санитарный пост;дозаторы для мылаантисептика;дозаторы для мыла и антисептика;дозаторы для мыла и антисептика;;110;130;Производственное;дезинфекция;;ХИМИТЕК ПОЛИДЕЗ®-СУПЕР;ручной (протирание);0,02 % – 0,05 % (по НУК), дозирующая система ProMax;18-20 °C;20 мин;промаркированный;при замене продукта;сотрудник внутреннего клининга;визуальный контроль/сотрудник отдела качества
62;Санитарный пост;корзиныдиспенсеры для сиз;корзины/диспенсеры для СИЗ;корзины/диспенсеры для СИЗ;;110;131;Производственное;мойка;;ХИМИТЕК ЧУДОДЕЙ®-КОМБИ-ПЕНАКТИВ;ручной (протирание);2,0 % – 3,0 % дозирующая система ProMax;18-20 °C;;промаркированный;при замене продукта;сотрудник внутреннего клининга;визуальный контроль/сотрудник отдела качества
62;Санитарный пост;корзиныдиспенсеры для сиз;корзины/диспенсеры для СИЗ;корзины/диспенсеры для СИЗ;;110;132;Производственное;дезинфекция;;ХИМИТЕК ПОЛИДЕЗ®-СУПЕР;ручной (протирание);0,02 % – 0,05 % (по НУК), дозирующая система ProMax;18-20 °C;20 мин;промаркированный;при замене продукта;сотрудник внутреннего клининга;визуальный контроль/сотрудник отдела качества
63;Санитарный пост;модульный санпропускник;модульный санпропускник;модульный санпропускник;;120;133;Производственное;мойка;;ХИМИТЕК ЧУДОДЕЙ®-КОМБИ-ПЕНАКТИВ;ручной (протирание);2,0 % – 3,0 % дозирующая система ProMax;18-20 °C;;промаркированный;при замене продукта;сотрудник внутреннего клининга;визуальный контроль/сотрудник отдела качества
63;Санитарный пост;модульный санпропускник;модульный санпропускник;модульный санпропускник;;120;134;Производственное;дезинфекция;;ХИМИТЕК ПОЛИДЕЗ®-СУПЕР;ручной (протирание);0,02 % – 0,05 % (по НУК), дозирующая система ProMax;18-20 °C;20 мин;промаркированный;при замене продукта;сотрудник внутреннего клининга;визуальный контроль/сотрудник отдела качества
64;Санитарный пост;санитарный пост;санитарный пост;санитарный пост;;110;135;Производственное;мойка;;ХИМИТЕК ЧУДОДЕЙ®-КОМБИ-ПЕНАКТИВ;ручной (протирание, обработка щёткой);2,0 % – 3,0 % дозирующая система ProMax;18-20 °C;;промаркированный;1 раз в смену;сотрудник внутреннего клининга;визуальный контроль/сотрудник отдела качества
64;Санитарный пост;санитарный пост;санитарный пост;санитарный пост;;110;136;Производственное;дезинфекция;;ХИМИТЕК ПОЛИДЕЗ®-СУПЕР;ручной (протирание);0,02 % – 0,05 % (по НУК), дозирующая система ProMax;18-20 °C;20 мин;промаркированный;1 раз в смену;сотрудник внутреннего клининга;визуальный контроль/сотрудник отдела качества
65;Санитарный пост;сушилка для рук;сушилка для рук;сушилка для рук;;110;137;Производственное;мойка;;ХИМИТЕК УНИВЕРСАЛ-ПД-Н;ручной (протирание, обработка щёткой);3,0 % – 4,0 %, дозирующая система ProMax;не ниже 40°C;;промаркированный;1 раз в неделю;сотрудник внутреннего клининга;визуальный контроль/сотрудник отдела качества
65;Санитарный пост;сушилка для рук;сушилка для рук;сушилка для рук;;110;138;Производственное;дезинфекция;;ХИМИТЕК ПОЛИДЕЗ®-СУПЕР;ручной (протирание);0,02 % – 0,05 % (по НУК), дозирующая система ProMax;18-20 °C;20 мин;промаркированный;1 раз в неделю;сотрудник внутреннего клининга;визуальный контроль/сотрудник отдела качества
66;Мебель;вешалки;вешалки;вешалки;;130;139;Производственное;мойка;;ХИМИТЕК УНИВЕРСАЛ-ПД-Н;ручной (протирание, обработка щёткой);3,0 % – 4,0 %, дозирующая система ProMax;не ниже 40°C;;промаркированный;1 раз в неделю;сотрудник внутреннего клининга;визуальный контроль/сотрудник отдела качества
66;Мебель;вешалки;вешалки;вешалки;;130;140;Производственное;дезинфекция;;ХИМИТЕК ПОЛИДЕЗ®-СУПЕР;ручной (протирание);0,02 % – 0,05 % (по НУК), дозирующая система ProMax;18-20 °C;20 мин;промаркированный;1 раз в неделю;сотрудник внутреннего клининга;визуальный контроль/сотрудник отдела качества
67;Мебель;зеркала;зеркала;зеркала;;130;141;Производственное;мойка;;ХИМИТЕК ЧАРОЙТ®-СПРЕЙ;ручной (протирание);готовая форма;;;промаркированный;1 раз в неделю;сотрудник внутреннего клининга;визуальный контроль/сотрудник отдела качества
67;Мебель;зеркала;зеркала;зеркала;;130;142;Производственное;дезинфекция;;ХИМИТЕК ПОЛИДЕЗ®-СУПЕР;ручной (протирание);0,02 % – 0,05 % (по НУК), дозирующая система ProMax;18-20 °C;20 мин;промаркированный;1 раз в неделю;сотрудник внутреннего клининга;визуальный контроль/сотрудник отдела качества
68;Мебель;обувницы;обувницы;обувницы;;130;143;Производственное;мойка;;ХИМИТЕК УНИВЕРСАЛ-ПД-Н;ручной (протирание, обработка щёткой);3,0 % – 4,0 %, дозирующая система ProMax;не ниже 40°C;;промаркированный;1 раз в неделю;сотрудник внутреннего клининга;визуальный контроль/сотрудник отдела качества
68;Мебель;обувницы;обувницы;обувницы;;130;144;Производственное;дезинфекция;;ХИМИТЕК ПОЛИДЕЗ®-СУПЕР;ручной (протирание);0,02 % – 0,05 % (по НУК), дозирующая система ProMax;18-20 °C;20 мин;промаркированный;1 раз в неделю;сотрудник внутреннего клининга;визуальный контроль/сотрудник отдела качества
69;Мебель;полки;полки;полки;;130;145;Производственное;мойка;;ХИМИТЕК ЧУДОДЕЙ®-КОМБИ-ПЕНАКТИВ;ручной (протирание, обработка щёткой);2,0 % – 3,0 % дозирующая система ProMax;18-20 °C;;промаркированный;1 раз в месяц;сотрудник внутреннего клининга;визуальный контроль/сотрудник отдела качества
69;Мебель;полки;полки;полки;;130;146;Производственное;дезинфекция;;ХИМИТЕК ПОЛИДЕЗ®-СУПЕР;ручной (протирание);0,02 % – 0,05 % (по НУК), дозирующая система ProMax;18-20 °C;20 мин;промаркированный;1 раз в месяц;сотрудник внутреннего клининга;визуальный контроль/сотрудник отдела качества
70;Мебель;скамейки;скамейки;скамейки;;130;147;Производственное;мойка;;ХИМИТЕК УНИВЕРСАЛ-ПД-Н;ручной (протирание, обработка щёткой);3,0 % – 4,0 %, дозирующая система ProMax;не ниже 40°C;;промаркированный;1 раз в неделю;сотрудник внутреннего клининга;визуальный контроль/сотрудник отдела качества
70;Мебель;скамейки;скамейки;скамейки;;130;148;Производственное;дезинфекция;;ХИМИТЕК ПОЛИДЕЗ®-СУПЕР;ручной (протирание);0,02 % – 0,05 % (по НУК), дозирующая система ProMax;18-20 °C;20 мин;промаркированный;1 раз в неделю;сотрудник внутреннего клининга;визуальный контроль/сотрудник отдела качества
71;Мебель;стеллажи;стеллажи;стеллажи;;130;149;Производственное;мойка;;ХИМИТЕК ЧУДОДЕЙ®-КОМБИ-ПЕНАКТИВ;ручной (протирание, обработка щёткой);2,0 % – 3,0 % дозирующая система ProMax;18-20 °C;;промаркированный;1 раз в месяц;сотрудник внутреннего клининга;визуальный контроль/сотрудник отдела качества
71;Мебель;стеллажи;стеллажи;стеллажи;;130;150;Производственное;дезинфекция;;ХИМИТЕК ПОЛИДЕЗ®-СУПЕР;ручной (протирание);0,02 % – 0,05 % (по НУК), дозирующая система ProMax;18-20 °C;20 мин;промаркированный;1 раз в месяц;сотрудник внутреннего клининга;визуальный контроль/сотрудник отдела качества
72;Мебель;столы;столы;столы;;130;151;Производственное;мойка;;ХИМИТЕК УНИВЕРСАЛ-ПД-Н;ручной (протирание, обработка щёткой);3,0 % – 4,0 %, дозирующая система ProMax;не ниже 40°C;;промаркированный;1 раз в неделю;сотрудник внутреннего клининга;визуальный контроль/сотрудник отдела качества
72;Мебель;столы;столы;столы;;130;152;Производственное;дезинфекция;;ХИМИТЕК ПОЛИДЕЗ®-СУПЕР;ручной (протирание);0,02 % – 0,05 % (по НУК), дозирующая система ProMax;18-20 °C;20 мин;промаркированный;1 раз в неделю;сотрудник внутреннего клининга;визуальный контроль/сотрудник отдела качества
73;Мебель;стулья;стулья;стулья;;130;153;Производственное;мойка;;ХИМИТЕК УНИВЕРСАЛ-ПД-Н;ручной (протирание, обработка щёткой);3,0 % – 4,0 %, дозирующая система ProMax;не ниже 40°C;;промаркированный;1 раз в неделю;сотрудник внутреннего клининга;визуальный контроль/сотрудник отдела качества
73;Мебель;стулья;стулья;стулья;;130;154;Производственное;дезинфекция;;ХИМИТЕК ПОЛИДЕЗ®-СУПЕР;ручной (протирание);0,02 % – 0,05 % (по НУК), дозирующая система ProMax;18-20 °C;20 мин;промаркированный;1 раз в неделю;сотрудник внутреннего клининга;визуальный контроль/сотрудник отдела качества
74;Мебель;сушилка для обуви;сушилка для обуви;сушилка для обуви;;130;155;Производственное;мойка;;ХИМИТЕК УНИВЕРСАЛ-ПД-Н;ручной (протирание, обработка щёткой);3,0 % – 4,0 %, дозирующая система ProMax;не ниже 40°C;;промаркированный;1 раз в неделю;сотрудник внутреннего клининга;визуальный контроль/сотрудник отдела качества
74;Мебель;сушилка для обуви;сушилка для обуви;сушилка для обуви;;130;156;Производственное;дезинфекция;;ХИМИТЕК ПОЛИДЕЗ®-СУПЕР;ручной (протирание);0,02 % – 0,05 % (по НУК), дозирующая система ProMax;18-20 °C;20 мин;промаркированный;1 раз в неделю;сотрудник внутреннего клининга;визуальный контроль/сотрудник отдела качества
75;Мебель;шкафы;шкафы;шкафы;;130;157;Производственное;мойка;;ХИМИТЕК ЧУДОДЕЙ®-КОМБИ-ПЕНАКТИВ;ручной (протирание, обработка щёткой);2,0 % – 3,0 % дозирующая система ProMax;18-20 °C;;промаркированный;1 раз в месяц;сотрудник внутреннего клининга;визуальный контроль/сотрудник отдела качества
75;Мебель;шкафы;шкафы;шкафы;;130;158;Производственное;дезинфекция;;ХИМИТЕК ПОЛИДЕЗ®-СУПЕР;ручной (протирание);0,02 % – 0,05 % (по НУК), дозирующая система ProMax;18-20 °C;20 мин;промаркированный;1 раз в месяц;сотрудник внутреннего клининга;визуальный контроль/сотрудник отдела качества
76;Офисная техника;компьютеры;компьютер;компьютер;;140;159;Производственное;мойка;;ХИМИТЕК УНИВЕРСАЛ-ПД-Н;ручной (протирание, обработка щёткой);3,0 % – 4,0 %, дозирующая система ProMax;не ниже 40°C;;промаркированный;1 раз в неделю;сотрудник внутреннего клининга;визуальный контроль/сотрудник отдела качества
76;Офисная техника;компьютеры;компьютер;компьютер;;140;160;Производственное;дезинфекция;;ХИМИТЕК ПОЛИДЕЗ®-СУПЕР;ручной (протирание);0,02 % – 0,05 % (по НУК), дозирующая система ProMax;18-20 °C;20 мин;промаркированный;1 раз в неделю;сотрудник внутреннего клининга;визуальный контроль/сотрудник отдела качества
77;Офисная техника;мониторы;монитор;монитор;;140;161;Производственное;мойка;;ХИМИТЕК УНИВЕРСАЛ-ПД-Н;ручной (протирание, обработка щёткой);3,0 % – 4,0 %, дозирующая система ProMax;не ниже 40°C;;промаркированный;1 раз в неделю;сотрудник внутреннего клининга;визуальный контроль/сотрудник отдела качества
77;Офисная техника;мониторы;монитор;монитор;;140;162;Производственное;дезинфекция;;ХИМИТЕК ПОЛИДЕЗ®-СУПЕР;ручной (протирание);0,02 % – 0,05 % (по НУК), дозирующая система ProMax;18-20 °C;20 мин;промаркированный;1 раз в неделю;сотрудник внутреннего клининга;визуальный контроль/сотрудник отдела качества
78;Офисная техника;принтера;принтер;принтер;;140;163;Производственное;мойка;;ХИМИТЕК УНИВЕРСАЛ-ПД-Н;ручной (протирание, обработка щёткой);3,0 % – 4,0 %, дозирующая система ProMax;не ниже 40°C;;промаркированный;1 раз в неделю;сотрудник внутреннего клининга;визуальный контроль/сотрудник отдела качества
78;Офисная техника;принтера;принтер;принтер;;140;164;Производственное;дезинфекция;;ХИМИТЕК ПОЛИДЕЗ®-СУПЕР;ручной (протирание);0,02 % – 0,05 % (по НУК), дозирующая система ProMax;18-20 °C;20 мин;промаркированный;1 раз в неделю;сотрудник внутреннего клининга;визуальный контроль/сотрудник отдела качества
79;Офисная техника;телефоны;телефон;телефон;;140;165;Производственное;мойка;;ХИМИТЕК УНИВЕРСАЛ-ПД-Н;ручной (протирание, обработка щёткой);3,0 % – 4,0 %, дозирующая система ProMax;не ниже 40°C;;промаркированный;1 раз в неделю;сотрудник внутреннего клининга;визуальный контроль/сотрудник отдела качества
79;Офисная техника;телефоны;телефон;телефон;;140;166;Производственное;дезинфекция;;ХИМИТЕК ПОЛИДЕЗ®-СУПЕР;ручной (протирание);0,02 % – 0,05 % (по НУК), дозирующая система ProMax;18-20 °C;20 мин;промаркированный;1 раз в неделю;сотрудник внутреннего клининга;визуальный контроль/сотрудник отдела качества
80;Многоразовые резиновые СИЗ;нарукавники;нарукавники;нарукавники;;150;167;Производственное;мойка;;ХИМИТЕК ЧУДОДЕЙ®-КОМБИ-ПЕНАКТИВ;ручной (протирание, обработка щёткой);2,0 % – 3,0 % дозирующая система ProMax;18-20 °C;;промаркированный;1 раз в смену;сотрудник внутреннего клининга;визуальный контроль/сотрудник отдела качества
80;Многоразовые резиновые СИЗ;нарукавники;нарукавники;нарукавники;;150;168;Производственное;дезинфекция;;ХИМИТЕК ПОЛИДЕЗ®-СУПЕР;ручной (протирание);0,02 % – 0,05 % (по НУК), дозирующая система ProMax;18-20 °C;20 мин;промаркированный;1 раз в смену;сотрудник внутреннего клининга;визуальный контроль/сотрудник отдела качества
81;Многоразовые резиновые СИЗ;перчатки;перчатки;перчатки;;150;169;Производственное;мойка;;ХИМИТЕК ЧУДОДЕЙ®-КОМБИ-ПЕНАКТИВ;ручной (протирание, обработка щёткой);2,0 % – 3,0 % дозирующая система ProMax;18-20 °C;;промаркированный;1 раз в смену;сотрудник внутреннего клининга;визуальный контроль/сотрудник отдела качества
81;Многоразовые резиновые СИЗ;перчатки;перчатки;перчатки;;150;170;Производственное;дезинфекция;;ХИМИТЕК ПОЛИДЕЗ®-СУПЕР;ручной (протирание);0,02 % – 0,05 % (по НУК), дозирующая система ProMax;18-20 °C;20 мин;промаркированный;1 раз в смену;сотрудник внутреннего клининга;визуальный контроль/сотрудник отдела качества
82;Многоразовые резиновые СИЗ;сапоги;сапоги;сапоги;;150;171;Производственное;мойка;;ХИМИТЕК ЧУДОДЕЙ®-КОМБИ-ПЕНАКТИВ;ручной (протирание, обработка щёткой);2,0 % – 3,0 % дозирующая система ProMax;18-20 °C;;промаркированный;1 раз в смену;сотрудник внутреннего клининга;визуальный контроль/сотрудник отдела качества
82;Многоразовые резиновые СИЗ;сапоги;сапоги;сапоги;;150;172;Производственное;дезинфекция;;ХИМИТЕК ПОЛИДЕЗ®-СУПЕР;ручной (протирание);0,02 % – 0,05 % (по НУК), дозирующая система ProMax;18-20 °C;20 мин;промаркированный;1 раз в смену;сотрудник внутреннего клининга;визуальный контроль/сотрудник отдела качества
83;Многоразовые резиновые СИЗ;фартуки;фартуки;фартуки;;150;173;Производственное;мойка;;ХИМИТЕК ЧУДОДЕЙ®-КОМБИ-ПЕНАКТИВ;ручной (протирание, обработка щёткой);2,0 % – 3,0 % дозирующая система ProMax;18-20 °C;;промаркированный;1 раз в смену;сотрудник внутреннего клининга;визуальный контроль/сотрудник отдела качества
83;Многоразовые резиновые СИЗ;фартуки;фартуки;фартуки;;150;174;Производственное;дезинфекция;;ХИМИТЕК ПОЛИДЕЗ®-СУПЕР;ручной (протирание);0,02 % – 0,05 % (по НУК), дозирующая система ProMax;18-20 °C;20 мин;промаркированный;1 раз в смену;сотрудник внутреннего клининга;визуальный контроль/сотрудник отдела качества
84;Бытовая техника;кулера;кулер;кулер;;160;175;Производственное;мойка;;ХИМИТЕК УНИВЕРСАЛ-ПД-Н;ручной (протирание, обработка щёткой);3,0 % – 4,0 %, дозирующая система ProMax;не ниже 40°C;;промаркированный;1 раз в неделю;сотрудник внутреннего клининга;визуальный контроль/сотрудник отдела качества
84;Бытовая техника;кулера;кулер;кулер;;160;176;Производственное;дезинфекция;;ХИМИТЕК ПОЛИДЕЗ®-СУПЕР;ручной (протирание);0,02 % – 0,05 % (по НУК), дозирующая система ProMax;18-20 °C;20 мин;промаркированный;1 раз в неделю;сотрудник внутреннего клининга;визуальный контроль/сотрудник отдела качества
85;Бытовая техника;микроволновки;микроволновая печь;микроволновая печь;;160;177;Производственное;мойка;;ХИМИТЕК УНИВЕРСАЛ-ПД-Н;ручной (протирание, обработка щёткой);3,0 % – 4,0 %, дозирующая система ProMax;не ниже 40°C;;промаркированный;1 раз в неделю;сотрудник внутреннего клининга;визуальный контроль/сотрудник отдела качества
85;Бытовая техника;микроволновки;микроволновая печь;микроволновая печь;;160;178;Производственное;дезинфекция;;ХИМИТЕК ПОЛИДЕЗ®-СУПЕР;ручной (протирание);0,02 % – 0,05 % (по НУК), дозирующая система ProMax;18-20 °C;20 мин;промаркированный;1 раз в неделю;сотрудник внутреннего клининга;визуальный контроль/сотрудник отдела качества
86;Бытовая техника;стиральные машины;стиральная машина;стиральная машина;;160;179;Производственное;мойка;;ХИМИТЕК УНИВЕРСАЛ-ПД-Н;ручной (протирание, обработка щёткой);3,0 % – 4,0 %, дозирующая система ProMax;не ниже 40°C;;промаркированный;1 раз в неделю;сотрудник внутреннего клининга;визуальный контроль/сотрудник отдела качества
86;Бытовая техника;стиральные машины;стиральная машина;стиральная машина;;160;180;Производственное;дезинфекция;;ХИМИТЕК ПОЛИДЕЗ®-СУПЕР;ручной (протирание);0,02 % – 0,05 % (по НУК), дозирующая система ProMax;18-20 °C;20 мин;промаркированный;1 раз в неделю;сотрудник внутреннего клининга;визуальный контроль/сотрудник отдела качества
87;Бытовая техника;сушильные машины;сушильная машина;сушильная машина;;160;181;Производственное;мойка;;ХИМИТЕК УНИВЕРСАЛ-ПД-Н;ручной (протирание, обработка щёткой);3,0 % – 4,0 %, дозирующая система ProMax;не ниже 40°C;;промаркированный;1 раз в неделю;сотрудник внутреннего клининга;визуальный контроль/сотрудник отдела качества
87;Бытовая техника;сушильные машины;сушильная машина;сушильная машина;;160;182;Производственное;дезинфекция;;ХИМИТЕК ПОЛИДЕЗ®-СУПЕР;ручной (протирание);0,02 % – 0,05 % (по НУК), дозирующая система ProMax;18-20 °C;20 мин;промаркированный;1 раз в неделю;сотрудник внутреннего клининга;визуальный контроль/сотрудник отдела качества
88;Бытовая техника;термопоты;термопот;термопот;;160;183;Производственное;мойка;;ХИМИТЕК УНИВЕРСАЛ-ПД-Н;ручной (протирание, обработка щёткой);3,0 % – 4,0 %, дозирующая система ProMax;не ниже 40°C;;промаркированный;1 раз в неделю;сотрудник внутреннего клининга;визуальный контроль/сотрудник отдела качества
88;Бытовая техника;термопоты;термопот;термопот;;160;184;Производственное;дезинфекция;;ХИМИТЕК ПОЛИДЕЗ®-СУПЕР;ручной (протирание);0,02 % – 0,05 % (по НУК), дозирующая система ProMax;18-20 °C;20 мин;промаркированный;1 раз в неделю;сотрудник внутреннего клининга;визуальный контроль/сотрудник отдела качества
89;Бытовая техника;холодильники;холодильник бытовой;холодильник бытовой;;160;185;Производственное;мойка;;ХИМИТЕК УНИВЕРСАЛ-ПД-Н;ручной (протирание, обработка щёткой);3,0 % – 4,0 %, дозирующая система ProMax;не ниже 40°C;;промаркированный;1 раз в неделю;сотрудник внутреннего клининга;визуальный контроль/сотрудник отдела качества
89;Бытовая техника;холодильники;холодильник бытовой;холодильник бытовой;;160;186;Производственное;дезинфекция;;ХИМИТЕК ПОЛИДЕЗ®-СУПЕР;ручной (протирание);0,02 % – 0,05 % (по НУК), дозирующая система ProMax;18-20 °C;20 мин;промаркированный;1 раз в неделю;сотрудник внутреннего клининга;визуальный контроль/сотрудник отдела качества
90;Бытовая техника;чайники;чайник электрический;чайник электрический;;160;187;Производственное;мойка;;ХИМИТЕК УНИВЕРСАЛ-ПД-Н;ручной (протирание, обработка щёткой);3,0 % – 4,0 %, дозирующая система ProMax;не ниже 40°C;;промаркированный;1 раз в неделю;сотрудник внутреннего клининга;визуальный контроль/сотрудник отдела качества
90;Бытовая техника;чайники;чайник электрический;чайник электрический;;160;188;Производственное;дезинфекция;;ХИМИТЕК ПОЛИДЕЗ®-СУПЕР;ручной (протирание);0,02 % – 0,05 % (по НУК), дозирующая система ProMax;18-20 °C;20 мин;промаркированный;1 раз в неделю;сотрудник внутреннего клининга;визуальный контроль/сотрудник отдела качества
91;Инвентарь, посуда и т.д.;вешала;вешала;вешала;;150;189;Производственное;мойка;;ХИМИТЕК ЧУДОДЕЙ®-КОМБИ-ПЕНАКТИВ;ручной (обработка щёткой);2,0 % – 3,0 % дозирующая система ProMax;18-20 °C;;промаркированный;после каждого использования;сотрудник внутреннего клининга;визуальный контроль, химический контроль, микробиологический контроль /сотрудник отдела качества
91;Инвентарь, посуда и т.д.;вешала;вешала;вешала;;150;190;Производственное;дезинфекция;;ХИМИТЕК ПОЛИДЕЗ®-СУПЕР;ручной (замачивание);0,02 % – 0,05 % (по НУК), дозирующая система ProMax;18-20 °C;20 мин;промаркированный;после каждого использования;сотрудник внутреннего клининга;визуальный контроль, химический контроль, микробиологический контроль /сотрудник отдела качества
92;Инвентарь, посуда и т.д.;внутрицеховая тара (вёдра ящики);внутрицеховая тара (вёдра, ящики);внутрицеховая тара (вёдра, ящики);;150;191;Производственное;мойка;;ХИМИТЕК ЧУДОДЕЙ®-КОМБИ-ПЕНАКТИВ;ручной (обработка щёткой);2,0 % – 3,0 % дозирующая система ProMax;18-20 °C;;промаркированный;после каждого использования;сотрудник внутреннего клининга;визуальный контроль, химический контроль, микробиологический контроль /сотрудник отдела качества
92;Инвентарь, посуда и т.д.;внутрицеховая тара (вёдра ящики);внутрицеховая тара (вёдра, ящики);внутрицеховая тара (вёдра, ящики);;150;192;Производственное;дезинфекция;;ХИМИТЕК ПОЛИДЕЗ®-СУПЕР;ручной (замачивание);0,02 % – 0,05 % (по НУК), дозирующая система ProMax;18-20 °C;20 мин;промаркированный;после каждого использования;сотрудник внутреннего клининга;визуальный контроль, химический контроль, микробиологический контроль /сотрудник отдела качества
93;Инвентарь, посуда и т.д.;гастроёмкости;гастроёмкости;гастроёмкости;;150;193;Производственное;мойка;;ХИМИТЕК ЧУДОДЕЙ®-КОМБИ-ПЕНАКТИВ;ручной (обработка щёткой);2,0 % – 3,0 % дозирующая система ProMax;18-20 °C;;промаркированный;после каждого использования;сотрудник внутреннего клининга;визуальный контроль, химический контроль, микробиологический контроль /сотрудник отдела качества
93;Инвентарь, посуда и т.д.;гастроёмкости;гастроёмкости;гастроёмкости;;150;194;Производственное;дезинфекция;;ХИМИТЕК ПОЛИДЕЗ®-СУПЕР;ручной (замачивание);0,02 % – 0,05 % (по НУК), дозирующая система ProMax;18-20 °C;20 мин;промаркированный;после каждого использования;сотрудник внутреннего клининга;визуальный контроль, химический контроль, микробиологический контроль /сотрудник отдела качества
94;Инвентарь, посуда и т.д.;дежи;дежи;дежи;;150;195;Производственное;мойка;;ХИМИТЕК ЧУДОДЕЙ®-КОМБИ-ПЕНАКТИВ;ручной (обработка щёткой);2,0 % – 3,0 % дозирующая система ProMax;18-20 °C;;промаркированный;после каждого использования;сотрудник внутреннего клининга;визуальный контроль, химический контроль, микробиологический контроль /сотрудник отдела качества
94;Инвентарь, посуда и т.д.;дежи;дежи;дежи;;150;196;Производственное;дезинфекция;;ХИМИТЕК ПОЛИДЕЗ®-СУПЕР;ручной (замачивание);0,02 % – 0,05 % (по НУК), дозирующая система ProMax;18-20 °C;20 мин;промаркированный;после каждого использования;сотрудник внутреннего клининга;визуальный контроль, химический контроль, микробиологический контроль /сотрудник отдела качества
95;Инвентарь, посуда и т.д.;доски;доски;доски;;150;197;Производственное;мойка;;ХИМИТЕК ЧУДОДЕЙ®-КОМБИ-ПЕНАКТИВ;ручной (обработка щёткой);2,0 % – 3,0 % дозирующая система ProMax;18-20 °C;;промаркированный;после каждого использования;сотрудник внутреннего клининга;визуальный контроль, химический контроль, микробиологический контроль /сотрудник отдела качества
95;Инвентарь, посуда и т.д.;доски;доски;доски;;150;198;Производственное;дезинфекция;;ХИМИТЕК ПОЛИДЕЗ®-СУПЕР;ручной (замачивание);0,02 % – 0,05 % (по НУК), дозирующая система ProMax;18-20 °C;20 мин;промаркированный;после каждого использования;сотрудник внутреннего клининга;визуальный контроль, химический контроль, микробиологический контроль /сотрудник отдела качества
96;Инвентарь, посуда и т.д.;изотермические контейнеры (bigbox);изотермические контейнеры (bigbox);изотермические контейнеры (bigbox);;150;199;Производственное;мойка;;ХИМИТЕК ЧУДОДЕЙ®-КОМБИ-ПЕНАКТИВ;ручной (обработка щёткой);2,0 % – 3,0 % дозирующая система ProMax;18-20 °C;;промаркированный;после каждого использования;сотрудник внутреннего клининга;визуальный контроль, химический контроль, микробиологический контроль /сотрудник отдела качества
96;Инвентарь, посуда и т.д.;изотермические контейнеры (bigbox);изотермические контейнеры (bigbox);изотермические контейнеры (bigbox);;150;200;Производственное;дезинфекция;;ХИМИТЕК ПОЛИДЕЗ®-СУПЕР;ручной (замачивание);0,02 % – 0,05 % (по НУК), дозирующая система ProMax;18-20 °C;20 мин;промаркированный;после каждого использования;сотрудник внутреннего клининга;визуальный контроль, химический контроль, микробиологический контроль /сотрудник отдела качества
97;Инвентарь, посуда и т.д.;инвентарь;инвентарь;инвентарь;;150;201;Производственное;мойка;;ХИМИТЕК ЧУДОДЕЙ®-КОМБИ-ПЕНАКТИВ;ручной (обработка щёткой);2,0 % – 3,0 % дозирующая система ProMax;18-20 °C;;промаркированный;после каждого использования;сотрудник внутреннего клининга;визуальный контроль, химический контроль, микробиологический контроль /сотрудник отдела качества
97;Инвентарь, посуда и т.д.;инвентарь;инвентарь;инвентарь;;150;202;Производственное;дезинфекция;;ХИМИТЕК ПОЛИДЕЗ®-СУПЕР;ручной (замачивание);0,02 % – 0,05 % (по НУК), дозирующая система ProMax;18-20 °C;20 мин;промаркированный;после каждого использования;сотрудник внутреннего клининга;визуальный контроль, химический контроль, микробиологический контроль /сотрудник отдела качества
98;Инвентарь, посуда и т.д.;корзины для расстойки теста;корзины для расстойки теста;корзины для расстойки теста;;150;203;Производственное;мойка;;ХИМИТЕК ЧУДОДЕЙ®-КОМБИ-ПЕНАКТИВ;ручной (обработка щёткой);2,0 % – 3,0 % дозирующая система ProMax;18-20 °C;;промаркированный;после каждого использования;сотрудник внутреннего клининга;визуальный контроль, химический контроль, микробиологический контроль /сотрудник отдела качества
98;Инвентарь, посуда и т.д.;корзины для расстойки теста;корзины для расстойки теста;корзины для расстойки теста;;150;204;Производственное;дезинфекция;;ХИМИТЕК ПОЛИДЕЗ®-СУПЕР;ручной (замачивание);0,02 % – 0,05 % (по НУК), дозирующая система ProMax;18-20 °C;20 мин;промаркированный;после каждого использования;сотрудник внутреннего клининга;визуальный контроль, химический контроль, микробиологический контроль /сотрудник отдела качества
99;Инвентарь, посуда и т.д.;крючки;крючки;крючки;;150;205;Производственное;мойка;;ХИМИТЕК ЧУДОДЕЙ®-КОМБИ-ПЕНАКТИВ;ручной (обработка щёткой);2,0 % – 3,0 % дозирующая система ProMax;18-20 °C;;промаркированный;после каждого использования;сотрудник внутреннего клининга;визуальный контроль, химический контроль, микробиологический контроль /сотрудник отдела качества
99;Инвентарь, посуда и т.д.;крючки;крючки;крючки;;150;206;Производственное;дезинфекция;;ХИМИТЕК ПОЛИДЕЗ®-СУПЕР;ручной (замачивание);0,02 % – 0,05 % (по НУК), дозирующая система ProMax;18-20 °C;20 мин;промаркированный;после каждого использования;сотрудник внутреннего клининга;визуальный контроль, химический контроль, микробиологический контроль /сотрудник отдела качества
100;Инвентарь, посуда и т.д.;листы для выпечки а;листы для выпечки алюминиевые;листы для выпечки;А;150;207;Производственное;мойка;;ХИМИТЕК УНИВЕРСАЛ-ПД-Н;ручной (замачивание, обработка щёткой);3,0 % – 4,0 %, дозирующая система ProMax;не ниже 40°C;;промаркированный;1 раз в неделю, по мере загрязнения;сотрудник внутреннего клининга;визуальный контроль/сотрудник отдела качества
100;Инвентарь, посуда и т.д.;листы для выпечки а;листы для выпечки алюминиевые;листы для выпечки;А;150;208;Производственное;дезинфекция;;ХИМИТЕК ПОЛИДЕЗ®-СУПЕР;ручной (замачивание);0,02 % – 0,05 % (по НУК), дозирующая система ProMax;18-20 °C;20 мин;промаркированный;1 раз в неделю, по мере загрязнения;сотрудник внутреннего клининга;визуальный контроль/сотрудник отдела качества
101;Инвентарь, посуда и т.д.;листы для выпечки н;листы для выпечки из нержавеющей стали;листы для выпечки;Н;150;209;Производственное;мойка;;ХИМИТЕК УНИВЕРСАЛ-ПД-Н;ручной (замачивание, обработка щёткой);3,0 % – 4,0 %, дозирующая система ProMax;не ниже 40°C;;промаркированный;1 раз в неделю, по мере загрязнения;сотрудник внутреннего клининга;визуальный контроль/сотрудник отдела качества
101;Инвентарь, посуда и т.д.;листы для выпечки н;листы для выпечки из нержавеющей стали;листы для выпечки;Н;150;210;Производственное;дезинфекция;;ХИМИТЕК ПОЛИДЕЗ®-СУПЕР;ручной (замачивание);0,02 % – 0,05 % (по НУК), дозирующая система ProMax;18-20 °C;20 мин;промаркированный;1 раз в неделю, по мере загрязнения;сотрудник внутреннего клининга;визуальный контроль/сотрудник отдела качества
102;Инвентарь, посуда и т.д.;листы от шпилек;листы от шпилек;листы от шпилек;;150;211;Производственное;мойка;;ХИМИТЕК УНИВЕРСАЛ-ПД-Н;ручной (замачивание, обработка щёткой);3,0 % – 4,0 %, дозирующая система ProMax;не ниже 40°C;;промаркированный;1 раз в неделю, по мере загрязнения;сотрудник внутреннего клининга;визуальный контроль/сотрудник отдела качества
102;Инвентарь, посуда и т.д.;листы от шпилек;листы от шпилек;листы от шпилек;;150;212;Производственное;дезинфекция;;ХИМИТЕК ПОЛИДЕЗ®-СУПЕР;ручной (замачивание);0,02 % – 0,05 % (по НУК), дозирующая система ProMax;18-20 °C;20 мин;промаркированный;1 раз в неделю, по мере загрязнения;сотрудник внутреннего клининга;визуальный контроль/сотрудник отдела качества
103;Инвентарь, посуда и т.д.;мусаты;мусаты;мусаты;;150;213;Производственное;мойка;;ХИМИТЕК ЧУДОДЕЙ®-КОМБИ-ПЕНАКТИВ;ручной (обработка щёткой);2,0 % – 3,0 % дозирующая система ProMax;18-20 °C;;промаркированный;после каждого использования;сотрудник внутреннего клининга;визуальный контроль, химический контроль, микробиологический контроль /сотрудник отдела качества
103;Инвентарь, посуда и т.д.;мусаты;мусаты;мусаты;;150;214;Производственное;дезинфекция;;ХИМИТЕК ПОЛИДЕЗ®-СУПЕР;ручной (замачивание);0,02 % – 0,05 % (по НУК), дозирующая система ProMax;18-20 °C;20 мин;промаркированный;после каждого использования;сотрудник внутреннего клининга;визуальный контроль, химический контроль, микробиологический контроль /сотрудник отдела качества
104;Инвентарь, посуда и т.д.;ножи;ножи разделочные;ножи разделочные;;150;215;Производственное;мойка;;ХИМИТЕК ЧУДОДЕЙ®-КОМБИ-ПЕНАКТИВ;ручной (обработка щёткой);2,0 % – 3,0 % дозирующая система ProMax;18-20 °C;15 мин;промаркированный;после каждого использования;сотрудник внутреннего клининга;визуальный контроль, химический контроль, микробиологический контроль /сотрудник отдела качества
104;Инвентарь, посуда и т.д.;ножи;ножи разделочные;ножи разделочные;;150;216;Производственное;дезинфекция;;ХИМИТЕК ПОЛИДЕЗ®-СУПЕР;ручной (замачивание);0,02 % – 0,05 % (по НУК), дозирующая система ProMax;18-20 °C;20 мин;промаркированный;после каждого использования;сотрудник внутреннего клининга;визуальный контроль, химический контроль, микробиологический контроль /сотрудник отдела качества
105;Инвентарь, посуда и т.д.;оборотная тара;оборотная тара;оборотная тара;;150;217;Производственное;мойка;;ХИМИТЕК ЧУДОДЕЙ®-КОМБИ-ПЕНАКТИВ;ручной (протирание, обработка щёткой);2,0 % – 3,0 % дозирующая система ProMax;18-20 °C;;промаркированный;1 раз в смены;сотрудник внутреннего клининга;визуальный контроль, химический контроль, микробиологический контроль /сотрудник отдела качества
105;Инвентарь, посуда и т.д.;оборотная тара;оборотная тара;оборотная тара;;150;218;Производственное;дезинфекция;;ХИМИТЕК ПОЛИДЕЗ®-СУПЕР;ручной (протирание);0,02 % – 0,05 % (по НУК), дозирующая система ProMax;18-20 °C;20 мин;промаркированный;1 раз в смены;сотрудник внутреннего клининга;визуальный контроль, химический контроль, микробиологический контроль /сотрудник отдела качества
106;Инвентарь, посуда и т.д.;отсадочные мешки;отсадочные мешки;отсадочные мешки;;150;219;Производственное;мойка;;ХИМИТЕК ЧУДОДЕЙ®-КОМБИ-ПЕНАКТИВ;ручной (обработка щёткой);2,0 % – 3,0 % дозирующая система ProMax;18-20 °C;;промаркированный;после каждого использования;сотрудник внутреннего клининга;визуальный контроль, химический контроль, микробиологический контроль /сотрудник отдела качества
106;Инвентарь, посуда и т.д.;отсадочные мешки;отсадочные мешки;отсадочные мешки;;150;220;Производственное;дезинфекция;;ХИМИТЕК ПОЛИДЕЗ®-СУПЕР;ручной (замачивание);0,02 % – 0,05 % (по НУК), дозирующая система ProMax;18-20 °C;20 мин;промаркированный;после каждого использования;сотрудник внутреннего клининга;визуальный контроль, химический контроль, микробиологический контроль /сотрудник отдела качества
107;Инвентарь, посуда и т.д.;передвижные ёмкости;передвижные ёмкости;передвижные ёмкости;;150;221;Производственное;мойка;;ХИМИТЕК ЧУДОДЕЙ®-КОМБИ-ПЕНАКТИВ;ручной (протирание, обработка щёткой);2,0 % – 3,0 % дозирующая система ProMax;18-20 °C;;промаркированный;1 раз в смены;сотрудник внутреннего клининга;визуальный контроль, химический контроль, микробиологический контроль /сотрудник отдела качества
107;Инвентарь, посуда и т.д.;передвижные ёмкости;передвижные ёмкости;передвижные ёмкости;;150;222;Производственное;дезинфекция;;ХИМИТЕК ПОЛИДЕЗ®-СУПЕР;ручной (протирание);0,02 % – 0,05 % (по НУК), дозирующая система ProMax;18-20 °C;20 мин;промаркированный;1 раз в смены;сотрудник внутреннего клининга;визуальный контроль, химический контроль, микробиологический контроль /сотрудник отдела качества
108;Инвентарь, посуда и т.д.;посуда;посуда;посуда;;150;223;Производственное;мойка;;ХИМИТЕК ЧУДОДЕЙ®-КОМБИ-ПЕНАКТИВ;ручной (обработка щёткой);2,0 % – 3,0 % дозирующая система ProMax;18-20 °C;;промаркированный;после каждого использования;сотрудник внутреннего клининга;визуальный контроль, химический контроль, микробиологический контроль /сотрудник отдела качества
108;Инвентарь, посуда и т.д.;посуда;посуда;посуда;;150;224;Производственное;дезинфекция;;ХИМИТЕК ПОЛИДЕЗ®-СУПЕР;ручной (замачивание);0,02 % – 0,05 % (по НУК), дозирующая система ProMax;18-20 °C;20 мин;промаркированный;после каждого использования;сотрудник внутреннего клининга;визуальный контроль, химический контроль, микробиологический контроль /сотрудник отдела качества
109;Инвентарь, посуда и т.д.;расстоечные термочехлы;расстоечные термочехлы;расстоечные термочехлы;;150;225;Производственное;мойка;;ХИМИТЕК ЧУДОДЕЙ®-КОМБИ-ПЕНАКТИВ;ручной (протирание, обработка щёткой);2,0 % – 3,0 % дозирующая система ProMax;18-20 °C;;промаркированный;1 раз в смены;сотрудник внутреннего клининга;визуальный контроль, химический контроль, микробиологический контроль /сотрудник отдела качества
109;Инвентарь, посуда и т.д.;расстоечные термочехлы;расстоечные термочехлы;расстоечные термочехлы;;150;226;Производственное;дезинфекция;;ХИМИТЕК ПОЛИДЕЗ®-СУПЕР;ручной (протирание);0,02 % – 0,05 % (по НУК), дозирующая система ProMax;18-20 °C;20 мин;промаркированный;1 раз в смены;сотрудник внутреннего клининга;визуальный контроль, химический контроль, микробиологический контроль /сотрудник отдела качества
110;Инвентарь, посуда и т.д.;секачи;секачи;секачи;;150;227;Производственное;мойка;;ХИМИТЕК ЧУДОДЕЙ®-КОМБИ-ПЕНАКТИВ;ручной (обработка щёткой);2,0 % – 3,0 % дозирующая система ProMax;18-20 °C;15 мин;промаркированный;после каждого использования;сотрудник внутреннего клининга;визуальный контроль, химический контроль, микробиологический контроль /сотрудник отдела качества
110;Инвентарь, посуда и т.д.;секачи;секачи;секачи;;150;228;Производственное;дезинфекция;;ХИМИТЕК ПОЛИДЕЗ®-СУПЕР;ручной (замачивание);0,02 % – 0,05 % (по НУК), дозирующая система ProMax;18-20 °C;20 мин;промаркированный;после каждого использования;сотрудник внутреннего клининга;визуальный контроль, химический контроль, микробиологический контроль /сотрудник отдела качества
111;Инвентарь, посуда и т.д.;силапеновые коврики;силапеновые коврики;силапеновые коврики;;150;229;Производственное;мойка;;ХИМИТЕК УНИВЕРСАЛ-ПД-Н;ручной (обработка щёткой);3,0 % – 4,0 %, дозирующая система ProMax;не ниже 40°C;;промаркированный;после каждого использования;сотрудник внутреннего клининга;визуальный контроль, химический контроль, микробиологический контроль /сотрудник отдела качества
111;Инвентарь, посуда и т.д.;силапеновые коврики;силапеновые коврики;силапеновые коврики;;150;230;Производственное;дезинфекция;;ХИМИТЕК ПОЛИДЕЗ®-СУПЕР;ручной (замачивание);0,02 % – 0,05 % (по НУК), дозирующая система ProMax;18-20 °C;20 мин;промаркированный;после каждого использования;сотрудник внутреннего клининга;визуальный контроль, химический контроль, микробиологический контроль /сотрудник отдела качества
112;Инвентарь, посуда и т.д.;съёмные детали оборудования а;съёмные детали оборудования алюминиевые;съёмные детали оборудования;А;150;231;Производственное;мойка;;ХИМИТЕК УНИВЕРСАЛ-ПД-Н;ручной (обработка щёткой);3,0 % – 4,0 %, дозирующая система ProMax;не ниже 40°C;;промаркированный;после каждого использования;сотрудник внутреннего клининга;визуальный контроль, химический контроль, микробиологический контроль /сотрудник отдела качества
112;Инвентарь, посуда и т.д.;съёмные детали оборудования а;съёмные детали оборудования алюминиевые;съёмные детали оборудования;А;150;232;Производственное;дезинфекция;;ХИМИТЕК ПОЛИДЕЗ®-СУПЕР;ручной (замачивание);0,02 % – 0,05 % (по НУК), дозирующая система ProMax;18-20 °C;20 мин;промаркированный;после каждого использования;сотрудник внутреннего клининга;визуальный контроль, химический контроль, микробиологический контроль /сотрудник отдела качества
113;Инвентарь, посуда и т.д.;съёмные детали оборудования н;съёмные детали оборудования из нержавеющей стали;съёмные детали оборудования;Н;150;233;Производственное;мойка;;ХИМИТЕК УНИВЕРСАЛ-ПД-Н;ручной (обработка щёткой);3,0 % – 4,0 %, дозирующая система ProMax;не ниже 40°C;;промаркированный;после каждого использования;сотрудник внутреннего клининга;визуальный контроль, химический контроль, микробиологический контроль /сотрудник отдела качества
113;Инвентарь, посуда и т.д.;съёмные детали оборудования н;съёмные детали оборудования из нержавеющей стали;съёмные детали оборудования;Н;150;234;Производственное;дезинфекция;;ХИМИТЕК ПОЛИДЕЗ®-СУПЕР;ручной (замачивание);0,02 % – 0,05 % (по НУК), дозирующая система ProMax;18-20 °C;20 мин;промаркированный;после каждого использования;сотрудник внутреннего клининга;визуальный контроль, химический контроль, микробиологический контроль /сотрудник отдела качества
114;Инвентарь, посуда и т.д.;тележки;тележки;тележки;;150;235;Производственное;мойка;;ХИМИТЕК ЧУДОДЕЙ®-КОМБИ-ПЕНАКТИВ;ручной (нанесение пены, обработка щёткой);2,0 % АВД;18-20 °C;;промаркированный;1 раз в неделю;сотрудник внутреннего клининга;визуальный контроль/сотрудник отдела качества
114;Инвентарь, посуда и т.д.;тележки;тележки;тележки;;150;236;Производственное;дезинфекция;;ХИМИТЕК ПОЛИДЕЗ®-СУПЕР;ручной (протирание);0,02 % – 0,05 % (по НУК), дозирующая система ProMax;18-20 °C;20 мин;промаркированный;1 раз в неделю;сотрудник внутреннего клининга;визуальный контроль/сотрудник отдела качества
115;Инвентарь, посуда и т.д.;тележки подкатные;тележки подкатные;тележки подкатные;;150;237;Производственное;мойка;;ХИМИТЕК ЧУДОДЕЙ®-КОМБИ-ПЕНАКТИВ;ручной (нанесение пены, обработка щёткой);2,0 % АВД;18-20 °C;;промаркированный;1 раз в неделю;сотрудник внутреннего клининга;визуальный контроль/сотрудник отдела качества
115;Инвентарь, посуда и т.д.;тележки подкатные;тележки подкатные;тележки подкатные;;150;238;Производственное;дезинфекция;;ХИМИТЕК ПОЛИДЕЗ®-СУПЕР;ручной (протирание);0,02 % – 0,05 % (по НУК), дозирующая система ProMax;18-20 °C;20 мин;промаркированный;1 раз в неделю;сотрудник внутреннего клининга;визуальный контроль/сотрудник отдела качества
116;Инвентарь, посуда и т.д.;формы для выпечки а;формы для выпечки алюминиевые;формы для выпечки;А;150;239;Производственное;мойка;;ХИМИТЕК УНИВЕРСАЛ-ПД-Н;ручной (обработка щёткой);3,0 % – 4,0 %, дозирующая система ProMax;не ниже 40°C;;промаркированный;после каждого использования;сотрудник внутреннего клининга;визуальный контроль, химический контроль, микробиологический контроль /сотрудник отдела качества
116;Инвентарь, посуда и т.д.;формы для выпечки а;формы для выпечки алюминиевые;формы для выпечки;А;150;240;Производственное;дезинфекция;;ХИМИТЕК ПОЛИДЕЗ®-СУПЕР;ручной (замачивание);0,02 % – 0,05 % (по НУК), дозирующая система ProMax;18-20 °C;20 мин;промаркированный;после каждого использования;сотрудник внутреннего клининга;визуальный контроль, химический контроль, микробиологический контроль /сотрудник отдела качества
117;Инвентарь, посуда и т.д.;формы для выпечки н;формы для выпечки из нержавеющей стали;формы для выпечки;Н;150;241;Производственное;мойка;;ХИМИТЕК УНИВЕРСАЛ-ПД-Н;ручной (обработка щёткой);3,0 % – 4,0 %, дозирующая система ProMax;не ниже 40°C;;промаркированный;после каждого использования;сотрудник внутреннего клининга;визуальный контроль, химический контроль, микробиологический контроль /сотрудник отдела качества
117;Инвентарь, посуда и т.д.;формы для выпечки н;формы для выпечки из нержавеющей стали;формы для выпечки;Н;150;242;Производственное;дезинфекция;;ХИМИТЕК ПОЛИДЕЗ®-СУПЕР;ручной (замачивание);0,02 % – 0,05 % (по НУК), дозирующая система ProMax;18-20 °C;20 мин;промаркированный;после каждого использования;сотрудник внутреннего клининга;визуальный контроль, химический контроль, микробиологический контроль /сотрудник отдела качества
118;Инвентарь, посуда и т.д.;формы для выпечки с;формы для выпечки силиконовые;формы для выпечки;С;150;243;Производственное;мойка;;ХИМИТЕК УНИВЕРСАЛ-ПД-Н;ручной (обработка щёткой);3,0 % – 4,0 %, дозирующая система ProMax;не ниже 40°C;;промаркированный;после каждого использования;сотрудник внутреннего клининга;визуальный контроль, химический контроль, микробиологический контроль /сотрудник отдела качества
118;Инвентарь, посуда и т.д.;формы для выпечки с;формы для выпечки силиконовые;формы для выпечки;С;150;244;Производственное;дезинфекция;;ХИМИТЕК ПОЛИДЕЗ®-СУПЕР;ручной (замачивание);0,02 % – 0,05 % (по НУК), дозирующая система ProMax;18-20 °C;20 мин;промаркированный;после каждого использования;сотрудник внутреннего клининга;визуальный контроль, химический контроль, микробиологический контроль /сотрудник отдела качества
119;Инвентарь, посуда и т.д.;шампура;шампуры;шампуры;;150;245;Производственное;мойка;;ХИМИТЕК УНИВЕРСАЛ-ПД-Н;ручной (обработка щёткой);3,0 % – 4,0 %, дозирующая система ProMax;не ниже 40°C;;промаркированный;после каждого использования;сотрудник внутреннего клининга;визуальный контроль, химический контроль, микробиологический контроль /сотрудник отдела качества
119;Инвентарь, посуда и т.д.;шампура;шампуры;шампуры;;150;246;Производственное;дезинфекция;;ХИМИТЕК ПОЛИДЕЗ®-СУПЕР;ручной (замачивание);0,02 % – 0,05 % (по НУК), дозирующая система ProMax;18-20 °C;20 мин;промаркированный;после каждого использования;сотрудник внутреннего клининга;визуальный контроль, химический контроль, микробиологический контроль /сотрудник отдела качества
120;Инвентарь, посуда и т.д.;шпильки;шпильки;шпильки;;150;247;Производственное;мойка;;ХИМИТЕК ЧУДОДЕЙ®-КОМБИ-ПЕНАКТИВ;ручной (нанесение пены, обработка щёткой);2,0 % АВД;18-20 °C;;промаркированный;1 раз в неделю;сотрудник внутреннего клининга;визуальный контроль/сотрудник отдела качества
120;Инвентарь, посуда и т.д.;шпильки;шпильки;шпильки;;150;248;Производственное;дезинфекция;;ХИМИТЕК ПОЛИДЕЗ®-СУПЕР;ручной (протирание);0,02 % – 0,05 % (по НУК), дозирующая система ProMax;18-20 °C;20 мин;промаркированный;1 раз в неделю;сотрудник внутреннего клининга;визуальный контроль/сотрудник отдела качества
121;Инвентарь, посуда и т.д.;ёмкости для перетаривания;ёмкости для перетаривания;ёмкости для перетаривания;;150;249;Производственное;мойка;;ХИМИТЕК ЧУДОДЕЙ®-КОМБИ-ПЕНАКТИВ;ручной (нанесение пены, обработка щёткой);2,0 % АВД;18-20 °C;;промаркированный;1 раз в неделю;сотрудник внутреннего клининга;визуальный контроль/сотрудник отдела качества
121;Инвентарь, посуда и т.д.;ёмкости для перетаривания;ёмкости для перетаривания;ёмкости для перетаривания;;150;250;Производственное;дезинфекция;;ХИМИТЕК ПОЛИДЕЗ®-СУПЕР;ручной (протирание);0,02 % – 0,05 % (по НУК), дозирующая система ProMax;18-20 °C;20 мин;промаркированный;1 раз в неделю;сотрудник внутреннего клининга;визуальный контроль/сотрудник отдела качества
122;Инвентарь, посуда и т.д.;ёмкости для сыпучих продуктов;ёмкости для сыпучих продуктов;ёмкости для сыпучих продуктов;;150;251;Производственное;мойка;;ХИМИТЕК ЧУДОДЕЙ®-КОМБИ-ПЕНАКТИВ;ручной (нанесение пены, обработка щёткой);2,0 % АВД;18-20 °C;;промаркированный;1 раз в неделю;сотрудник внутреннего клининга;визуальный контроль/сотрудник отдела качества
122;Инвентарь, посуда и т.д.;ёмкости для сыпучих продуктов;ёмкости для сыпучих продуктов;ёмкости для сыпучих продуктов;;150;252;Производственное;дезинфекция;;ХИМИТЕК ПОЛИДЕЗ®-СУПЕР;ручной (протирание);0,02 % – 0,05 % (по НУК), дозирующая система ProMax;18-20 °C;20 мин;промаркированный;1 раз в неделю;сотрудник внутреннего клининга;визуальный контроль/сотрудник отдела качества
123;Моечный, уборочный инвентарь и оборудование;авд;АВД;АВД;;170;253;Производственное;мойка;;ХИМИТЕК УНИВЕРСАЛ-ПД-Н;ручной (замачивание);3,0 % – 4,0 %, дозирующая система ProMax;не ниже 40°C;;промаркированный;1 раз в смену;сотрудник внутреннего клининга;визуальный контроль/сотрудник отдела качества
123;Моечный, уборочный инвентарь и оборудование;авд;АВД;АВД;;170;254;Производственное;дезинфекция;;ХИМИТЕК ПОЛИДЕЗ®-СУПЕР;ручной (протирание);0,02 %–0,04 % (по НУК), спрей-система ProTwin;18-20 ºС;30 мин;промаркированный;1 раз в смену;сотрудник внутреннего клининга;визуальный контроль/сотрудник отдела качества
124;Моечный, уборочный инвентарь и оборудование;ведра;ведра;ведра;;170;255;Производственное;мойка;;ХИМИТЕК УНИВЕРСАЛ-ПД-Н;ручной (замачивание);3,0 % – 4,0 %, дозирующая система ProMax;не ниже 40°C;;промаркированный;1 раз в смену;сотрудник внутреннего клининга;визуальный контроль/сотрудник отдела качества
124;Моечный, уборочный инвентарь и оборудование;ведра;ведра;ведра;;170;256;Производственное;дезинфекция;;ХИМИТЕК ПОЛИДЕЗ®-СУПЕР;ручной, замачивание;0,02 % – 0,05 % (по НУК), дозирующая система ProMax;18-20 ºС;30 мин;промаркированный;1 раз в смену;сотрудник внутреннего клининга;визуальный контроль/сотрудник отдела качества
125;Моечный, уборочный инвентарь и оборудование;ветошь;ветошь;ветошь;;170;257;Производственное;мойка;;ВОДА;ручной;;не ниже 40 °C;1 минута;промаркированный;после каждого использования;сотрудник внутреннего клининга;визуальный контроль/сотрудник отдела качества
125;Моечный, уборочный инвентарь и оборудование;ветошь;ветошь;ветошь;;170;258;Производственное;дезинфекция;;ХИМИТЕК ПОЛИДЕЗ®-СУПЕР;ручной, протирание;0,03 % (по НУК), дозирующая система ProMax;18-20 ºС;30 мин;промаркированный;после каждого использования;сотрудник внутреннего клининга;визуальный контроль/сотрудник отдела качества
126;Моечный, уборочный инвентарь и оборудование;мопы;мопы;мопы;;170;259;Производственное;мойка;;ВОДА;ручной;;не ниже 40 °C;1 минута;промаркированный;после каждого использования;сотрудник внутреннего клининга;визуальный контроль/сотрудник отдела качества
126;Моечный, уборочный инвентарь и оборудование;мопы;мопы;мопы;;170;260;Производственное;дезинфекция;;ХИМИТЕК ПОЛИДЕЗ®-СУПЕР;ручной, протирание;0,03 % (по НУК), дозирующая система ProMax;18-20 ºС;30 мин;промаркированный;после каждого использования;сотрудник внутреннего клининга;визуальный контроль/сотрудник отдела качества
127;Моечный, уборочный инвентарь и оборудование;поломоечная машина;поломоечная машина;поломоечная машина;;170;261;Производственное;мойка;;ХИМИТЕК УНИВЕРСАЛ-ПД-Н;ручной (замачивание);3,0 % – 4,0 %, дозирующая система ProMax;не ниже 40°C;;промаркированный;1 раз в смену;сотрудник внутреннего клининга;визуальный контроль/сотрудник отдела качества
127;Моечный, уборочный инвентарь и оборудование;поломоечная машина;поломоечная машина;поломоечная машина;;170;262;Производственное;дезинфекция;;ХИМИТЕК ПОЛИДЕЗ®-СУПЕР;ручной (протирание);0,02 %–0,04 % (по НУК), спрей-система ProTwin;18-20 ºС;30 мин;промаркированный;1 раз в смену;сотрудник внутреннего клининга;визуальный контроль/сотрудник отдела качества
128;Моечный, уборочный инвентарь и оборудование;пылесосы;пылесос;пылесос;;170;263;Производственное;мойка;;ХИМИТЕК УНИВЕРСАЛ-ПД-Н;ручной (замачивание);3,0 % – 4,0 %, дозирующая система ProMax;не ниже 40°C;;промаркированный;1 раз в смену;сотрудник внутреннего клининга;визуальный контроль/сотрудник отдела качества
128;Моечный, уборочный инвентарь и оборудование;пылесосы;пылесос;пылесос;;170;264;Производственное;дезинфекция;;ХИМИТЕК ПОЛИДЕЗ®-СУПЕР;ручной (протирание);0,02 %–0,04 % (по НУК), спрей-система ProTwin;18-20 ºС;30 мин;промаркированный;1 раз в смену;сотрудник внутреннего клининга;визуальный контроль/сотрудник отдела качества
129;Моечный, уборочный инвентарь и оборудование;сгоны;сгоны для воды;сгоны для воды;;170;265;Производственное;мойка;;ХИМИТЕК УНИВЕРСАЛ-ПД-Н;ручной (замачивание);3,0 % – 4,0 %, дозирующая система ProMax;не ниже 40°C;;промаркированный;1 раз в смену;сотрудник внутреннего клининга;визуальный контроль/сотрудник отдела качества
129;Моечный, уборочный инвентарь и оборудование;сгоны;сгоны для воды;сгоны для воды;;170;266;Производственное;дезинфекция;;ХИМИТЕК ПОЛИДЕЗ®-СУПЕР;ручной, замачивание;0,02 % – 0,05 % (по НУК), дозирующая система ProMax;18-20 ºС;30 мин;промаркированный;1 раз в смену;сотрудник внутреннего клининга;визуальный контроль/сотрудник отдела качества
130;Моечный, уборочный инвентарь и оборудование;тележки уборочные;тележки уборочные;тележки уборочные;;170;267;Производственное;мойка;;ХИМИТЕК УНИВЕРСАЛ-ПД-Н;ручной (замачивание);3,0 % – 4,0 %, дозирующая система ProMax;не ниже 40°C;;промаркированный;1 раз в смену;сотрудник внутреннего клининга;визуальный контроль/сотрудник отдела качества
130;Моечный, уборочный инвентарь и оборудование;тележки уборочные;тележки уборочные;тележки уборочные;;170;268;Производственное;дезинфекция;;ХИМИТЕК ПОЛИДЕЗ®-СУПЕР;ручной (протирание);0,02 %–0,04 % (по НУК), спрей-система ProTwin;18-20 ºС;30 мин;промаркированный;1 раз в смену;сотрудник внутреннего клининга;визуальный контроль/сотрудник отдела качества
131;Моечный, уборочный инвентарь и оборудование;щётки;щётки;щётки;;170;269;Производственное;мойка;;ХИМИТЕК УНИВЕРСАЛ-ПД-Н;ручной (замачивание);3,0 % – 4,0 %, дозирующая система ProMax;не ниже 40°C;;промаркированный;1 раз в смену;сотрудник внутреннего клининга;визуальный контроль/сотрудник отдела качества
131;Моечный, уборочный инвентарь и оборудование;щётки;щётки;щётки;;170;270;Производственное;дезинфекция;;ХИМИТЕК ПОЛИДЕЗ®-СУПЕР;ручной, замачивание;0,02 % – 0,05 % (по НУК), дозирующая система ProMax;18-20 ºС;30 мин;промаркированный;1 раз в смену;сотрудник внутреннего клининга;визуальный контроль/сотрудник отдела качества
132;Посудомоечное оборудование;пмм купольная;посудомоечная машина купольная;посудомоечная машина;купольная;160;271;Производственное;мойка;;ХИМИТЕК УНИВЕРСАЛ-ПД-Н;ручной (замачивание);3,0 % – 4,0 %, дозирующая система ProMax;не ниже 40°C;;промаркированный;1 раз в смену;сотрудник внутреннего клининга;визуальный контроль/сотрудник отдела качества
132;Посудомоечное оборудование;пмм купольная;посудомоечная машина купольная;посудомоечная машина;купольная;160;272;Производственное;дезинфекция;;ХИМИТЕК ПОЛИДЕЗ®-СУПЕР;ручной (протирание);0,02 %–0,04 % (по НУК), спрей-система ProTwin;18-20 ºС;30 мин;промаркированный;1 раз в смену;сотрудник внутреннего клининга;визуальный контроль/сотрудник отдела качества
133;Посудомоечное оборудование;пмм туннельная;посудомоечная машина туннельная;посудомоечная машина;туннельная;160;273;Производственное;мойка;;ХИМИТЕК УНИВЕРСАЛ-ПД-Н;ручной (замачивание);3,0 % – 4,0 %, дозирующая система ProMax;не ниже 40°C;;промаркированный;1 раз в смену;сотрудник внутреннего клининга;визуальный контроль/сотрудник отдела качества
133;Посудомоечное оборудование;пмм туннельная;посудомоечная машина туннельная;посудомоечная машина;туннельная;160;274;Производственное;дезинфекция;;ХИМИТЕК ПОЛИДЕЗ®-СУПЕР;ручной (протирание);0,02 %–0,04 % (по НУК), спрей-система ProTwin;18-20 ºС;30 мин;промаркированный;1 раз в смену;сотрудник внутреннего клининга;визуальный контроль/сотрудник отдела качества
134;Посудомоечное оборудование;таромоечная машина;таромоечная машина;таромоечная машина;;160;275;Производственное;мойка;;ХИМИТЕК УНИВЕРСАЛ-ПД-Н;ручной (замачивание);3,0 % – 4,0 %, дозирующая система ProMax;не ниже 40°C;;промаркированный;1 раз в смену;сотрудник внутреннего клининга;визуальный контроль/сотрудник отдела качества
134;Посудомоечное оборудование;таромоечная машина;таромоечная машина;таромоечная машина;;160;276;Производственное;дезинфекция;;ХИМИТЕК ПОЛИДЕЗ®-СУПЕР;ручной (протирание);0,02 %–0,04 % (по НУК), спрей-система ProTwin;18-20 ºС;30 мин;промаркированный;1 раз в смену;сотрудник внутреннего клининга;визуальный контроль/сотрудник отдела качества
202;Холодильное оборудование;холодильная витрина;Холодильная витрина;;;100;;Производственное;;;;;;;;;;;
135;Холодильное оборудование;камеры мороз;камеры морозильные;камеры морозильные;;160;277;Производственное;мойка;;ХИМИТЕК ЧУДОДЕЙ®-КОМБИ-ПЕНАКТИВ;ручной (протирание, обработка щёткой);2,0 % – 3,0 % дозирующая система ProMax;18-20 °C;;промаркированный;1 раз в 3 месяца;сотрудник внутреннего клининга;визуальный контроль/сотрудник отдела качества
135;Холодильное оборудование;камеры мороз;камеры морозильные;камеры морозильные;;160;278;Производственное;дезинфекция;;ХИМИТЕК ПОЛИДЕЗ®-СУПЕР;ручной (протирание);0,02 % – 0,05 % (по НУК), дозирующая система ProMax;18-20 °C;20 мин;промаркированный;1 раз в 3 месяца;сотрудник внутреннего клининга;визуальный контроль/сотрудник отдела качества
136;Холодильное оборудование;камеры холод;камеры холодильные;камеры холодильные;;160;279;Производственное;мойка;;ХИМИТЕК ЧУДОДЕЙ®-КОМБИ-ПЕНАКТИВ;ручной (протирание, обработка щёткой);2,0 % – 3,0 % дозирующая система ProMax;18-20 °C;;промаркированный;1 раз в 3 месяца;сотрудник внутреннего клининга;визуальный контроль/сотрудник отдела качества
136;Холодильное оборудование;камеры холод;камеры холодильные;камеры холодильные;;160;280;Производственное;дезинфекция;;ХИМИТЕК ПОЛИДЕЗ®-СУПЕР;ручной (протирание);0,02 % – 0,05 % (по НУК), дозирующая система ProMax;18-20 °C;20 мин;промаркированный;1 раз в 3 месяца;сотрудник внутреннего клининга;визуальный контроль/сотрудник отдела качества
137;Холодильное оборудование;камеры шок замор;камеры шоковой заморозки;камеры шоковой заморозки;;160;281;Производственное;мойка;;ХИМИТЕК ЧУДОДЕЙ®-КОМБИ-ПЕНАКТИВ;ручной (протирание, обработка щёткой);2,0 % – 3,0 % дозирующая система ProMax;18-20 °C;;промаркированный;1 раз в 3 месяца;сотрудник внутреннего клининга;визуальный контроль/сотрудник отдела качества
137;Холодильное оборудование;камеры шок замор;камеры шоковой заморозки;камеры шоковой заморозки;;160;282;Производственное;дезинфекция;;ХИМИТЕК ПОЛИДЕЗ®-СУПЕР;ручной (протирание);0,02 % – 0,05 % (по НУК), дозирующая система ProMax;18-20 °C;20 мин;промаркированный;1 раз в 3 месяца;сотрудник внутреннего клининга;визуальный контроль/сотрудник отдела качества
138;Холодильное оборудование;ледогенератор;ледогенератор;ледогенератор;;160;283;Производственное;мойка;;ХИМИТЕК ЧУДОДЕЙ®-КОМБИ-ПЕНАКТИВ;ручной (протирание, обработка щёткой);2,0 % – 3,0 % дозирующая система ProMax;18-20 °C;;промаркированный;1 раз в 3 месяца;сотрудник внутреннего клининга;визуальный контроль/сотрудник отдела качества
138;Холодильное оборудование;ледогенератор;ледогенератор;ледогенератор;;160;284;Производственное;дезинфекция;;ХИМИТЕК ПОЛИДЕЗ®-СУПЕР;ручной (протирание);0,02 % – 0,05 % (по НУК), дозирующая система ProMax;18-20 °C;20 мин;промаркированный;1 раз в 3 месяца;сотрудник внутреннего клининга;визуальный контроль/сотрудник отдела качества
139;Холодильное оборудование;морозильный ларь;морозильный ларь;морозильный ларь;;160;285;Производственное;мойка;;ХИМИТЕК ЧУДОДЕЙ®-КОМБИ-ПЕНАКТИВ;ручной (протирание, обработка щёткой);2,0 % – 3,0 % дозирующая система ProMax;18-20 °C;;промаркированный;1 раз в 3 месяца;сотрудник внутреннего клининга;визуальный контроль/сотрудник отдела качества
139;Холодильное оборудование;морозильный ларь;морозильный ларь;морозильный ларь;;160;286;Производственное;дезинфекция;;ХИМИТЕК ПОЛИДЕЗ®-СУПЕР;ручной (протирание);0,02 % – 0,05 % (по НУК), дозирующая система ProMax;18-20 °C;20 мин;промаркированный;1 раз в 3 месяца;сотрудник внутреннего клининга;визуальный контроль/сотрудник отдела качества
140;Холодильное оборудование;холод столы;холодильные столы;холодильные столы;;160;287;Производственное;мойка;;ХИМИТЕК ЧУДОДЕЙ®-КОМБИ-ПЕНАКТИВ;ручной (протирание, обработка щёткой);2,0 % – 3,0 % дозирующая система ProMax;18-20 °C;;промаркированный;1 раз в неделю;сотрудник внутреннего клининга;визуальный контроль/сотрудник отдела качества
140;Холодильное оборудование;холод столы;холодильные столы;холодильные столы;;160;288;Производственное;дезинфекция;;ХИМИТЕК ПОЛИДЕЗ®-СУПЕР;ручной (протирание);0,02 % – 0,05 % (по НУК), дозирующая система ProMax;18-20 °C;20 мин;промаркированный;1 раз в неделю;сотрудник внутреннего клининга;визуальный контроль/сотрудник отдела качества
141;Холодильное оборудование;холод шкафы;холодильные шкафы;холодильные шкафы;;160;289;Производственное;мойка;;ХИМИТЕК ЧУДОДЕЙ®-КОМБИ-ПЕНАКТИВ;ручной (протирание, обработка щёткой);2,0 % – 3,0 % дозирующая система ProMax;18-20 °C;;промаркированный;1 раз в неделю;сотрудник внутреннего клининга;визуальный контроль/сотрудник отдела качества
141;Холодильное оборудование;холод шкафы;холодильные шкафы;холодильные шкафы;;160;290;Производственное;дезинфекция;;ХИМИТЕК ПОЛИДЕЗ®-СУПЕР;ручной (протирание);0,02 % – 0,05 % (по НУК), дозирующая система ProMax;18-20 °C;20 мин;промаркированный;1 раз в неделю;сотрудник внутреннего клининга;визуальный контроль/сотрудник отдела качества
142;Тепловое оборудование;варочные котлы;варочные котлы;варочные котлы;;150;291;Производственное;мойка;;ХИМИТЕК ЧУДОДЕЙ®-КОМБИ-ПЕНАКТИВ;ручной (протирание);2,0 % – 3,0 % дозирующая система ProMax;18-20 °C;;промаркированный;1 раз в смену;сотрудник производства;визуальный контроль, химический контроль, микробиологический контроль /сотрудник отдела качества
142;Тепловое оборудование;варочные котлы;варочные котлы;варочные котлы;;150;292;Производственное;дезинфекция;;ХИМИТЕК ПОЛИДЕЗ®-СУПЕР;ручной (протирание);0,02 % – 0,05 % (по НУК), дозирующая система ProMax;18-20 °C;20 мин;промаркированный;1 раз в смену;сотрудник производства;визуальный контроль, химический контроль, микробиологический контроль /сотрудник отдела качества
143;Тепловое оборудование;вафельницы;вафельницы;вафельницы;;150;293;Производственное;мойка;;ХИМИТЕК ЧУДОДЕЙ®-КОМБИ-ПЕНАКТИВ;ручной (протирание);2,0 % – 3,0 % дозирующая система ProMax;18-20 °C;;промаркированный;1 раз в смену;сотрудник производства;визуальный контроль, химический контроль, микробиологический контроль /сотрудник отдела качества
143;Тепловое оборудование;вафельницы;вафельницы;вафельницы;;150;294;Производственное;дезинфекция;;ХИМИТЕК ПОЛИДЕЗ®-СУПЕР;ручной (протирание);0,02 % – 0,05 % (по НУК), дозирующая система ProMax;18-20 °C;20 мин;промаркированный;1 раз в смену;сотрудник производства;визуальный контроль, химический контроль, микробиологический контроль /сотрудник отдела качества
144;Тепловое оборудование;грили;грили;грили;;150;295;Производственное;мойка;;ХИМИТЕК ЧУДОДЕЙ®-КОМБИ-ПЕНАКТИВ;ручной (протирание);2,0 % – 3,0 % дозирующая система ProMax;18-20 °C;;промаркированный;1 раз в смену;сотрудник производства;визуальный контроль, химический контроль, микробиологический контроль /сотрудник отдела качества
144;Тепловое оборудование;грили;грили;грили;;150;296;Производственное;дезинфекция;;ХИМИТЕК ПОЛИДЕЗ®-СУПЕР;ручной (протирание);0,02 % – 0,05 % (по НУК), дозирующая система ProMax;18-20 °C;20 мин;промаркированный;1 раз в смену;сотрудник производства;визуальный контроль, химический контроль, микробиологический контроль /сотрудник отдела качества
145;Тепловое оборудование;пароконвектоматы;пароконвектоматы;пароконвектоматы;;150;297;Производственное;мойка;;ХИМИТЕК ЧУДОДЕЙ®-КОМБИ-ПЕНАКТИВ;ручной (протирание);2,0 % – 3,0 % дозирующая система ProMax;18-20 °C;;промаркированный;1 раз в смену;сотрудник производства;визуальный контроль, химический контроль, микробиологический контроль /сотрудник отдела качества
145;Тепловое оборудование;пароконвектоматы;пароконвектоматы;пароконвектоматы;;150;298;Производственное;дезинфекция;;ХИМИТЕК ПОЛИДЕЗ®-СУПЕР;ручной (протирание);0,02 % – 0,05 % (по НУК), дозирующая система ProMax;18-20 °C;20 мин;промаркированный;1 раз в смену;сотрудник производства;визуальный контроль, химический контроль, микробиологический контроль /сотрудник отдела качества
146;Тепловое оборудование;печи подовые;печи подовые;печи подовые;;150;299;Производственное;мойка;;ХИМИТЕК ЧУДОДЕЙ®-КОМБИ-ПЕНАКТИВ;ручной (протирание);2,0 % – 3,0 % дозирующая система ProMax;18-20 °C;;промаркированный;1 раз в смену;сотрудник производства;визуальный контроль, химический контроль, микробиологический контроль /сотрудник отдела качества
146;Тепловое оборудование;печи подовые;печи подовые;печи подовые;;150;300;Производственное;дезинфекция;;ХИМИТЕК ПОЛИДЕЗ®-СУПЕР;ручной (протирание);0,02 % – 0,05 % (по НУК), дозирующая система ProMax;18-20 °C;20 мин;промаркированный;1 раз в смену;сотрудник производства;визуальный контроль, химический контроль, микробиологический контроль /сотрудник отдела качества
147;Тепловое оборудование;печи ротационные;печи ротационные;печи ротационные;;150;301;Производственное;мойка;;ХИМИТЕК ЧУДОДЕЙ®-КОМБИ-ПЕНАКТИВ;ручной (протирание);2,0 % – 3,0 % дозирующая система ProMax;18-20 °C;;промаркированный;1 раз в смену;сотрудник производства;визуальный контроль, химический контроль, микробиологический контроль /сотрудник отдела качества
147;Тепловое оборудование;печи ротационные;печи ротационные;печи ротационные;;150;302;Производственное;дезинфекция;;ХИМИТЕК ПОЛИДЕЗ®-СУПЕР;ручной (протирание);0,02 % – 0,05 % (по НУК), дозирующая система ProMax;18-20 °C;20 мин;промаркированный;1 раз в смену;сотрудник производства;визуальный контроль, химический контроль, микробиологический контроль /сотрудник отдела качества
148;Тепловое оборудование;плиты газ;плиты газовые;плиты газовые;;150;303;Производственное;мойка;;ХИМИТЕК ЧУДОДЕЙ®-КОМБИ-ПЕНАКТИВ;ручной (протирание);2,0 % – 3,0 % дозирующая система ProMax;18-20 °C;;промаркированный;1 раз в смену;сотрудник производства;визуальный контроль, химический контроль, микробиологический контроль /сотрудник отдела качества
148;Тепловое оборудование;плиты газ;плиты газовые;плиты газовые;;150;304;Производственное;дезинфекция;;ХИМИТЕК ПОЛИДЕЗ®-СУПЕР;ручной (протирание);0,02 % – 0,05 % (по НУК), дозирующая система ProMax;18-20 °C;20 мин;промаркированный;1 раз в смену;сотрудник производства;визуальный контроль, химический контроль, микробиологический контроль /сотрудник отдела качества
149;Тепловое оборудование;плиты индук;плиты индукционные;плиты индукционные;;150;305;Производственное;мойка;;ХИМИТЕК ЧУДОДЕЙ®-КОМБИ-ПЕНАКТИВ;ручной (протирание);2,0 % – 3,0 % дозирующая система ProMax;18-20 °C;;промаркированный;1 раз в смену;сотрудник производства;визуальный контроль, химический контроль, микробиологический контроль /сотрудник отдела качества
149;Тепловое оборудование;плиты индук;плиты индукционные;плиты индукционные;;150;306;Производственное;дезинфекция;;ХИМИТЕК ПОЛИДЕЗ®-СУПЕР;ручной (протирание);0,02 % – 0,05 % (по НУК), дозирующая система ProMax;18-20 °C;20 мин;промаркированный;1 раз в смену;сотрудник производства;визуальный контроль, химический контроль, микробиологический контроль /сотрудник отдела качества
150;Тепловое оборудование;плиты элек;плиты электрические;плиты электрические;;150;307;Производственное;мойка;;ХИМИТЕК ЧУДОДЕЙ®-КОМБИ-ПЕНАКТИВ;ручной (протирание);2,0 % – 3,0 % дозирующая система ProMax;18-20 °C;;промаркированный;1 раз в смену;сотрудник производства;визуальный контроль, химический контроль, микробиологический контроль /сотрудник отдела качества
150;Тепловое оборудование;плиты элек;плиты электрические;плиты электрические;;150;308;Производственное;дезинфекция;;ХИМИТЕК ПОЛИДЕЗ®-СУПЕР;ручной (протирание);0,02 % – 0,05 % (по НУК), дозирующая система ProMax;18-20 °C;20 мин;промаркированный;1 раз в смену;сотрудник производства;визуальный контроль, химический контроль, микробиологический контроль /сотрудник отдела качества
151;Тепловое оборудование;расстоечные шкафы;расстоечные шкафы;расстоечные шкафы;;150;309;Производственное;мойка;;ХИМИТЕК ЧУДОДЕЙ®-КОМБИ-ПЕНАКТИВ;ручной (протирание);2,0 % – 3,0 % дозирующая система ProMax;18-20 °C;;промаркированный;1 раз в смену;сотрудник производства;визуальный контроль, химический контроль, микробиологический контроль /сотрудник отдела качества
151;Тепловое оборудование;расстоечные шкафы;расстоечные шкафы;расстоечные шкафы;;150;310;Производственное;дезинфекция;;ХИМИТЕК ПОЛИДЕЗ®-СУПЕР;ручной (протирание);0,02 % – 0,05 % (по НУК), дозирующая система ProMax;18-20 °C;20 мин;промаркированный;1 раз в смену;сотрудник производства;визуальный контроль, химический контроль, микробиологический контроль /сотрудник отдела качества
152;Тепловое оборудование;сковороды;сковороды;сковороды;;150;311;Производственное;мойка;;ХИМИТЕК ЧУДОДЕЙ®-КОМБИ-ПЕНАКТИВ;ручной (протирание);2,0 % – 3,0 % дозирующая система ProMax;18-20 °C;;промаркированный;1 раз в смену;сотрудник производства;визуальный контроль, химический контроль, микробиологический контроль /сотрудник отдела качества
152;Тепловое оборудование;сковороды;сковороды;сковороды;;150;312;Производственное;дезинфекция;;ХИМИТЕК ПОЛИДЕЗ®-СУПЕР;ручной (протирание);0,02 % – 0,05 % (по НУК), дозирующая система ProMax;18-20 °C;20 мин;промаркированный;1 раз в смену;сотрудник производства;визуальный контроль, химический контроль, микробиологический контроль /сотрудник отдела качества
153;Тепловое оборудование;фритюры;фритюры;фритюры;;150;313;Производственное;мойка;;ХИМИТЕК ЧУДОДЕЙ®-КОМБИ-ПЕНАКТИВ;ручной (протирание);2,0 % – 3,0 % дозирующая система ProMax;18-20 °C;;промаркированный;1 раз в смену;сотрудник производства;визуальный контроль, химический контроль, микробиологический контроль /сотрудник отдела качества
153;Тепловое оборудование;фритюры;фритюры;фритюры;;150;314;Производственное;дезинфекция;;ХИМИТЕК ПОЛИДЕЗ®-СУПЕР;ручной (протирание);0,02 % – 0,05 % (по НУК), дозирующая система ProMax;18-20 °C;20 мин;промаркированный;1 раз в смену;сотрудник производства;визуальный контроль, химический контроль, микробиологический контроль /сотрудник отдела качества
201;Технологическое оборудование;прибор кисл теста;Прибор для определения кислотности теста;;;100;;Производственное;;;;;;;;;;;
154;Технологическое оборудование;бисквиторезки;бисквиторезки;бисквиторезки;;150;315;Производственное;мойка;;ХИМИТЕК ЧУДОДЕЙ®-КОМБИ-ПЕНАКТИВ;ручной (протирание);2,0 % – 3,0 % дозирующая система ProMax;18-20 °C;;промаркированный;1 раз в смену;сотрудник производства;визуальный контроль, химический контроль, микробиологический контроль /сотрудник отдела качества
154;Технологическое оборудование;бисквиторезки;бисквиторезки;бисквиторезки;;150;316;Производственное;дезинфекция;;ХИМИТЕК ПОЛИДЕЗ®-СУПЕР;ручной (протирание);0,02 % – 0,05 % (по НУК), дозирующая система ProMax;18-20 °C;20 мин;промаркированный;1 раз в смену;сотрудник производства;визуальный контроль, химический контроль, микробиологический контроль /сотрудник отдела качества
155;Технологическое оборудование;блендеры;блендеры;блендеры;;150;317;Производственное;мойка;;ХИМИТЕК ЧУДОДЕЙ®-КОМБИ-ПЕНАКТИВ;ручной (протирание);2,0 % – 3,0 % дозирующая система ProMax;18-20 °C;;промаркированный;1 раз в смену;сотрудник производства;визуальный контроль, химический контроль, микробиологический контроль /сотрудник отдела качества
155;Технологическое оборудование;блендеры;блендеры;блендеры;;150;318;Производственное;дезинфекция;;ХИМИТЕК ПОЛИДЕЗ®-СУПЕР;ручной (протирание);0,02 % – 0,05 % (по НУК), дозирующая система ProMax;18-20 °C;20 мин;промаркированный;1 раз в смену;сотрудник производства;визуальный контроль, химический контроль, микробиологический контроль /сотрудник отдела качества
156;Технологическое оборудование;вакуумные роторные шприцы;вакуумные роторные шприцы;вакуумные роторные шприцы;;150;319;Производственное;мойка;;ХИМИТЕК ЧУДОДЕЙ®-КОМБИ-ПЕНАКТИВ;ручной (протирание);2,0 % – 3,0 % дозирующая система ProMax;18-20 °C;;промаркированный;1 раз в смену;сотрудник производства;визуальный контроль, химический контроль, микробиологический контроль /сотрудник отдела качества
156;Технологическое оборудование;вакуумные роторные шприцы;вакуумные роторные шприцы;вакуумные роторные шприцы;;150;320;Производственное;дезинфекция;;ХИМИТЕК ПОЛИДЕЗ®-СУПЕР;ручной (протирание);0,02 % – 0,05 % (по НУК), дозирующая система ProMax;18-20 °C;20 мин;промаркированный;1 раз в смену;сотрудник производства;визуальный контроль, химический контроль, микробиологический контроль /сотрудник отдела качества
157;Технологическое оборудование;весы напольные;весы напольные;весы напольные;;150;321;Производственное;мойка;;ХИМИТЕК ЧУДОДЕЙ®-КОМБИ-ПЕНАКТИВ;ручной (протирание);2,0 % – 3,0 % дозирующая система ProMax;18-20 °C;;промаркированный;1 раз в смену;сотрудник производства;визуальный контроль, химический контроль, микробиологический контроль /сотрудник отдела качества
157;Технологическое оборудование;весы напольные;весы напольные;весы напольные;;150;322;Производственное;дезинфекция;;ХИМИТЕК ПОЛИДЕЗ®-СУПЕР;ручной (протирание);0,02 % – 0,05 % (по НУК), дозирующая система ProMax;18-20 °C;20 мин;промаркированный;1 раз в смену;сотрудник производства;визуальный контроль, химический контроль, микробиологический контроль /сотрудник отдела качества
158;Технологическое оборудование;весы настольные;весы настольные;весы настольные;;150;323;Производственное;мойка;;ХИМИТЕК ЧУДОДЕЙ®-КОМБИ-ПЕНАКТИВ;ручной (протирание);2,0 % – 3,0 % дозирующая система ProMax;18-20 °C;;промаркированный;1 раз в смену;сотрудник производства;визуальный контроль, химический контроль, микробиологический контроль /сотрудник отдела качества
158;Технологическое оборудование;весы настольные;весы настольные;весы настольные;;150;324;Производственное;дезинфекция;;ХИМИТЕК ПОЛИДЕЗ®-СУПЕР;ручной (протирание);0,02 % – 0,05 % (по НУК), дозирующая система ProMax;18-20 °C;20 мин;промаркированный;1 раз в смену;сотрудник производства;визуальный контроль, химический контроль, микробиологический контроль /сотрудник отдела качества
159;Технологическое оборудование;водяные бани;водяные бани;водяные бани;;150;325;Производственное;мойка;;ХИМИТЕК ЧУДОДЕЙ®-КОМБИ-ПЕНАКТИВ;ручной (протирание);2,0 % – 3,0 % дозирующая система ProMax;18-20 °C;;промаркированный;1 раз в смену;сотрудник производства;визуальный контроль, химический контроль, микробиологический контроль /сотрудник отдела качества
159;Технологическое оборудование;водяные бани;водяные бани;водяные бани;;150;326;Производственное;дезинфекция;;ХИМИТЕК ПОЛИДЕЗ®-СУПЕР;ручной (протирание);0,02 % – 0,05 % (по НУК), дозирующая система ProMax;18-20 °C;20 мин;промаркированный;1 раз в смену;сотрудник производства;визуальный контроль, химический контроль, микробиологический контроль /сотрудник отдела качества
160;Технологическое оборудование;депозитор волюметрический;депозитор волюметрический;депозитор волюметрический;;150;327;Производственное;мойка;;ХИМИТЕК ЧУДОДЕЙ®-КОМБИ-ПЕНАКТИВ;ручной (протирание);2,0 % – 3,0 % дозирующая система ProMax;18-20 °C;;промаркированный;1 раз в смену;сотрудник производства;визуальный контроль, химический контроль, микробиологический контроль /сотрудник отдела качества
160;Технологическое оборудование;депозитор волюметрический;депозитор волюметрический;депозитор волюметрический;;150;328;Производственное;дезинфекция;;ХИМИТЕК ПОЛИДЕЗ®-СУПЕР;ручной (протирание);0,02 % – 0,05 % (по НУК), дозирующая система ProMax;18-20 °C;20 мин;промаркированный;1 раз в смену;сотрудник производства;визуальный контроль, химический контроль, микробиологический контроль /сотрудник отдела качества
161;Технологическое оборудование;дозатор для геля (пульверизатор);дозатор для геля (пульверизатор);дозатор для геля (пульверизатор);;150;329;Производственное;мойка;;ХИМИТЕК ЧУДОДЕЙ®-КОМБИ-ПЕНАКТИВ;ручной (протирание);2,0 % – 3,0 % дозирующая система ProMax;18-20 °C;;промаркированный;1 раз в смену;сотрудник производства;визуальный контроль, химический контроль, микробиологический контроль /сотрудник отдела качества
161;Технологическое оборудование;дозатор для геля (пульверизатор);дозатор для геля (пульверизатор);дозатор для геля (пульверизатор);;150;330;Производственное;дезинфекция;;ХИМИТЕК ПОЛИДЕЗ®-СУПЕР;ручной (протирание);0,02 % – 0,05 % (по НУК), дозирующая система ProMax;18-20 °C;20 мин;промаркированный;1 раз в смену;сотрудник производства;визуальный контроль, химический контроль, микробиологический контроль /сотрудник отдела качества
162;Технологическое оборудование;дозаторы для жидкостей;дозаторы для жидкостей;дозаторы для жидкостей;;150;331;Производственное;мойка;;ХИМИТЕК ЧУДОДЕЙ®-КОМБИ-ПЕНАКТИВ;ручной (протирание);2,0 % – 3,0 % дозирующая система ProMax;18-20 °C;;промаркированный;1 раз в смену;сотрудник производства;визуальный контроль, химический контроль, микробиологический контроль /сотрудник отдела качества
162;Технологическое оборудование;дозаторы для жидкостей;дозаторы для жидкостей;дозаторы для жидкостей;;150;332;Производственное;дезинфекция;;ХИМИТЕК ПОЛИДЕЗ®-СУПЕР;ручной (протирание);0,02 % – 0,05 % (по НУК), дозирующая система ProMax;18-20 °C;20 мин;промаркированный;1 раз в смену;сотрудник производства;визуальный контроль, химический контроль, микробиологический контроль /сотрудник отдела качества
163;Технологическое оборудование;дробилки;дробилки;дробилки;;150;333;Производственное;мойка;;ХИМИТЕК ЧУДОДЕЙ®-КОМБИ-ПЕНАКТИВ;ручной (протирание);2,0 % – 3,0 % дозирующая система ProMax;18-20 °C;;промаркированный;1 раз в смену;сотрудник производства;визуальный контроль, химический контроль, микробиологический контроль /сотрудник отдела качества
163;Технологическое оборудование;дробилки;дробилки;дробилки;;150;334;Производственное;дезинфекция;;ХИМИТЕК ПОЛИДЕЗ®-СУПЕР;ручной (протирание);0,02 % – 0,05 % (по НУК), дозирующая система ProMax;18-20 °C;20 мин;промаркированный;1 раз в смену;сотрудник производства;визуальный контроль, химический контроль, микробиологический контроль /сотрудник отдела качества
164;Технологическое оборудование;измельчители;измельчители;измельчители;;150;335;Производственное;мойка;;ХИМИТЕК ЧУДОДЕЙ®-КОМБИ-ПЕНАКТИВ;ручной (протирание);2,0 % – 3,0 % дозирующая система ProMax;18-20 °C;;промаркированный;1 раз в смену;сотрудник производства;визуальный контроль, химический контроль, микробиологический контроль /сотрудник отдела качества
164;Технологическое оборудование;измельчители;измельчители;измельчители;;150;336;Производственное;дезинфекция;;ХИМИТЕК ПОЛИДЕЗ®-СУПЕР;ручной (протирание);0,02 % – 0,05 % (по НУК), дозирующая система ProMax;18-20 °C;20 мин;промаркированный;1 раз в смену;сотрудник производства;визуальный контроль, химический контроль, микробиологический контроль /сотрудник отдела качества
165;Технологическое оборудование;картофелечистки;картофелечистки;картофелечистки;;150;337;Производственное;мойка;;ХИМИТЕК ЧУДОДЕЙ®-КОМБИ-ПЕНАКТИВ;ручной (протирание);2,0 % – 3,0 % дозирующая система ProMax;18-20 °C;;промаркированный;1 раз в смену;сотрудник производства;визуальный контроль, химический контроль, микробиологический контроль /сотрудник отдела качества
165;Технологическое оборудование;картофелечистки;картофелечистки;картофелечистки;;150;338;Производственное;дезинфекция;;ХИМИТЕК ПОЛИДЕЗ®-СУПЕР;ручной (протирание);0,02 % – 0,05 % (по НУК), дозирующая система ProMax;18-20 °C;20 мин;промаркированный;1 раз в смену;сотрудник производства;визуальный контроль, химический контроль, микробиологический контроль /сотрудник отдела качества
166;Технологическое оборудование;машина для резки конд изделий;машина для резки кондитерских изделий;машина для резки кондитерских изделий;;150;339;Производственное;мойка;;ХИМИТЕК ЧУДОДЕЙ®-КОМБИ-ПЕНАКТИВ;ручной (протирание);2,0 % – 3,0 % дозирующая система ProMax;18-20 °C;;промаркированный;1 раз в смену;сотрудник производства;визуальный контроль, химический контроль, микробиологический контроль /сотрудник отдела качества
166;Технологическое оборудование;машина для резки конд изделий;машина для резки кондитерских изделий;машина для резки кондитерских изделий;;150;340;Производственное;дезинфекция;;ХИМИТЕК ПОЛИДЕЗ®-СУПЕР;ручной (протирание);0,02 % – 0,05 % (по НУК), дозирующая система ProMax;18-20 °C;20 мин;промаркированный;1 раз в смену;сотрудник производства;визуальный контроль, химический контроль, микробиологический контроль /сотрудник отдела качества
167;Технологическое оборудование;металлодетектор;металлодетектор;металлодетектор;;150;341;Производственное;мойка;;ХИМИТЕК ЧУДОДЕЙ®-КОМБИ-ПЕНАКТИВ;ручной (протирание);2,0 % – 3,0 % дозирующая система ProMax;18-20 °C;;промаркированный;1 раз в смену;сотрудник производства;визуальный контроль, химический контроль, микробиологический контроль /сотрудник отдела качества
167;Технологическое оборудование;металлодетектор;металлодетектор;металлодетектор;;150;342;Производственное;дезинфекция;;ХИМИТЕК ПОЛИДЕЗ®-СУПЕР;ручной (протирание);0,02 % – 0,05 % (по НУК), дозирующая система ProMax;18-20 °C;20 мин;промаркированный;1 раз в смену;сотрудник производства;визуальный контроль, химический контроль, микробиологический контроль /сотрудник отдела качества
168;Технологическое оборудование;миксеры планетарные;миксеры планетарные;миксеры планетарные;;150;343;Производственное;мойка;;ХИМИТЕК ЧУДОДЕЙ®-КОМБИ-ПЕНАКТИВ;ручной (протирание);2,0 % – 3,0 % дозирующая система ProMax;18-20 °C;;промаркированный;1 раз в смену;сотрудник производства;визуальный контроль, химический контроль, микробиологический контроль /сотрудник отдела качества
168;Технологическое оборудование;миксеры планетарные;миксеры планетарные;миксеры планетарные;;150;344;Производственное;дезинфекция;;ХИМИТЕК ПОЛИДЕЗ®-СУПЕР;ручной (протирание);0,02 % – 0,05 % (по НУК), дозирующая система ProMax;18-20 °C;20 мин;промаркированный;1 раз в смену;сотрудник производства;визуальный контроль, химический контроль, микробиологический контроль /сотрудник отдела качества
169;Технологическое оборудование;минифилы (дозаторы крема);минифилы (дозаторы крема);минифилы (дозаторы крема);;150;345;Производственное;мойка;;ХИМИТЕК ЧУДОДЕЙ®-КОМБИ-ПЕНАКТИВ;ручной (протирание);2,0 % – 3,0 % дозирующая система ProMax;18-20 °C;;промаркированный;1 раз в смену;сотрудник производства;визуальный контроль, химический контроль, микробиологический контроль /сотрудник отдела качества
169;Технологическое оборудование;минифилы (дозаторы крема);минифилы (дозаторы крема);минифилы (дозаторы крема);;150;346;Производственное;дезинфекция;;ХИМИТЕК ПОЛИДЕЗ®-СУПЕР;ручной (протирание);0,02 % – 0,05 % (по НУК), дозирующая система ProMax;18-20 °C;20 мин;промаркированный;1 раз в смену;сотрудник производства;визуальный контроль, химический контроль, микробиологический контроль /сотрудник отдела качества
170;Технологическое оборудование;овощерезки;овощерезки;овощерезки;;150;347;Производственное;мойка;;ХИМИТЕК ЧУДОДЕЙ®-КОМБИ-ПЕНАКТИВ;ручной (протирание);2,0 % – 3,0 % дозирующая система ProMax;18-20 °C;;промаркированный;1 раз в смену;сотрудник производства;визуальный контроль, химический контроль, микробиологический контроль /сотрудник отдела качества
170;Технологическое оборудование;овощерезки;овощерезки;овощерезки;;150;348;Производственное;дезинфекция;;ХИМИТЕК ПОЛИДЕЗ®-СУПЕР;ручной (протирание);0,02 % – 0,05 % (по НУК), дозирующая система ProMax;18-20 °C;20 мин;промаркированный;1 раз в смену;сотрудник производства;визуальный контроль, химический контроль, микробиологический контроль /сотрудник отдела качества
171;Технологическое оборудование;овощечистки;овощечистки;овощечистки;;150;349;Производственное;мойка;;ХИМИТЕК ЧУДОДЕЙ®-КОМБИ-ПЕНАКТИВ;ручной (протирание);2,0 % – 3,0 % дозирующая система ProMax;18-20 °C;;промаркированный;1 раз в смену;сотрудник производства;визуальный контроль, химический контроль, микробиологический контроль /сотрудник отдела качества
171;Технологическое оборудование;овощечистки;овощечистки;овощечистки;;150;350;Производственное;дезинфекция;;ХИМИТЕК ПОЛИДЕЗ®-СУПЕР;ручной (протирание);0,02 % – 0,05 % (по НУК), дозирующая система ProMax;18-20 °C;20 мин;промаркированный;1 раз в смену;сотрудник производства;визуальный контроль, химический контроль, микробиологический контроль /сотрудник отдела качества
172;Технологическое оборудование;отсадочные машины;отсадочные машины;отсадочные машины;;150;351;Производственное;мойка;;ХИМИТЕК ЧУДОДЕЙ®-КОМБИ-ПЕНАКТИВ;ручной (протирание);2,0 % – 3,0 % дозирующая система ProMax;18-20 °C;;промаркированный;1 раз в смену;сотрудник производства;визуальный контроль, химический контроль, микробиологический контроль /сотрудник отдела качества
172;Технологическое оборудование;отсадочные машины;отсадочные машины;отсадочные машины;;150;352;Производственное;дезинфекция;;ХИМИТЕК ПОЛИДЕЗ®-СУПЕР;ручной (протирание);0,02 % – 0,05 % (по НУК), дозирующая система ProMax;18-20 °C;20 мин;промаркированный;1 раз в смену;сотрудник производства;визуальный контроль, химический контроль, микробиологический контроль /сотрудник отдела качества
173;Технологическое оборудование;пневматические распылители;пневматические распылители;пневматические распылители;;150;353;Производственное;мойка;;ХИМИТЕК ЧУДОДЕЙ®-КОМБИ-ПЕНАКТИВ;ручной (протирание);2,0 % – 3,0 % дозирующая система ProMax;18-20 °C;;промаркированный;1 раз в смену;сотрудник производства;визуальный контроль, химический контроль, микробиологический контроль /сотрудник отдела качества
173;Технологическое оборудование;пневматические распылители;пневматические распылители;пневматические распылители;;150;354;Производственное;дезинфекция;;ХИМИТЕК ПОЛИДЕЗ®-СУПЕР;ручной (протирание);0,02 % – 0,05 % (по НУК), дозирующая система ProMax;18-20 °C;20 мин;промаркированный;1 раз в смену;сотрудник производства;визуальный контроль, химический контроль, микробиологический контроль /сотрудник отдела качества
174;Технологическое оборудование;прессы для теста;прессы для теста;прессы для теста;;150;355;Производственное;мойка;;ХИМИТЕК ЧУДОДЕЙ®-КОМБИ-ПЕНАКТИВ;ручной (протирание);2,0 % – 3,0 % дозирующая система ProMax;18-20 °C;;промаркированный;1 раз в смену;сотрудник производства;визуальный контроль, химический контроль, микробиологический контроль /сотрудник отдела качества
174;Технологическое оборудование;прессы для теста;прессы для теста;прессы для теста;;150;356;Производственное;дезинфекция;;ХИМИТЕК ПОЛИДЕЗ®-СУПЕР;ручной (протирание);0,02 % – 0,05 % (по НУК), дозирующая система ProMax;18-20 °C;20 мин;промаркированный;1 раз в смену;сотрудник производства;визуальный контроль, химический контроль, микробиологический контроль /сотрудник отдела качества
175;Технологическое оборудование;производственные столы д;производственные столы деревянные;производственные столы;Д;150;357;Производственное;мойка;;ХИМИТЕК ЧУДОДЕЙ®-КОМБИ-ПЕНАКТИВ;ручной (протирание);2,0 % – 3,0 % дозирующая система ProMax;18-20 °C;;промаркированный;1 раз в смену;сотрудник производства;визуальный контроль, химический контроль, микробиологический контроль /сотрудник отдела качества
175;Технологическое оборудование;производственные столы д;производственные столы деревянные;производственные столы;Д;150;358;Производственное;дезинфекция;;ХИМИТЕК ПОЛИДЕЗ®-СУПЕР;ручной (протирание);0,02 % – 0,05 % (по НУК), дозирующая система ProMax;18-20 °C;20 мин;промаркированный;1 раз в смену;сотрудник производства;визуальный контроль, химический контроль, микробиологический контроль /сотрудник отдела качества
176;Технологическое оборудование;производственные столы н;производственные столы из нержавеющий стали;производственные столы;Н;150;359;Производственное;мойка;;ХИМИТЕК ЧУДОДЕЙ®-КОМБИ-ПЕНАКТИВ;ручной (протирание);2,0 % – 3,0 % дозирующая система ProMax;18-20 °C;;промаркированный;1 раз в смену;сотрудник производства;визуальный контроль, химический контроль, микробиологический контроль /сотрудник отдела качества
176;Технологическое оборудование;производственные столы н;производственные столы из нержавеющий стали;производственные столы;Н;150;360;Производственное;дезинфекция;;ХИМИТЕК ПОЛИДЕЗ®-СУПЕР;ручной (протирание);0,02 % – 0,05 % (по НУК), дозирующая система ProMax;18-20 °C;20 мин;промаркированный;1 раз в смену;сотрудник производства;визуальный контроль, химический контроль, микробиологический контроль /сотрудник отдела качества
177;Технологическое оборудование;просеиватели мука;просеиватели для муки;просеиватели для муки;;150;361;Производственное;мойка;;ХИМИТЕК ЧУДОДЕЙ®-КОМБИ-ПЕНАКТИВ;ручной (протирание);2,0 % – 3,0 % дозирующая система ProMax;18-20 °C;;промаркированный;1 раз в смену;сотрудник производства;визуальный контроль, химический контроль, микробиологический контроль /сотрудник отдела качества
177;Технологическое оборудование;просеиватели мука;просеиватели для муки;просеиватели для муки;;150;362;Производственное;дезинфекция;;ХИМИТЕК ПОЛИДЕЗ®-СУПЕР;ручной (протирание);0,02 % – 0,05 % (по НУК), дозирующая система ProMax;18-20 °C;20 мин;промаркированный;1 раз в смену;сотрудник производства;визуальный контроль, химический контроль, микробиологический контроль /сотрудник отдела качества
178;Технологическое оборудование;просеиватели сахар;просеиватели для сахара;просеиватели для сахара;;150;363;Производственное;мойка;;ХИМИТЕК ЧУДОДЕЙ®-КОМБИ-ПЕНАКТИВ;ручной (протирание);2,0 % – 3,0 % дозирующая система ProMax;18-20 °C;;промаркированный;1 раз в смену;сотрудник производства;визуальный контроль, химический контроль, микробиологический контроль /сотрудник отдела качества
178;Технологическое оборудование;просеиватели сахар;просеиватели для сахара;просеиватели для сахара;;150;364;Производственное;дезинфекция;;ХИМИТЕК ПОЛИДЕЗ®-СУПЕР;ручной (протирание);0,02 % – 0,05 % (по НУК), дозирующая система ProMax;18-20 °C;20 мин;промаркированный;1 раз в смену;сотрудник производства;визуальный контроль, химический контроль, микробиологический контроль /сотрудник отдела качества
179;Технологическое оборудование;протирочные машины;протирочные машины;протирочные машины;;150;365;Производственное;мойка;;ХИМИТЕК ЧУДОДЕЙ®-КОМБИ-ПЕНАКТИВ;ручной (протирание);2,0 % – 3,0 % дозирующая система ProMax;18-20 °C;;промаркированный;1 раз в смену;сотрудник производства;визуальный контроль, химический контроль, микробиологический контроль /сотрудник отдела качества
179;Технологическое оборудование;протирочные машины;протирочные машины;протирочные машины;;150;366;Производственное;дезинфекция;;ХИМИТЕК ПОЛИДЕЗ®-СУПЕР;ручной (протирание);0,02 % – 0,05 % (по НУК), дозирующая система ProMax;18-20 °C;20 мин;промаркированный;1 раз в смену;сотрудник производства;визуальный контроль, химический контроль, микробиологический контроль /сотрудник отдела качества
180;Технологическое оборудование;распылители для желе и сиропов;распылители для желе и сиропов;распылители для желе и сиропов;;150;367;Производственное;мойка;;ХИМИТЕК ЧУДОДЕЙ®-КОМБИ-ПЕНАКТИВ;ручной (протирание);2,0 % – 3,0 % дозирующая система ProMax;18-20 °C;;промаркированный;1 раз в смену;сотрудник производства;визуальный контроль, химический контроль, микробиологический контроль /сотрудник отдела качества
180;Технологическое оборудование;распылители для желе и сиропов;распылители для желе и сиропов;распылители для желе и сиропов;;150;368;Производственное;дезинфекция;;ХИМИТЕК ПОЛИДЕЗ®-СУПЕР;ручной (протирание);0,02 % – 0,05 % (по НУК), дозирующая система ProMax;18-20 °C;20 мин;промаркированный;1 раз в смену;сотрудник производства;визуальный контроль, химический контроль, микробиологический контроль /сотрудник отдела качества
181;Технологическое оборудование;рентгеновские системы контроля;рентгеновские системы контроля;рентгеновские системы контроля;;150;369;Производственное;мойка;;ХИМИТЕК ЧУДОДЕЙ®-КОМБИ-ПЕНАКТИВ;ручной (протирание);2,0 % – 3,0 % дозирующая система ProMax;18-20 °C;;промаркированный;1 раз в смену;сотрудник производства;визуальный контроль, химический контроль, микробиологический контроль /сотрудник отдела качества
181;Технологическое оборудование;рентгеновские системы контроля;рентгеновские системы контроля;рентгеновские системы контроля;;150;370;Производственное;дезинфекция;;ХИМИТЕК ПОЛИДЕЗ®-СУПЕР;ручной (протирание);0,02 % – 0,05 % (по НУК), дозирующая система ProMax;18-20 °C;20 мин;промаркированный;1 раз в смену;сотрудник производства;визуальный контроль, химический контроль, микробиологический контроль /сотрудник отдела качества
182;Технологическое оборудование;слайсера;слайсеры;слайсеры;;150;371;Производственное;мойка;;ХИМИТЕК ЧУДОДЕЙ®-КОМБИ-ПЕНАКТИВ;ручной (протирание);2,0 % – 3,0 % дозирующая система ProMax;18-20 °C;;промаркированный;1 раз в смену;сотрудник производства;визуальный контроль, химический контроль, микробиологический контроль /сотрудник отдела качества
182;Технологическое оборудование;слайсера;слайсеры;слайсеры;;150;372;Производственное;дезинфекция;;ХИМИТЕК ПОЛИДЕЗ®-СУПЕР;ручной (протирание);0,02 % – 0,05 % (по НУК), дозирующая система ProMax;18-20 °C;20 мин;промаркированный;1 раз в смену;сотрудник производства;визуальный контроль, химический контроль, микробиологический контроль /сотрудник отдела качества
183;Технологическое оборудование;солодоварки;солодоварки;солодоварки;;150;373;Производственное;мойка;;ХИМИТЕК ЧУДОДЕЙ®-КОМБИ-ПЕНАКТИВ;ручной (протирание);2,0 % – 3,0 % дозирующая система ProMax;18-20 °C;;промаркированный;1 раз в смену;сотрудник производства;визуальный контроль, химический контроль, микробиологический контроль /сотрудник отдела качества
183;Технологическое оборудование;солодоварки;солодоварки;солодоварки;;150;374;Производственное;дезинфекция;;ХИМИТЕК ПОЛИДЕЗ®-СУПЕР;ручной (протирание);0,02 % – 0,05 % (по НУК), дозирующая система ProMax;18-20 °C;20 мин;промаркированный;1 раз в смену;сотрудник производства;визуальный контроль, химический контроль, микробиологический контроль /сотрудник отдела качества
184;Технологическое оборудование;тарталетницы;тарталетницы;тарталетницы;;150;375;Производственное;мойка;;ХИМИТЕК ЧУДОДЕЙ®-КОМБИ-ПЕНАКТИВ;ручной (протирание);2,0 % – 3,0 % дозирующая система ProMax;18-20 °C;;промаркированный;1 раз в смену;сотрудник производства;визуальный контроль, химический контроль, микробиологический контроль /сотрудник отдела качества
184;Технологическое оборудование;тарталетницы;тарталетницы;тарталетницы;;150;376;Производственное;дезинфекция;;ХИМИТЕК ПОЛИДЕЗ®-СУПЕР;ручной (протирание);0,02 % – 0,05 % (по НУК), дозирующая система ProMax;18-20 °C;20 мин;промаркированный;1 раз в смену;сотрудник производства;визуальный контроль, химический контроль, микробиологический контроль /сотрудник отдела качества
185;Технологическое оборудование;термощупы;термощупы;термощупы;;150;377;Производственное;мойка;;ХИМИТЕК ЧУДОДЕЙ®-КОМБИ-ПЕНАКТИВ;ручной (протирание);2,0 % – 3,0 % дозирующая система ProMax;18-20 °C;;промаркированный;1 раз в смену;сотрудник производства;визуальный контроль, химический контроль, микробиологический контроль /сотрудник отдела качества
185;Технологическое оборудование;термощупы;термощупы;термощупы;;150;378;Производственное;дезинфекция;;ХИМИТЕК ПОЛИДЕЗ®-СУПЕР;ручной (протирание);0,02 % – 0,05 % (по НУК), дозирующая система ProMax;18-20 °C;20 мин;промаркированный;1 раз в смену;сотрудник производства;визуальный контроль, химический контроль, микробиологический контроль /сотрудник отдела качества
186;Технологическое оборудование;тестоделители;тестоделители;тестоделители;;150;379;Производственное;мойка;;ХИМИТЕК ЧУДОДЕЙ®-КОМБИ-ПЕНАКТИВ;ручной (протирание);2,0 % – 3,0 % дозирующая система ProMax;18-20 °C;;промаркированный;1 раз в смену;сотрудник производства;визуальный контроль, химический контроль, микробиологический контроль /сотрудник отдела качества
186;Технологическое оборудование;тестоделители;тестоделители;тестоделители;;150;380;Производственное;дезинфекция;;ХИМИТЕК ПОЛИДЕЗ®-СУПЕР;ручной (протирание);0,02 % – 0,05 % (по НУК), дозирующая система ProMax;18-20 °C;20 мин;промаркированный;1 раз в смену;сотрудник производства;визуальный контроль, химический контроль, микробиологический контроль /сотрудник отдела качества
187;Технологическое оборудование;тестомесы;тестомесы;тестомесы;;150;381;Производственное;мойка;;ХИМИТЕК ЧУДОДЕЙ®-КОМБИ-ПЕНАКТИВ;ручной (протирание);2,0 % – 3,0 % дозирующая система ProMax;18-20 °C;;промаркированный;1 раз в смену;сотрудник производства;визуальный контроль, химический контроль, микробиологический контроль /сотрудник отдела качества
187;Технологическое оборудование;тестомесы;тестомесы;тестомесы;;150;382;Производственное;дезинфекция;;ХИМИТЕК ПОЛИДЕЗ®-СУПЕР;ручной (протирание);0,02 % – 0,05 % (по НУК), дозирующая система ProMax;18-20 °C;20 мин;промаркированный;1 раз в смену;сотрудник производства;визуальный контроль, химический контроль, микробиологический контроль /сотрудник отдела качества
188;Технологическое оборудование;тестоокруглители;тестоокруглители;тестоокруглители;;150;383;Производственное;мойка;;ХИМИТЕК ЧУДОДЕЙ®-КОМБИ-ПЕНАКТИВ;ручной (протирание);2,0 % – 3,0 % дозирующая система ProMax;18-20 °C;;промаркированный;1 раз в смену;сотрудник производства;визуальный контроль, химический контроль, микробиологический контроль /сотрудник отдела качества
188;Технологическое оборудование;тестоокруглители;тестоокруглители;тестоокруглители;;150;384;Производственное;дезинфекция;;ХИМИТЕК ПОЛИДЕЗ®-СУПЕР;ручной (протирание);0,02 % – 0,05 % (по НУК), дозирующая система ProMax;18-20 °C;20 мин;промаркированный;1 раз в смену;сотрудник производства;визуальный контроль, химический контроль, микробиологический контроль /сотрудник отдела качества
189;Технологическое оборудование;тестораскатки;тестораскатки;тестораскатки;;150;385;Производственное;мойка;;ХИМИТЕК ЧУДОДЕЙ®-КОМБИ-ПЕНАКТИВ;ручной (протирание);2,0 % – 3,0 % дозирующая система ProMax;18-20 °C;;промаркированный;1 раз в смену;сотрудник производства;визуальный контроль, химический контроль, микробиологический контроль /сотрудник отдела качества
189;Технологическое оборудование;тестораскатки;тестораскатки;тестораскатки;;150;386;Производственное;дезинфекция;;ХИМИТЕК ПОЛИДЕЗ®-СУПЕР;ручной (протирание);0,02 % – 0,05 % (по НУК), дозирующая система ProMax;18-20 °C;20 мин;промаркированный;1 раз в смену;сотрудник производства;визуальный контроль, химический контроль, микробиологический контроль /сотрудник отдела качества
190;Технологическое оборудование;ультразвуковые нарезки;ультразвуковые нарезки;ультразвуковые нарезки;;150;387;Производственное;мойка;;ХИМИТЕК ЧУДОДЕЙ®-КОМБИ-ПЕНАКТИВ;ручной (протирание);2,0 % – 3,0 % дозирующая система ProMax;18-20 °C;;промаркированный;1 раз в смену;сотрудник производства;визуальный контроль, химический контроль, микробиологический контроль /сотрудник отдела качества
190;Технологическое оборудование;ультразвуковые нарезки;ультразвуковые нарезки;ультразвуковые нарезки;;150;388;Производственное;дезинфекция;;ХИМИТЕК ПОЛИДЕЗ®-СУПЕР;ручной (протирание);0,02 % – 0,05 % (по НУК), дозирующая система ProMax;18-20 °C;20 мин;промаркированный;1 раз в смену;сотрудник производства;визуальный контроль, химический контроль, микробиологический контроль /сотрудник отдела качества
191;Технологическое оборудование;ферментаторы;ферментаторы;ферментаторы;;150;389;Производственное;мойка;;ХИМИТЕК ЧУДОДЕЙ®-КОМБИ-ПЕНАКТИВ;ручной (протирание);2,0 % – 3,0 % дозирующая система ProMax;18-20 °C;;промаркированный;1 раз в смену;сотрудник производства;визуальный контроль, химический контроль, микробиологический контроль /сотрудник отдела качества
191;Технологическое оборудование;ферментаторы;ферментаторы;ферментаторы;;150;390;Производственное;дезинфекция;;ХИМИТЕК ПОЛИДЕЗ®-СУПЕР;ручной (протирание);0,02 % – 0,05 % (по НУК), дозирующая система ProMax;18-20 °C;20 мин;промаркированный;1 раз в смену;сотрудник производства;визуальный контроль, химический контроль, микробиологический контроль /сотрудник отдела качества
192;Технологическое оборудование;шприц-дозатор начинки;шприц-дозатор начинки;шприц-дозатор начинки;;150;391;Производственное;мойка;;ХИМИТЕК ЧУДОДЕЙ®-КОМБИ-ПЕНАКТИВ;ручной (протирание);2,0 % – 3,0 % дозирующая система ProMax;18-20 °C;;промаркированный;1 раз в смену;сотрудник производства;визуальный контроль, химический контроль, микробиологический контроль /сотрудник отдела качества
192;Технологическое оборудование;шприц-дозатор начинки;шприц-дозатор начинки;шприц-дозатор начинки;;150;392;Производственное;дезинфекция;;ХИМИТЕК ПОЛИДЕЗ®-СУПЕР;ручной (протирание);0,02 % – 0,05 % (по НУК), дозирующая система ProMax;18-20 °C;20 мин;промаркированный;1 раз в смену;сотрудник производства;визуальный контроль, химический контроль, микробиологический контроль /сотрудник отдела качества
193;Упаковочное оборудование;flow pack;flow pack;flow pack;;160;393;Производственное;мойка;;ХИМИТЕК ЧУДОДЕЙ®-КОМБИ-ПЕНАКТИВ;ручной (протирание);2,0 % – 3,0 % дозирующая система ProMax;18-20 °C;;промаркированный;1 раз в смену;сотрудник производства;визуальный контроль, химический контроль, микробиологический контроль /сотрудник отдела качества
193;Упаковочное оборудование;flow pack;flow pack;flow pack;;160;394;Производственное;дезинфекция;;ХИМИТЕК ПОЛИДЕЗ®-СУПЕР;ручной (протирание);0,02 % – 0,05 % (по НУК), дозирующая система ProMax;18-20 °C;20 мин;промаркированный;1 раз в смену;сотрудник производства;визуальный контроль, химический контроль, микробиологический контроль /сотрудник отдела качества
194;Упаковочное оборудование;автоматическиеклипсаторы;автоматические клипсаторы;автоматические клипсаторы;;160;395;Производственное;мойка;;ХИМИТЕК ЧУДОДЕЙ®-КОМБИ-ПЕНАКТИВ;ручной (протирание);2,0 % – 3,0 % дозирующая система ProMax;18-20 °C;;промаркированный;1 раз в смену;сотрудник производства;визуальный контроль, химический контроль, микробиологический контроль /сотрудник отдела качества
194;Упаковочное оборудование;автоматическиеклипсаторы;автоматические клипсаторы;автоматические клипсаторы;;160;396;Производственное;дезинфекция;;ХИМИТЕК ПОЛИДЕЗ®-СУПЕР;ручной (протирание);0,02 % – 0,05 % (по НУК), дозирующая система ProMax;18-20 °C;20 мин;промаркированный;1 раз в смену;сотрудник производства;визуальный контроль, химический контроль, микробиологический контроль /сотрудник отдела качества
195;Упаковочное оборудование;вакуумные упаковщики;вакуумные упаковщики;вакуумные упаковщики;;160;397;Производственное;мойка;;ХИМИТЕК ЧУДОДЕЙ®-КОМБИ-ПЕНАКТИВ;ручной (протирание);2,0 % – 3,0 % дозирующая система ProMax;18-20 °C;;промаркированный;1 раз в смену;сотрудник производства;визуальный контроль, химический контроль, микробиологический контроль /сотрудник отдела качества
195;Упаковочное оборудование;вакуумные упаковщики;вакуумные упаковщики;вакуумные упаковщики;;160;398;Производственное;дезинфекция;;ХИМИТЕК ПОЛИДЕЗ®-СУПЕР;ручной (протирание);0,02 % – 0,05 % (по НУК), дозирующая система ProMax;18-20 °C;20 мин;промаркированный;1 раз в смену;сотрудник производства;визуальный контроль, химический контроль, микробиологический контроль /сотрудник отдела качества
196;Упаковочное оборудование;запайщики;запайщики;запайщики;;160;399;Производственное;мойка;;ХИМИТЕК ЧУДОДЕЙ®-КОМБИ-ПЕНАКТИВ;ручной (протирание);2,0 % – 3,0 % дозирующая система ProMax;18-20 °C;;промаркированный;1 раз в смену;сотрудник производства;визуальный контроль, химический контроль, микробиологический контроль /сотрудник отдела качества
196;Упаковочное оборудование;запайщики;запайщики;запайщики;;160;400;Производственное;дезинфекция;;ХИМИТЕК ПОЛИДЕЗ®-СУПЕР;ручной (протирание);0,02 % – 0,05 % (по НУК), дозирующая система ProMax;18-20 °C;20 мин;промаркированный;1 раз в смену;сотрудник производства;визуальный контроль, химический контроль, микробиологический контроль /сотрудник отдела качества
197;Упаковочное оборудование;принтера для этикеток;принтер для этикеток;принтер для этикеток;;160;401;Производственное;мойка;;ХИМИТЕК ЧУДОДЕЙ®-КОМБИ-ПЕНАКТИВ;ручной (протирание);2,0 % – 3,0 % дозирующая система ProMax;18-20 °C;;промаркированный;1 раз в смену;сотрудник производства;визуальный контроль, химический контроль, микробиологический контроль /сотрудник отдела качества
197;Упаковочное оборудование;принтера для этикеток;принтер для этикеток;принтер для этикеток;;160;402;Производственное;дезинфекция;;ХИМИТЕК ПОЛИДЕЗ®-СУПЕР;ручной (протирание);0,02 % – 0,05 % (по НУК), дозирующая система ProMax;18-20 °C;20 мин;промаркированный;1 раз в смену;сотрудник производства;визуальный контроль, химический контроль, микробиологический контроль /сотрудник отдела качества
198;Упаковочное оборудование;термоусадочные туннели;термоусадочные туннели;термоусадочные туннели;;160;403;Производственное;мойка;;ХИМИТЕК ЧУДОДЕЙ®-КОМБИ-ПЕНАКТИВ;ручной (протирание);2,0 % – 3,0 % дозирующая система ProMax;18-20 °C;;промаркированный;1 раз в смену;сотрудник производства;визуальный контроль, химический контроль, микробиологический контроль /сотрудник отдела качества
198;Упаковочное оборудование;термоусадочные туннели;термоусадочные туннели;термоусадочные туннели;;160;404;Производственное;дезинфекция;;ХИМИТЕК ПОЛИДЕЗ®-СУПЕР;ручной (протирание);0,02 % – 0,05 % (по НУК), дозирующая система ProMax;18-20 °C;20 мин;промаркированный;1 раз в смену;сотрудник производства;визуальный контроль, химический контроль, микробиологический контроль /сотрудник отдела качества
199;Упаковочное оборудование;этикетировщики;этикетировщики;этикетировщики;;160;405;Производственное;мойка;;ХИМИТЕК ЧУДОДЕЙ®-КОМБИ-ПЕНАКТИВ;ручной (протирание);2,0 % – 3,0 % дозирующая система ProMax;18-20 °C;;промаркированный;1 раз в смену;сотрудник производства;визуальный контроль, химический контроль, микробиологический контроль /сотрудник отдела качества
199;Упаковочное оборудование;этикетировщики;этикетировщики;этикетировщики;;160;406;Производственное;дезинфекция;;ХИМИТЕК ПОЛИДЕЗ®-СУПЕР;ручной (протирание);0,02 % – 0,05 % (по НУК), дозирующая система ProMax;18-20 °C;20 мин;промаркированный;1 раз в смену;сотрудник производства;визуальный контроль, химический контроль, микробиологический контроль /сотрудник отдела качества
